-- phpMyAdmin SQL Dump
-- version 2.11.9.1
-- http://www.phpmyadmin.net
--
-- Host: localhost
-- Generation Time: Nov 26, 2008 at 01:58 AM
-- Server version: 5.0.67
-- PHP Version: 5.2.6

SET SQL_MODE="NO_AUTO_VALUE_ON_ZERO";


/*!40101 SET @OLD_CHARACTER_SET_CLIENT=@@CHARACTER_SET_CLIENT */;
/*!40101 SET @OLD_CHARACTER_SET_RESULTS=@@CHARACTER_SET_RESULTS */;
/*!40101 SET @OLD_COLLATION_CONNECTION=@@COLLATION_CONNECTION */;
/*!40101 SET NAMES utf8 */;

--
-- Database: `aaccuco_coop`
--

-- --------------------------------------------------------

--
-- Table structure for table `about_us`
--

CREATE TABLE IF NOT EXISTS `about_us` (
  `about_us` int(11) NOT NULL auto_increment,
  `title` varchar(15) default NULL,
  `mem_name` varchar(250) default NULL,
  `possion` varchar(150) default NULL,
  `society_name` varchar(250) default NULL,
  `country` varchar(100) default NULL,
  `image` varchar(150) default NULL,
  `type` varchar(50) default NULL,
  `position` int(11) default NULL,
  `add_date` date default NULL,
  `edit_date` date default NULL,
  PRIMARY KEY  (`about_us`)
) ENGINE=InnoDB  DEFAULT CHARSET=latin1 AUTO_INCREMENT=30 ;

--
-- Dumping data for table `about_us`
--

INSERT INTO `about_us` (`about_us`, `title`, `mem_name`, `possion`, `society_name`, `country`, `image`, `type`, `position`, `add_date`, `edit_date`) VALUES
(1, 'Mr.', 'Oh- Man Kwon ', 'President', 'NACUFOK', '6', 'mr_ohman_kwon.gif', 'bod', 1, '2008-11-10', '2008-11-11'),
(2, 'Ms.', 'Norma Pereyras', 'First Vice President', 'NATCCO', '10', 'ms._norma_pereyras.gif', 'bod', 2, '2008-11-10', '2008-11-11'),
(3, 'Mr.', 'Chuang Chin-Sheng', 'Second Vice President ', 'CULROK', '65', 'mr._chuang_chinsheng.gif', 'bod', 3, '2008-11-10', '2008-11-11'),
(5, 'Mr.', ' M. Gunarathna Perera', 'Secretary', 'FTCCS', '11', 'mr._m._gunarathna.gif', 'bod', 4, '2008-11-10', '2008-11-11'),
(6, 'Mr.', 'Suriya Montripak', 'Treasurer ', 'CULT', '13', 'mr._suriya_montripak.gif', 'bod', 5, '2008-11-10', '2008-11-11'),
(7, 'Mr.', 'Ranjith Hettiarachchi', 'Chief Executive Officer', 'ACCU', '13', 'ranjith_hettiaracchi.jpg', 'bod', 6, '2008-11-10', '2008-11-11'),
(8, 'Mr.', 'Soung Karukomar', 'Project Coordinator', '', '16', '', 'ps', 1, '2008-11-11', '2008-11-11'),
(9, 'Mr.', 'Mikhael H. Jawa', 'Manager, Ende-Ngada', '', '4', '', 'ps', 2, '2008-11-11', '2008-11-11'),
(10, 'Mr.', 'Chanphet Bounvilay', 'Project Coordinator, Luang Prabang', '', '131', '', 'ps', 3, '2008-11-11', '2008-11-11'),
(11, 'Mr.', 'Kuber Niroula & Mr. Ram Babu Acharya', 'Field Officer', '', '8', '', 'ps', 1, '2008-11-11', '2008-11-11'),
(12, 'Mr.', 'Daisybelle Cabal', 'Management & Finance Specialist', 'NATCCO', '10', '', 'ps', 1, '2008-11-11', '2008-11-11'),
(13, 'Mr.', 'Carlos Samson', 'Management & Finance Specialist', 'PFCCO', '10', '', 'ps', 1, '2008-11-11', '2008-11-11'),
(14, 'Mr.', 'Ranjith Hettiarachchi', 'Chief Executive Officer', '', '13', 'ranjith_hettiaracchi_copy1.jpg', 'Staff', 1, '2008-11-11', '2008-11-14'),
(15, 'Ms.', 'Elenita V San Roque', 'Manager, Member Service', '', '13', 'elinita.jpg', 'Staff', 2, '2008-11-11', '2008-11-14'),
(16, 'Ms.', 'Samorn Toscha', 'Assistant Administrative Officer', '', '13', 'samorn.jpg', 'Staff', 3, '2008-11-11', '2008-11-14'),
(17, 'Mr.', 'Kamon Kiattisirikumpon', 'Program Assistant', '', '13', 'kamon.jpg', 'Staff', 4, '2008-11-11', '2008-11-14'),
(18, 'Ms.', 'Porramaphorn Artrit', 'Secretary Programs', '', '13', 'paramara.jpg', 'Staff', 5, '2008-11-11', '2008-11-14'),
(19, 'Mr.', 'Seksan Seenil', 'Office Assistant ', '', '13', 'bom_copy1.jpg', 'Staff', 6, '2008-11-11', '2008-11-14'),
(21, 'Mr.', 'Munaldus Munal', '.', 'CUCO', '4', '', 'ALMI', 2, '2008-11-11', '2008-11-11'),
(22, 'Mr.', 'M. Annamalai', '.', 'WCCS', '7', '', 'ALMI', 3, '2008-11-11', '2008-11-11'),
(23, 'Mr.', 'Cresente Paez & Ms. Daisybelle Cabal', '.', 'NATCCO', '10', '', 'ALMI', 4, '2008-11-11', '2008-11-11'),
(24, 'Mr.', 'David J. Pajaron, Jr.', '.', 'PFCCO', '10', '', 'ALMI', 5, '2008-11-11', '2008-11-11'),
(25, 'Ms.', 'Shoba Gunasekaran', '.', 'TCC', '23', '', 'ALMI', 6, '2008-11-11', '2008-11-11'),
(26, 'Ms.', 'Veerayut Ruchirek', '.', 'CULT', '13', '', 'ALMI', 7, '2008-11-11', '2008-11-11'),
(27, 'Mr.', 'Ratan F. Costa', '.', 'CCULB', '1', '', 'ALMI', 1, '2008-11-11', '2008-11-11'),
(28, 'Mr.', 'Romel Hubert Cruze', 'Project Coordinator (ACCESS)', '', '1', '', 'ps', 1, '2008-11-11', '2008-11-11'),
(29, 'Mr.', 'Hubert Sukumar Palma', 'Project Coordinator (CUMI)', '', '1', '', 'ps', 1, '2008-11-11', '2008-11-11');

-- --------------------------------------------------------

--
-- Table structure for table `admin`
--

CREATE TABLE IF NOT EXISTS `admin` (
  `adminId` int(11) NOT NULL auto_increment,
  `userName` varchar(50) NOT NULL,
  `pass` varchar(20) NOT NULL,
  `email` varchar(50) NOT NULL,
  PRIMARY KEY  (`adminId`)
) ENGINE=InnoDB  DEFAULT CHARSET=latin1 AUTO_INCREMENT=2 ;

--
-- Dumping data for table `admin`
--

INSERT INTO `admin` (`adminId`, `userName`, `pass`, `email`) VALUES
(1, 'Admin', '123', 'sandunchanaka@gmail.com');

-- --------------------------------------------------------

--
-- Table structure for table `contactperson`
--

CREATE TABLE IF NOT EXISTS `contactperson` (
  `contact_person_id` int(11) NOT NULL auto_increment,
  `member_id` int(11) NOT NULL,
  `title` varchar(50) NOT NULL,
  `contact_person` varchar(150) default NULL,
  `post` varchar(100) default NULL,
  `contact_address` varchar(250) default NULL,
  `telephone` varchar(150) default NULL,
  `fax` varchar(150) default NULL,
  `email` varchar(150) default NULL,
  `url` varchar(150) default NULL,
  `add_date` date default NULL,
  `update_date` date default NULL,
  PRIMARY KEY  (`contact_person_id`)
) ENGINE=InnoDB  DEFAULT CHARSET=latin1 AUTO_INCREMENT=69 ;

--
-- Dumping data for table `contactperson`
--

INSERT INTO `contactperson` (`contact_person_id`, `member_id`, `title`, `contact_person`, `post`, `contact_address`, `telephone`, `fax`, `email`, `url`, `add_date`, `update_date`) VALUES
(1, 1, 'Mr.', 'Ratan F. Costa', 'General Manager', '', '', '', '', '', '2008-11-03', NULL),
(2, 17, 'Mr.', 'Mr. John Baistow', 'Chairman', 'Level 1, 1 Magaret Street, Sydney NSW 2000,Australia.', '(61)-2-82999059', '(61)-2-82999606', 'pmason@cuscal.com.au', 'www.cufa.com.au', '2008-11-03', NULL),
(3, 17, 'Mr.', 'Peter Mason', 'Executive Officer', 'Level 1, 1 Magaret Street, Sydney NSW 2000,Australia.', '(61)-2-82999059', '(61)-2-82999606', 'pmason@cuscal.com.au', 'www.cufa.com.au', '2008-11-03', NULL),
(4, 34, 'Mr.', 'Steve James', 'Chief Executive', 'No. 28-38 Powell Street, Homebush, NSW 2140,\r\nAustralia', '(61)-2-97359100', '(61)-2-97467693', 'enquiry@teachercreditunion.com.au', 'www.teachercreditunion.com.au', '2008-11-03', NULL),
(5, 2, 'Mr.', 'Lee Yuen Cheong', 'Senior Manager', '', '', '', '', '', '2008-11-03', NULL),
(6, 18, 'Mr.', 'Pech Heour', 'President', 'Romchek 5, Ratanak commune, Battambang\r\ndistrict, Battambang province, Cambodia.', '(855)-53-952958', '(855)-53-730214', 'ccsf@online.com.kh', 'www.ccsf-cambodia.com', '2008-11-03', NULL),
(7, 18, 'Mrs.', 'Phal Pisey', 'Chief Executive Officer', 'Romchek 5, Ratanak commune, Battambang\r\ndistrict, Battambang province, Cambodia.', '(855)-53-952958', '(855)-53-730214', 'ccsf@online.com.kh', 'www.ccsf-cambodia.com', '2008-11-03', NULL),
(8, 35, 'Mr.', 'Neil Peninton', 'Chairman', 'Quad 2, Level 2, 8 Parkview Drive, Sydney\r\nOlympic Park, Homebush Bay, NSW 2127, Australia', '(61)-2-8736222', '(61)-2-87362224', 'service@selectcu.com.au', 'www.selectcu.com.au', '2008-11-03', NULL),
(9, 35, 'Mr.', 'Mark Worthington', 'Chief Executive', 'Quad 2, Level 2, 8 Parkview Drive, Sydney\r\nOlympic Park, Homebush Bay, NSW 2127, Australia', '(61)-2-8736222', '(61)-2-87362224', 'service@selectcu.com.au', 'www.selectcu.com.au', '2008-11-03', NULL),
(10, 19, 'Dr.', 'Christian Konrad', 'President', 'Adnauerallee 121, 53113 Bonn, Federal Republic of Germany', '(49)-228-8861364', '(49)-228-8861356', 'iru@raiffeisen.de', 'www.iru.de', '2008-11-03', NULL),
(11, 19, 'Dr.', 'Paul Armbruster', 'Head of the International Relations Department of the German Cooperative and Raiffeisen Confederatio', 'Adnauerallee 121, 53113 Bonn, Federal Republic of Germany', '(49)-228-8861364', '(49)-228-8861356', 'iru@raiffeisen.de', 'www.iru.de', '2008-11-03', NULL),
(12, 36, 'Mr.', 'Ashley Jenning', 'Chief Executive Officer', 'No. 277 Clarence Street, Sydney 2000\r\nAustralia', '', '(61)-2-96782181', 'ajjennings@sydneycu.com.au ;', 'www.sydneycu.com.au', '2008-11-03', NULL),
(13, 20, 'Mr.', 'Sukhathirtha', 'Chairman', '“Joseph Centre”, 60, Officer’s colony III Street,Mehta Nagar, Aminjikarai, Chennai 600 029, India', '(91)-44-23744645, (91)-44-23744647', '(91)-44-23745471', 'dpgsulo@md2.vsnl.net.in', 'www.dpgsulo.com', '2008-11-03', NULL),
(14, 20, 'Mr.', 'R. Bhakther Solomon', 'Chief Executive Officer', '“Joseph Centre”, 60, Officer’s colony III Street,Mehta Nagar, Aminjikarai, Chennai 600 029, India', '(91)-44-23744645, (91)-44-23744647', '(91)-44-23745471', 'dpgsulo@md2.vsnl.net.in', 'www.dpgsulo.com', '2008-11-03', NULL),
(16, 37, 'Mr.', 'Peter Challis', 'Chief Executive Officer', 'No. 11 Stanley Street, Wodonga, Victoria 3690,\r\nAustralia', '(61)-2-60228411', '(61)-2-60228400', 'floor1@wawcu.com.au', 'www.wawcu.com.au', '2008-11-03', NULL),
(17, 39, 'Mr.', 'Amu Lanu Alexpo Lingu', 'Chairman', 'JL. Tjilik Riwut Km. 1, No. 32A, Palangka Raya\r\n73112, Kalimantan, Tengah, Indonesia', '(62)-536-3234994', '(62)-536-3234994', 'CU_Betangasi@yahoo.co.id', '', '2008-11-03', NULL),
(18, 59, 'Mr.', 'Lalit Gandhi', 'President-e', 'Business House, 1677, E, Main Road,10th Lane Rajarampuri, Kolhapur 416 008 Mumbai, Maharashtra, India,', '(91)-231-2525251', '(91)-231-2522201', 'lallettgandhi@yahoo.com ; Info@naccfedindia.com', 'www.naccfedindia.com', '2008-11-03', NULL),
(19, 40, 'Mr.', 'Johanes Moser', 'Chairman', 'Desa Menyumbung, Kecamatan Hulu Sungai,\r\nKabupaten Ketapang 78871, Indonesia', '', '', '', '', '2008-11-03', NULL),
(20, 22, 'Mr.', 'Abbas Samimi', 'Managing Director', 'No. 20 Nader Alley, Dr. Beheshty and Valiaser Street Intersection, Tehran 15116, Irang', '(98)-21-88555847', '(98)-21-88555847', 'arrokhi@yahoo.com ; 777co@parsonline.net', '', '2008-11-03', NULL),
(21, 23, 'Mr.', 'Abbas Samimipi', 'President', 'No. 4 Gandhi 15th, Gandhi Avenue, Tehran, Iran.', '(98)-21-88793494', '(98)-21-82072094', 'info@samentaavoni.ir', 'www.samentaavoni.ir', '2008-11-03', NULL),
(22, 3, 'Mr.', 'Girish Vishnu Tulpule', 'General Secretary', '', '', '', '', '', '2008-11-03', NULL),
(23, 41, 'Mr.', 'Munaldus', 'Chairman', 'Jln. Sekadau-Sintang, Km 27, Kabupaten\r\nSekadau, Kalimantan 78582, Indonesia', '(62)-564-41415', '(62)-536-3234994', 'cukk93@gmail.com', 'www.kelingkumang.com', '2008-11-03', NULL),
(24, 41, 'Mr.', 'Yohanes RJ', 'General Manager', 'Jln. Sekadau-Sintang, Km 27, Kabupaten\r\nSekadau, Kalimantan 78582, Indonesia', '(62)-564-41415', '(62)-536-3234994', 'cukk93@gmail.com', 'www.kelingkumang.com', '2008-11-03', NULL),
(25, 24, 'Mr.', 'Takashi Handa', 'Planning, International Department', 'No. 2 - 5 - 15 Kanda Surugadai , Chiyoda - ku,Tokyo 101 - 0062, Japan', '(81)-33-2956735', '(81)-33-2956751', 'takashi_handa@ho.rokinbank.or.jp', '', '2008-11-03', NULL),
(26, 42, 'Mr.', 'Stephanus Godang', 'Chairman', 'Jalan Pancasila, No. 4 Pusat Damai 78561,\r\nKecamatan Parindu, Kabupaten Sanggau, Kalimantan\r\nBarat (West), Indonesia', '(62)-564-23021, (62)-564-24065', '(62)-564-22784', 'culantangtipo@yahoo.co.id', 'www.lantangtipo.org', '2008-11-03', NULL),
(27, 42, 'Mr.', 'Tarsisius', 'Chief Executive Officer', 'Jalan Pancasila, No. 4 Pusat Damai 78561,\r\nKecamatan Parindu, Kabupaten Sanggau, Kalimantan\r\nBarat (West), Indonesia', '(62)-564-23021, (62)-564-24065', '(62)-564-22784', 'culantangtipo@yahoo.co.id', 'www.lantangtipo.org', '2008-11-03', NULL),
(28, 25, 'Mr.', 'Dorasami Bruneau', 'President-xbitm', '8th Floor, Meem Tower, Dechartres Street, Port Louis, Mauritius', '(230)-2124380; (230)-2133292bitm', '(230)-2102418', 'macoscle@intnet.mu', 'www.mycreditunions.net', '2008-11-03', NULL),
(29, 43, 'Mr.', 'A. Ayau', 'Manager', 'Desa Semcindany Kanan, Keeamaten\r\nKetuapangy 78854, Kalimantan Barat (West), Indonesia', '(62)-121-30213', '', '', '', '2008-11-03', NULL),
(30, 26, 'Mr.', 'Ashok Ram', 'President', 'No. 510 Morcellement Coop, Bonne Terre,Solferino Vacoas, Mauritiusxbitm', '(230)-6984072', '(230)-6984072', 'macoscle@intnet.mu', '', '2008-11-03', NULL),
(31, 26, 'Ms.', 'Kamla Gunness Purmessur', 'General Managerg', 'No. 510 Morcellement Coop, Bonne Terre,Solferino Vacoas, Mauritiusxbitm.', '(230)-6984072', '(230)-6984072', 'macoscle@intnet.mu', '', '2008-11-03', NULL),
(33, 27, 'Mr.', 'Gookhuu. Sh', 'Chairman', 'Room 110, Tavan bogd Plaza, Prima Minister Amar’s Street-2, Ulaanbaatar 210620A, Mongolia', '(967)-70-110148', '(976)-11-325510', 'office@moccu.mn ; moccu@moccu.mn', '', '2008-11-03', NULL),
(34, 44, 'Mr.', 'Norberta Yati Lantok', 'Chairman', 'Jl. Gusti Situt Mahmud, Gg. Selat Sumba III,\r\nPontianak, Kalimantan, Indonesia', '(62)-561-881951', '(62)-561-883275', 'pancurkasih@ptk.centrin.net.id , cupkindo@plasa.com', '', '2008-11-03', NULL),
(35, 27, 'Mr.', 'D. Enkhtuvshin', 'Board', 'Room 110, Tavan bogd Plaza, Prima Minister Amar&#65533;s Street-2, Ulaanbaatar 210620A, Mongolia', '(967)-70-110148', '(976)-11-3255104', 'office@moccu.mn ; moccu@moccu.mn', '', '2008-11-03', '2008-11-03'),
(36, 28, 'Dr.', 'Tika Pokharel', 'President', 'P.O. Box: 2223, Gairi Tole, Basundhara,Kathmandu-3 Nepal', '(977)-1-4376100', '(977)-1-4372134', 'usccn@ecomail.co.np', 'www.uscnepal.org', '2008-11-03', NULL),
(37, 28, 'Mr.', 'Shree Ram Shrestha', 'Country Directorara', 'P.O. Box: 2223, Gairi Tole, Basundhara,Kathmandu-3,Nepal', '(977)-1-4376100', '(977)-1-4372134', 'usccn@ecomail.co.np', 'www.uscnepal.org', '2008-11-03', NULL),
(38, 44, 'Mr.', 'Suardi, SH', 'General Manager', 'Jl. Gusti Situt Mahmud, Gg. Selat Sumba III,\r\nPontianak, Kalimantan, Indonesia', '(62)-561-881951', '(62)-561-883275', 'pancurkasih@ptk.centrin.net.id , cupkindo@plasa.com', '', '2008-11-03', NULL),
(39, 29, 'Mr.', 'Anthony Jalal', 'Chairmanb', 'Plot No. SB-2/57, Raymond Street, Opp.Cambridge Computer Mall, Saddar, Karachi, Pakistan', '(92)-21-2781782, (92)-21-2782328', '(92)-21-2782328', 'css@cyber.net.pk ; css4all@hotmail.com ; css4all@yahoo.com', 'www.csspk.org', '2008-11-03', NULL),
(40, 29, 'Mr.', 'Yaqub Arhad', 'Executive Secretarym', 'Plot No. SB-2/57, Raymond Street, Opp.Cambridge Computer Mall, Saddar, Karachi, Pakistan', '(92)-21-2781782, (92)-21-2782328', '(92)-21-2782328', 'css@cyber.net.pk ; css4all@hotmail.com ; css4all@yahoo.com', 'www.csspk.org', '2008-11-03', NULL),
(41, 45, 'Mr.', 'Redemptus Musa', 'Chairman', 'JL. S. Parman, Gang, Sukajadi Dalam, No. 9,\r\nKetapang 78813, Kalimantan Barat (West), Indonesia', '(62)-534-3036677', '(62)-534-3036677', 'redemptus_musa@yahoo.com', '', '2008-11-03', NULL),
(42, 61, 'Mr.', 'Vladimir V. Mamaev', 'Chairman', 'No. 62 Lenin Street, Khabarovsk 680013, Russia', '(7)-4212-424809', '(7)-4212-424810', 'creditunion@mail.kht.ru ; credit@kmscom.ru', 'www.acufez.ru', '2008-11-03', '2008-11-03'),
(43, 61, 'Ms.', 'Ekaterina V. Ovchinnikova', 'General Directoro', 'No. 62 Lenin Street, Khabarovsk 680013, Russia', '(7)-4212-424809', '(7)-4212-424810', 'creditunion@mail.kht.ru ; credit@kmscom.ru', 'www.acufez.ru', '2008-11-03', NULL),
(44, 46, 'Mr.', 'Hermanus', 'Chairman', 'Jalan Pancasila, No. 4 Pusat Damai 78561,\r\nKecamatan Parindu, Kabupaten Sanggau, Kalimantan\r\nBarat, Indonesia', '(62)-565-24662', '', '', '', '2008-11-03', NULL),
(45, 46, 'Mr.', 'Dorani', 'General Manager', 'Jalan Pancasila, No. 4 Pusat Damai 78561,\r\nKecamatan Parindu, Kabupaten Sanggau, Kalimantan\r\nBarat, Indonesia', '(62)-565-24662', '', '', '', '2008-11-03', NULL),
(46, 62, 'Mr.', 'Seah Kian Peng', 'Chairman', 'No. 510 Thomson Road #12-02 SLF Building S,298135, Singapore.', '(65)-62-590077', '(65)-62-99577', 'sncf@sncf.org.sg', '', '2008-11-04', NULL),
(47, 62, 'Mr.', 'Zulkifli Bin Mohammed', 'Chief Executive', 'No. 510 Thomson Road #12-02 SLF Building S,298135, Singapore', '(65)-62-590077', '(65)-62-99577', 'sncf@sncf.org.sg', '', '2008-11-04', NULL),
(48, 47, 'Mr.', 'B. Pinarko', 'Chairman', 'JL. Tran Kalimantan, No. 25 Balai, Semandung,\r\nKec, Simpang, Hulu, Ketapang 78854, Kalimantan,\r\nIndonesia', '(62)-564-23021', '(62)-564-22784', 'redemptus_musa@yahoo.com', '', '2008-11-04', NULL),
(49, 48, 'Mr.', 'Oktavianus Ladjar', 'Manager', 'JL. Barombot, No. 37 RT 34 Ampah, Keg Dusun\r\nTengah, Kab, Bariteo, Timur Kodepos 73652, Central\r\nKalimantan, Indonesia', '(62)-522-31612', '(62)-522-31886', 'cusumberrejeki.ampah@yahoo.com', '', '2008-11-04', NULL),
(50, 49, 'Mr.', 'Norbertus, Drs', 'Chairman', 'Putussibau City A. Yani Street yth. Kapuas\r\nHulu, Kalimantan Barat, Indonesia', '(62)-567-22468', '(62)-567-22469', 'cu_tilungjaya@yahoo.co.id', '', '2008-11-04', NULL),
(51, 49, 'Mr.', 'Yohanes Gansa', 'Manager', 'Putussibau City A. Yani Street yth. Kapuas\r\nHulu, Kalimantan Barat, Indonesia', '(62)-567-22468', '(62)-567-22469', 'cu_tilungjaya@yahoo.co.id', '', '2008-11-04', NULL),
(52, 4, 'Mr.', 'Abat Elias', 'SE-General Manager', '', '', '', '', '', '2008-11-04', NULL),
(53, 53, 'Ms.', 'Cristina B. Naigan', 'General Manager', 'Plobacion, Bocaue, Bulacan, Philippines', '(63)-44-6922367 , (63)-44-6921707', '(63)-44-6922870', '', '', '2008-11-04', NULL),
(54, 66, 'Mr.', 'Pramual Plengrasamee', 'President', 'No. 134 Soi Prachasomgkroh 24, Dindaeng,\r\nBangkok 10320, Thailand', '(66)-2-2773468', '(66)-2-2754771', '', '', '2008-11-04', NULL),
(55, 66, 'Mrs.', 'Hatairat Munhanon', 'Manager', 'No. 134 Soi Prachasomgkroh 24, Dindaeng,\r\nBangkok 10320, Thailand', '(66)-2-2773468', '(66)-2-2754771', '', '', '2008-11-04', NULL),
(56, 7, 'Mr.', 'R. Gopal Singam', 'General Manager', '', '', '', '', '', '2008-11-04', NULL),
(57, 8, 'Mr.', 'Kuber Niroula', 'Acting Chief Executive Officer', '', '', '', '', '', '2008-11-04', NULL),
(58, 9, 'Mr.', 'Paulus Laveil', 'Managing Director', '', '', '', '', '', '2008-11-04', NULL),
(59, 10, 'Mr.', 'David J. Pajaron Jr', 'General Manager', '', '', '', '', '', '2008-11-04', NULL),
(60, 11, 'Mr.', 'Cresente C. Paez', 'President /Chief Executive Officer', '', '', '', '', '', '2008-11-04', NULL),
(61, 12, 'Mr.', 'L.B. Dasanayaka', 'General Manager', '', '', '', '', '', '2008-11-05', NULL),
(62, 13, 'Mr.', 'Ko, Yen-Hui', 'Chief Executive Officer', '', '', '', '', '', '2008-11-05', NULL),
(63, 14, 'Mr.', 'Dabchai Jaisusuk', 'Acting General Manager', '', '', '', '', '', '2008-11-05', NULL),
(64, 15, 'Mr.', 'Anan Chatrupracheewin', 'General Manager', '', '', '', '', '', '2008-11-05', NULL),
(65, 16, 'Mr.', 'Do Manh Hung', 'General Director', '', '', '', '', '', '2008-11-05', NULL),
(66, 21, 'Mr.', 'Abbas Samimi', 'President', '', '', '', '', '', '2008-11-05', NULL),
(67, 21, 'Mr.', 'M.H. Tavakoli', 'Board Member & Managing Director', '', '', '', '', '', '2008-11-05', NULL),
(68, 6, 'Mr.', 'Jong-jun Park', 'Chief Executive Officer', '', '', '', '', '', '2008-11-14', NULL);

-- --------------------------------------------------------

--
-- Table structure for table `country`
--

CREATE TABLE IF NOT EXISTS `country` (
  `country_id` int(11) NOT NULL auto_increment,
  `country_name` varchar(100) NOT NULL,
  `country_flag` varchar(150) NOT NULL,
  `added_date` date NOT NULL,
  `updated_date` date NOT NULL,
  PRIMARY KEY  (`country_id`)
) ENGINE=InnoDB  DEFAULT CHARSET=latin1 AUTO_INCREMENT=240 ;

--
-- Dumping data for table `country`
--

INSERT INTO `country` (`country_id`, `country_name`, `country_flag`, `added_date`, `updated_date`) VALUES
(1, 'Bangladesh', 'bangladesh.png', '2008-10-07', '2008-10-07'),
(2, 'Hong Kong', 'hong_kong.png', '2008-10-07', '2008-10-07'),
(3, 'India', 'india.png', '2008-10-07', '2008-10-07'),
(4, 'Indonesia', 'indonesia.png', '2008-10-07', '2008-10-07'),
(5, 'Japan', 'japan.gif', '2008-10-07', '2008-10-07'),
(6, 'Korea', 'korea.gif', '2008-10-07', '2008-10-07'),
(7, 'Malaysia', 'malaysia.png', '2008-10-07', '2008-10-07'),
(8, 'Nepal', 'nepal_copy1.gif', '2008-10-07', '2008-10-28'),
(9, 'Papau New Guinea', 'papuwanewguinea.gif', '2008-10-07', '2008-10-07'),
(10, 'Philippines', 'philippines.png', '2008-10-07', '2008-10-07'),
(11, 'Sri lanka', 'sri_lanka.png', '2008-10-07', '2008-10-07'),
(12, 'Taiwan R.O.C', 'taiwan.png', '2008-10-07', '2008-10-07'),
(13, 'Thailand', 'thailand.png', '2008-10-07', '2008-10-07'),
(14, 'Vietnam', 'vietnam.png', '2008-10-07', '2008-10-07'),
(15, 'Australia', 'australia.gif', '2008-10-07', '2008-10-07'),
(16, 'Cambodia', 'cambodia.gif', '2008-10-07', '2008-10-07'),
(17, 'Germany', 'germany.gif', '2008-10-07', '2008-10-07'),
(18, 'Iran', 'iran.gif', '2008-10-07', '2008-10-07'),
(19, 'Mauritius', 'mauritius.gif', '2008-10-07', '2008-10-07'),
(20, 'Mongolia', 'mongolia.gif', '2008-10-07', '2008-10-07'),
(21, 'Pakistan', 'pakistan.gif', '2008-10-07', '2008-10-07'),
(22, 'Russia', 'russia.gif', '2008-10-07', '2008-10-07'),
(23, 'Singapore', 'singapore.gif', '2008-10-07', '2008-10-07'),
(24, 'USA', 'usa.gif', '2008-10-07', '2008-10-07'),
(25, 'Afghanistan', '', '2008-11-10', '2008-11-10'),
(26, 'Albania', '', '2008-11-10', '2008-11-10'),
(27, 'Algeria', '', '2008-11-10', '2008-11-10'),
(28, 'American Samoa ', '', '2008-11-10', '2008-11-10'),
(29, 'Andorra', '', '2008-11-10', '2008-11-10'),
(30, 'Angola', '', '2008-11-10', '2008-11-10'),
(31, 'Anguilla', '', '2008-11-10', '2008-11-10'),
(32, 'Antarctica', '', '2008-11-10', '2008-11-10'),
(33, 'Antigua and Barbuda', '', '2008-11-10', '2008-11-10'),
(34, 'Argentina', '', '2008-11-10', '2008-11-10'),
(35, 'Armenia', '', '2008-11-10', '2008-11-10'),
(36, 'Aruba', '', '2008-11-10', '2008-11-10'),
(37, 'Austria', '', '2008-11-10', '2008-11-10'),
(38, 'Azerbaijan', '', '2008-11-10', '2008-11-10'),
(39, 'Bahamas', '', '2008-11-10', '2008-11-10'),
(40, 'Bahrain', '', '2008-11-10', '2008-11-10'),
(41, 'Barbados', '', '2008-11-10', '2008-11-10'),
(42, 'Belarus', '', '2008-11-10', '2008-11-10'),
(43, 'Belgium', '', '2008-11-10', '2008-11-10'),
(44, 'Belize', '', '2008-11-10', '2008-11-10'),
(45, 'Benin', '', '2008-11-10', '2008-11-10'),
(46, 'Bermuda', '', '2008-11-10', '2008-11-10'),
(47, 'Bhutan', '', '2008-11-10', '2008-11-10'),
(48, 'Bolivia', '', '2008-11-10', '2008-11-10'),
(49, 'Bosnia and Herzegowina', '', '2008-11-10', '2008-11-10'),
(50, 'Botswana', '', '2008-11-10', '2008-11-10'),
(51, 'Bouvet Island', '', '2008-11-10', '2008-11-10'),
(52, 'Brazil', '', '2008-11-10', '2008-11-10'),
(53, 'British Indian Ocean Territory', '', '2008-11-10', '2008-11-10'),
(54, 'Brunei Darussalam ', '', '2008-11-10', '2008-11-10'),
(55, 'Bulgaria', '', '2008-11-10', '2008-11-10'),
(56, 'Burkina Faso', '', '2008-11-10', '2008-11-10'),
(57, 'Burundi', '', '2008-11-10', '2008-11-10'),
(58, 'Cameroon', '', '2008-11-10', '2008-11-10'),
(59, 'Canada', '', '2008-11-10', '2008-11-10'),
(60, 'Cape Verde', '', '2008-11-10', '2008-11-10'),
(61, 'Cayman Islands', '', '2008-11-10', '2008-11-10'),
(62, 'Central African Republic', '', '2008-11-10', '2008-11-10'),
(63, 'Chad', '', '2008-11-10', '2008-11-10'),
(64, 'Chile', '', '2008-11-10', '2008-11-10'),
(65, 'China', '', '2008-11-10', '2008-11-10'),
(66, 'Christmas Island ', '', '2008-11-10', '2008-11-10'),
(67, 'Cocos (Keeling) Islands', '', '2008-11-10', '2008-11-10'),
(68, 'Colombia', '', '2008-11-10', '2008-11-10'),
(69, 'Comoros', '', '2008-11-10', '2008-11-10'),
(70, 'Congo', '', '2008-11-10', '2008-11-10'),
(71, 'Congo, the Democratic Republic of the', '', '2008-11-10', '2008-11-10'),
(72, 'Cook Islands', '', '2008-11-10', '2008-11-10'),
(73, 'Costa Rica', '', '2008-11-10', '2008-11-10'),
(74, 'Cote d''Ivoire', '', '2008-11-10', '2008-11-10'),
(75, 'Croatia (Hrvatska)', '', '2008-11-10', '2008-11-10'),
(76, 'Cuba', '', '2008-11-10', '2008-11-10'),
(77, 'Cyprus', '', '2008-11-10', '2008-11-10'),
(78, 'Czech Republic', '', '2008-11-10', '2008-11-10'),
(79, 'Denmark', '', '2008-11-10', '2008-11-10'),
(80, 'Djibouti', '', '2008-11-10', '2008-11-10'),
(81, 'Dominica', '', '2008-11-10', '2008-11-10'),
(82, 'Dominican Republic', '', '2008-11-10', '2008-11-10'),
(83, 'East Timor', '', '2008-11-10', '2008-11-10'),
(84, 'Ecuador', '', '2008-11-10', '2008-11-10'),
(85, 'Egypt', '', '2008-11-10', '2008-11-10'),
(86, 'El Salvador', '', '2008-11-10', '2008-11-10'),
(87, 'Equatorial Guinea', '', '2008-11-10', '2008-11-10'),
(88, 'Eritrea', '', '2008-11-10', '2008-11-10'),
(89, 'Estonia', '', '2008-11-10', '2008-11-10'),
(90, 'Ethiopia', '', '2008-11-10', '2008-11-10'),
(91, 'Falkland Islands (Malvinas) ', '', '2008-11-10', '2008-11-10'),
(92, 'Faroe Islands', '', '2008-11-10', '2008-11-10'),
(93, 'Fiji', '', '2008-11-10', '2008-11-10'),
(94, 'Finland', '', '2008-11-10', '2008-11-10'),
(95, 'France', '', '2008-11-10', '2008-11-10'),
(96, 'France, Metropolitan', '', '2008-11-10', '2008-11-10'),
(97, 'French Guiana', '', '2008-11-10', '2008-11-10'),
(98, 'French Polynesia', '', '2008-11-10', '2008-11-10'),
(99, 'French Southern Territories', '', '2008-11-10', '2008-11-10'),
(100, 'Gabon', '', '2008-11-10', '2008-11-10'),
(101, 'Gambia', '', '2008-11-10', '2008-11-10'),
(102, 'Georgia', '', '2008-11-10', '2008-11-10'),
(103, 'Ghana', '', '2008-11-10', '2008-11-10'),
(104, 'Gibraltar', '', '2008-11-10', '2008-11-10'),
(105, 'Greece', '', '2008-11-10', '2008-11-10'),
(106, 'Greenland', '', '2008-11-10', '2008-11-10'),
(107, 'Grenada', '', '2008-11-10', '2008-11-10'),
(108, 'Guadeloupe', '', '2008-11-10', '2008-11-10'),
(109, 'Guam', '', '2008-11-10', '2008-11-10'),
(110, 'Guatemala', '', '2008-11-10', '2008-11-10'),
(111, 'Guinea', '', '2008-11-10', '2008-11-10'),
(112, 'Guinea-Bissau ', '', '2008-11-10', '2008-11-10'),
(113, 'Guyana', '', '2008-11-10', '2008-11-10'),
(114, 'Haiti', '', '2008-11-10', '2008-11-10'),
(115, 'Heard and Mc Donald Islands', '', '2008-11-10', '2008-11-10'),
(116, 'Holy See (Vatican City State)', '', '2008-11-10', '2008-11-10'),
(117, 'Honduras', '', '2008-11-10', '2008-11-10'),
(118, 'Hungary ', '', '2008-11-10', '2008-11-10'),
(119, 'Iceland', '', '2008-11-10', '2008-11-10'),
(120, 'Iraq', '', '2008-11-10', '2008-11-10'),
(121, 'Ireland', '', '2008-11-10', '2008-11-10'),
(122, 'Israel', '', '2008-11-10', '2008-11-10'),
(123, 'Italy', '', '2008-11-10', '2008-11-10'),
(124, 'Jamaica', '', '2008-11-10', '2008-11-10'),
(125, 'Jordan', '', '2008-11-10', '2008-11-10'),
(126, 'Kazakhstan', '', '2008-11-10', '2008-11-10'),
(127, 'Kenya', '', '2008-11-10', '2008-11-10'),
(128, 'Kiribati', '', '2008-11-10', '2008-11-10'),
(129, 'Kuwait', '', '2008-11-10', '2008-11-10'),
(130, 'Kyrgyzstan', '', '2008-11-10', '2008-11-10'),
(131, 'Lao People''s Democratic Republic ', '', '2008-11-10', '2008-11-10'),
(132, 'Latvia', '', '2008-11-10', '2008-11-10'),
(133, 'Lebanon', '', '2008-11-10', '2008-11-10'),
(134, 'Lesotho', '', '2008-11-10', '2008-11-10'),
(135, 'Liberia', '', '2008-11-10', '2008-11-10'),
(136, 'Libyan Arab Jamahiriya ', '', '2008-11-10', '2008-11-10'),
(137, 'Liechtenstein', '', '2008-11-10', '2008-11-10'),
(138, 'Lithuania ', '', '2008-11-10', '2008-11-10'),
(139, 'Luxembourg', '', '2008-11-10', '2008-11-10'),
(140, 'Macau', '', '2008-11-10', '2008-11-10'),
(141, 'Macedonia, The Former Yugoslav Republic of', '', '2008-11-10', '2008-11-10'),
(142, 'Madagascar', '', '2008-11-10', '2008-11-10'),
(143, 'Malawi', '', '2008-11-10', '2008-11-10'),
(144, 'Maldives', '', '2008-11-10', '2008-11-10'),
(145, 'Mali', '', '2008-11-10', '2008-11-10'),
(146, 'Malta', '', '2008-11-10', '2008-11-10'),
(147, 'Marshall Islands', '', '2008-11-10', '2008-11-10'),
(148, 'Martinique', '', '2008-11-10', '2008-11-10'),
(149, 'Mauritania', '', '2008-11-10', '2008-11-10'),
(150, 'Mayotte', '', '2008-11-10', '2008-11-10'),
(151, 'Mexico', '', '2008-11-10', '2008-11-10'),
(152, 'Micronesia, Federated States of', '', '2008-11-10', '2008-11-10'),
(153, 'Moldova, Republic of', '', '2008-11-10', '2008-11-10'),
(154, 'Monaco', '', '2008-11-10', '2008-11-10'),
(155, 'Montserrat', '', '2008-11-10', '2008-11-10'),
(156, 'Morocco', '', '2008-11-10', '2008-11-10'),
(157, 'Mozambique', '', '2008-11-10', '2008-11-10'),
(158, 'Myanmar', '', '2008-11-10', '2008-11-10'),
(159, 'Namibia', '', '2008-11-10', '2008-11-10'),
(160, 'Nauru', '', '2008-11-10', '2008-11-10'),
(161, 'Netherlands', '', '2008-11-10', '2008-11-10'),
(162, 'Netherlands Antilles', '', '2008-11-10', '2008-11-10'),
(163, 'New Caledonia', '', '2008-11-10', '2008-11-10'),
(164, 'New Zealand', '', '2008-11-10', '2008-11-10'),
(165, 'Nicaragua', '', '2008-11-10', '2008-11-10'),
(166, 'Niger', '', '2008-11-10', '2008-11-10'),
(167, 'Nigeria', '', '2008-11-10', '2008-11-10'),
(168, 'Niue', '', '2008-11-10', '2008-11-10'),
(169, 'Norfolk Island', '', '2008-11-10', '2008-11-10'),
(170, 'Northern Mariana Islands', '', '2008-11-10', '2008-11-10'),
(171, 'Norway', '', '2008-11-10', '2008-11-10'),
(172, 'Oman', '', '2008-11-10', '2008-11-10'),
(173, 'Palau', '', '2008-11-10', '2008-11-10'),
(174, 'Panama', '', '2008-11-10', '2008-11-10'),
(175, 'Paraguay', '', '2008-11-10', '2008-11-10'),
(176, 'Peru', '', '2008-11-10', '2008-11-10'),
(177, 'Pitcairn', '', '2008-11-10', '2008-11-10'),
(178, 'Poland', '', '2008-11-10', '2008-11-10'),
(179, 'Portugal', '', '2008-11-10', '2008-11-10'),
(180, 'Puerto Rico', '', '2008-11-10', '2008-11-10'),
(181, 'Qatar', '', '2008-11-10', '2008-11-10'),
(182, 'Reunion', '', '2008-11-10', '2008-11-10'),
(183, 'Romania', '', '2008-11-10', '2008-11-10'),
(184, 'Russian Federation', '', '2008-11-10', '2008-11-10'),
(185, 'Rwanda', '', '2008-11-10', '2008-11-10'),
(186, 'Saint Kitts and Nevis', '', '2008-11-10', '2008-11-10'),
(187, 'Saint LUCIA', '', '2008-11-10', '2008-11-10'),
(188, 'Saint Vincent and the Grenadines', '', '2008-11-10', '2008-11-10'),
(189, 'Samoa', '', '2008-11-10', '2008-11-10'),
(190, 'San Marino', '', '2008-11-10', '2008-11-10'),
(191, 'Sao Tome and Principe', '', '2008-11-10', '2008-11-10'),
(192, 'Saudi Arabia', '', '2008-11-10', '2008-11-10'),
(193, 'Senegal', '', '2008-11-10', '2008-11-10'),
(194, 'Seychelles', '', '2008-11-10', '2008-11-10'),
(195, 'Sierra Leone', '', '2008-11-10', '2008-11-10'),
(196, 'Slovakia (Slovak Republic)', '', '2008-11-10', '2008-11-10'),
(197, 'Slovenia', '', '2008-11-10', '2008-11-10'),
(198, 'Solomon Islands', '', '2008-11-10', '2008-11-10'),
(199, 'Somalia', '', '2008-11-10', '2008-11-10'),
(200, 'South Africa', '', '2008-11-10', '2008-11-10'),
(201, 'South Georgia and the South Sandwich Islands', '', '2008-11-10', '2008-11-10'),
(202, 'Spain', '', '2008-11-10', '2008-11-10'),
(203, 'St. Helena', '', '2008-11-10', '2008-11-10'),
(204, 'St. Pierre and Miquelon', '', '2008-11-10', '2008-11-10'),
(205, 'Sudan', '', '2008-11-10', '2008-11-10'),
(206, 'Suriname', '', '2008-11-10', '2008-11-10'),
(207, 'Svalbard and Jan Mayen Islands', '', '2008-11-10', '2008-11-10'),
(208, 'Swaziland', '', '2008-11-10', '2008-11-10'),
(209, 'Sweden', '', '2008-11-10', '2008-11-10'),
(210, 'Switzerland', '', '2008-11-10', '2008-11-10'),
(211, 'Syrian Arab Republic', '', '2008-11-10', '2008-11-10'),
(212, 'Tajikistan', '', '2008-11-10', '2008-11-10'),
(213, 'Tanzania, United Republic of', '', '2008-11-10', '2008-11-10'),
(214, 'Togo', '', '2008-11-10', '2008-11-10'),
(215, 'Tokelau', '', '2008-11-10', '2008-11-10'),
(216, 'Tonga', '', '2008-11-10', '2008-11-10'),
(217, 'Trinidad and Tobago', '', '2008-11-10', '2008-11-10'),
(218, 'Tunisia ', '', '2008-11-10', '2008-11-10'),
(219, 'Turkey', '', '2008-11-10', '2008-11-10'),
(220, 'Turkmenistan', '', '2008-11-10', '2008-11-10'),
(221, 'Turks and Caicos Islands', '', '2008-11-10', '2008-11-10'),
(222, 'Tuvalu', '', '2008-11-10', '2008-11-10'),
(223, 'Uganda', '', '2008-11-10', '2008-11-10'),
(224, 'Ukraine', '', '2008-11-10', '2008-11-10'),
(225, 'United Arab Emirates', '', '2008-11-10', '2008-11-10'),
(226, 'United Kingdom', '', '2008-11-10', '2008-11-10'),
(227, 'United States Minor Outlying Islands', '', '2008-11-10', '2008-11-10'),
(228, 'Uruguay', '', '2008-11-10', '2008-11-10'),
(229, 'Uzbekistan', '', '2008-11-10', '2008-11-10'),
(230, 'Vanuatu', '', '2008-11-10', '2008-11-10'),
(231, 'Venezuela', '', '2008-11-10', '2008-11-10'),
(232, 'Virgin Islands (British)', '', '2008-11-10', '2008-11-10'),
(233, 'Virgin Islands (U.S.)', '', '2008-11-10', '2008-11-10'),
(234, 'Wallis and Futuna Islands', '', '2008-11-10', '2008-11-10'),
(235, 'Western Sahara', '', '2008-11-10', '2008-11-10'),
(236, 'Yemen', '', '2008-11-10', '2008-11-10'),
(237, 'Yugoslavia', '', '2008-11-10', '2008-11-10'),
(238, 'Zambia', '', '2008-11-10', '2008-11-10'),
(239, 'Zimbabwe', '', '2008-11-10', '2008-11-10');

-- --------------------------------------------------------

--
-- Table structure for table `country_profile`
--

CREATE TABLE IF NOT EXISTS `country_profile` (
  `country_profile_id` int(11) NOT NULL auto_increment,
  `country_id` int(11) NOT NULL,
  `population_milion` varchar(50) NOT NULL,
  `popul_growth_anual` varchar(50) NOT NULL,
  `gdp_billion` varchar(50) NOT NULL,
  `gni_per_capi` varchar(50) NOT NULL,
  `exchange_rate` varchar(50) NOT NULL,
  `cu_pentration` varchar(50) NOT NULL,
  `added_date` date NOT NULL,
  `updated_date` date NOT NULL,
  PRIMARY KEY  (`country_profile_id`)
) ENGINE=InnoDB  DEFAULT CHARSET=latin1 AUTO_INCREMENT=15 ;

--
-- Dumping data for table `country_profile`
--

INSERT INTO `country_profile` (`country_profile_id`, `country_id`, `population_milion`, `popul_growth_anual`, `gdp_billion`, `gni_per_capi`, `exchange_rate`, `cu_pentration`, `added_date`, `updated_date`) VALUES
(1, 1, '156', '1.8', 'US$61.9', 'US$450', '69.7 Taka (BDT)', '0.16 %', '2008-10-07', '2008-11-01'),
(2, 2, '6.9', '0.6', 'US$189.8', 'US$29,040', '7.7 HK Dollar (HKD)', '1.28%', '2008-10-07', '2008-11-01'),
(3, 3, '1,109.80', '1.4', 'US$911.8', 'US$820', '39.9 Rupees (INR)', '2.81%', '2008-10-07', '2008-11-01'),
(4, 4, '223', '1.1', 'US$364.8', 'US$1,420', '9,157 Rupiah (IDR)', '0.51%', '2008-10-07', '2008-11-01'),
(5, 5, '127.8', '0', 'US$4,534', 'US$38,950', '121.94 Yen (JPY)', '0.004%', '2008-10-07', '2008-10-07'),
(6, 6, '48.4', '0.3', 'US$888', 'US$17,690', '999 Won (KRW)', '13.24%', '2008-10-07', '2008-11-01'),
(7, 7, '26.1', '1.8', 'US$150.7', 'US$5,620', '3.14128 Ringgit (MYR)', '0.26 %', '2008-10-07', '2008-11-01'),
(8, 8, '27.6', '2', 'US$8.9', 'US$320', '64.8 Rupees (NPR)', '1.03%', '2008-10-07', '2008-11-01'),
(9, 9, '6.2', '2.2', 'US$5.7', 'US$740', '2.7 Kina (PGK)', '4.24%', '2008-10-07', '2008-11-01'),
(10, 10, '86.3', '2', 'US$117.6', 'US$1,390', '42.06 Peso (PHP)', '2.80%', '2008-10-07', '2008-11-01'),
(11, 11, '19.9', '1.1', 'US$27', 'US$1,310', '107.9 Rupees (LKR)', '6.06%', '2008-10-07', '2008-11-01'),
(12, 12, '22.8', '0.4', 'US$365.5', 'US$17,250', '30.2 Dollar (TWD)', '1.43 %', '2008-10-07', '2008-11-01'),
(13, 13, '63.4', '0.7', 'US$206.3', 'US$3,050', '31.7 Baht (THB)', '5.76%', '2008-10-07', '2008-11-01'),
(14, 14, '84.1', '1.2', 'US$61', 'US$700', '16,356 Don (VND)', '1.90%', '2008-10-07', '2008-11-01');

-- --------------------------------------------------------

--
-- Table structure for table `cu_solutions`
--

CREATE TABLE IF NOT EXISTS `cu_solutions` (
  `solution_id` int(11) NOT NULL auto_increment,
  `solution_name` varchar(150) default NULL,
  `description` varchar(500) default NULL,
  `image_file` varchar(150) default NULL,
  `add_date` date default NULL,
  `update_date` date default NULL,
  PRIMARY KEY  (`solution_id`)
) ENGINE=InnoDB  DEFAULT CHARSET=latin1 AUTO_INCREMENT=15 ;

--
-- Dumping data for table `cu_solutions`
--

INSERT INTO `cu_solutions` (`solution_id`, `solution_name`, `description`, `image_file`, `add_date`, `update_date`) VALUES
(1, 'Credit Union Management Tools ', 'Credit Union Management Tools (Model Policies) on Financial Management, Credit Management, Human Resource Management, Products and Services, and Planning\r\n\r\n 1  Management Tools –\r\n1.1 Member-Customer Relationship \r\n1.2 Finance Management \r\n1.3  Human resource  Management RM\r\n1.4  Planning \r\n1.5  Governance\r\n1.6  Credit Union Promotional Manual\r\n\r\n\r\n', 'product1.jpg', '2008-10-07', '2008-11-24'),
(2, 'Credit Union Business Development Center Operations Manual', 'Credit Union Business Development Center Operations Manual', 'product2.jpg', '2008-10-07', '2008-10-28'),
(3, 'ACCESS Diagnostic Tool ', 'ACCESS Diagnostic Tool ', 'product3.jpg', '2008-10-07', '2008-10-28'),
(4, 'Trainer’s Manual on Credit Union Directors Competency Course ', 'Trainer’s Manual on Credit Union Directors Competency Course ', 'product4.jpg', '2008-10-07', '2008-11-23'),
(5, 'Credit Union Promotional Manual ', 'Credit Union Promotional Manual \r\n', 'product5.jpg', '2008-10-07', '2008-10-28'),
(6, 'Trainer’s Manual on Credit Union CEOs Competency Course ', 'Trainer’s Manual on Credit Union CEOs Competency Course ', 'product6.jpg', '2008-10-07', '2008-10-28'),
(7, 'Credit Union Microfinance Innovation Methodology ', 'Credit Union Microfinance Innovation Methodology ', 'product1_copy1.jpg', '2008-10-07', '2008-10-28'),
(8, 'Tool on Poverty Alleviation Program Impact Assessment Software   ', 'Tool on Poverty Alleviation Program Impact Assessment Software   ', 'product4_copy2.jpg', '2008-10-07', '2008-10-31'),
(9, 'Marketing Tool to Reach the Youth Market Segment ', 'Marketing Tool to Reach the Youth Market Segment \r\n', 'product3_copy1.jpg', '2008-10-07', '2008-10-28'),
(10, 'Credit Union Governance Checklist ', 'Credit Union Governance Checklist ', 'product4_copy1.jpg', '2008-10-07', '2008-10-28'),
(11, 'Credit Union Risk Based Supervision Service Manual ', 'Credit Union Risk Based Supervision Service Manual ', 'product5_copy1.jpg', '2008-10-07', NULL),
(12, 'ACCESS Audit Procedures Manual ', 'ACCESS Audit Procedures Manual ', 'product6_copy1.jpg', '2008-10-07', NULL),
(13, 'Credit Union Product Catalogue ', 'Credit Union Product Catalogue \r\n', 'product1_copy2.jpg', '2008-10-07', '2008-10-28'),
(14, 'Credit Union Director Toolkit', 'Credit Union Director Toolkit\r\n', 'product2_copy2.jpg', '2008-10-07', '2008-10-28');

-- --------------------------------------------------------

--
-- Table structure for table `event`
--

CREATE TABLE IF NOT EXISTS `event` (
  `event_id` int(11) NOT NULL auto_increment,
  `event_name` varchar(250) default NULL,
  `event_starting_date` date default NULL,
  `event_end_date` date default NULL,
  `country_id` int(11) NOT NULL,
  `description` text,
  `type` varchar(50) default NULL,
  `location_description` varchar(150) default NULL,
  `event_image` varchar(100) default NULL,
  `event_home` int(11) NOT NULL,
  PRIMARY KEY  (`event_id`)
) ENGINE=InnoDB  DEFAULT CHARSET=latin1 AUTO_INCREMENT=18 ;

--
-- Dumping data for table `event`
--

INSERT INTO `event` (`event_id`, `event_name`, `event_starting_date`, `event_end_date`, `country_id`, `description`, `type`, `location_description`, `event_image`, `event_home`) VALUES
(1, 'ASIAN CREDIT UNION FORUM 2008 CREDIT UNIONS SERVING THE UNDERSERVED', '2008-09-01', '2008-09-24', 1, '<p><span style="font-family: arial,helvetica,sans-serif"><strong>Asian Credit Union Forum 2008 </strong><strong>Credit Unions Serving the Underserved</strong><strong>&nbsp;&nbsp; </strong></span></p>\r\n<p><strong><span style="font-size: xx-small; font-family: arial,helvetica,sans-serif">September 26-27, 2008, Dhaka, Bangladesh</span></strong></p>\r\n<p><span style="font-size: x-small"><span style="font-size: xx-small"><span style="font-family: arial,helvetica,sans-serif"><strong>Organizer&nbsp;</strong></span><span style="font-family: arial,helvetica,sans-serif"><strong>&nbsp;&nbsp; Asian Confederation of Credit Unions</strong></span></span></span></p>\r\n<p><span style="font-size: x-small"><span style="font-size: xx-small"><strong><span style="font-family: arial,helvetica,sans-serif">&nbsp;</span></strong><span style="font-family: arial,helvetica,sans-serif"><strong><em>Host: </em></strong></span><strong>Cooperative Credit Union league of bangladesh</strong></span></span></p>\r\n<p><span style="font-size: x-small"><span style="font-size: xx-small"><strong>&nbsp;</strong>Dear Credit Union Friends,</span></span></p>\r\n<p>Please join us for the 2008 Asian Credit Union Forum, hosted by the Cooperative Credit Union League of Bangladesh, Ltd. We are very excited to welcome you in Bangladesh, a lush land with a rich history and passionate people.</p>\r\n<p>This annual event brings together leading credit union experts and participants from a broad range of fields, to give a fresh look at growth strategies enabling credit unions to present better choices, better organizations and better society to members and their families.</p>\r\n<p>The slate of renowned speakers provides you with:</p>\r\n<ul>\r\n    <li>&sect; A fresh perspective on global socioeconomic trends for you to appreciate the need for credit unions to grow in number and quality</li>\r\n    <li>&sect; A contemporary framework to guide your growth plans for 2009 and beyond</li>\r\n    <li>&sect; A well-developed line-up of marketers and expertise whose unique strategies can potentially add innovation and vitality to credit union financial services</li>\r\n</ul>\r\n<p>In this forum, ACCU''s proposition to credit union leaders across Asia is to place credit unions'' steady growth as movement''s goal in the next decade. With the topics outlined, the forum will certainly let you realize the underserved market we need to enter on as a source of credit union growth. Finding our &lsquo;blue ocean'' or new market space is something that we in Asian credit unions require to become skillful.</p>\r\n<p>&nbsp;The fight against poverty is the credit union original mission. The Forum is a great opportunity for us to reexamine how far we have lived our mission for which our founding father F.W. Raiffeisen founded in 1846. Raiffeisen founded the first credit union, providing banking services to&nbsp;members, helping people consolidate their savings, and granting loans to&nbsp;members on&nbsp;reasonable terms. This forum presents a successful poverty alleviation program in Bangladesh. Let us join the dynamic Founder and President of the Association for Social Advancement (ASA), Md. Shafiqual Haque Choudhury for the total immersion in various aspects of ASA''s success on poverty alleviation programs.</p>\r\n<p>&nbsp;Additionally, the youth market is critical because of the demographics'' <a title="Buying power" href="http://en.wikipedia.org/wiki/Buying_power">buying power</a> and their influence on the spending of family members. In most developing countries, women integration in credit unions has to be seriously discussed and given due attention. We hope that this forum will generate fresh commitment to be of better service to the underserved market, making our existence meaningful and relevant for our members and their communities. &nbsp;</p>\r\n<p>&nbsp;The Forum will provide you with the opportunity to meet highly regarded names in the credit union industry across the spectrum of expertise in pursuing unique niche strategies as well as specialized strategies.</p>', 'p', 'Dhaka, Bangladesh ', 'kasun.jpg', 0),
(2, 'WOMEN EMPOVERMENT THROUGH CREDIT UNION MICROFINANCE INNOVATIONS ', '2008-09-22', '2008-09-24', 1, '<p><strong>&nbsp;Intensifying&nbsp;&nbsp; Women empoverment Through Credit Union Microfinance Innovations </strong></p>\r\n<p align="center"><strong><em>Theme: Building Vibrant Solutions to Reach and Empower &quot;Have Less&quot; </em></strong><strong><em>&nbsp;Through Credit Unions </em></strong></p>\r\n<p align="center">September 22 to 24, 2008&nbsp;&nbsp;</p>\r\n<p>Introduction&nbsp;</p>\r\n<p>&nbsp;Asia and the Pacific, is home for 900 million poor people, nearly one third of the region''s population, this is a startling fact. It is nearly one third of the region''s population. ACCU is intensifying its commitment to support members and credit unions to reinvigorate their role in reaching the &lsquo;have less'' in response to the Millennium Development Goals'' target of reducing poverty by 50% in 2015.</p>\r\n<p>&nbsp;The Credit Union Microfinance Innovation (CUMI) is a sustainable provision of financial services and education to the &lsquo;have less.'' To ACCU, the ultimate goal for poverty alleviation is empowerment of the &lsquo;have less'' wherein poor people demonstrate the ability to make choices regarding his or her life. Since credit unions are financial institutions, interventions are made on the financial lives of members, which then present social and political empowerment.</p>\r\n<p>&nbsp;ACCU upholds the role of credit unions as trusted wealth creation advisor for members at conferences, training and credit union solutions developed. ACCU believes that any savings or loans provided by credit unions to members especially to the &lsquo;have less'' will ultimately build their wealth rather than debt. Credit unions'' main objective is helping members reach their financial destination - the big leap out of the vicious cycle of poverty.</p>\r\n<p><em>&nbsp;</em><em>ACCU Takes Part in Global Networking on Microfinance:</em><strong> </strong></p>\r\n<p>Along with eight heads of large Microfinance Institutions, ACCU signed the &lsquo;Microcredit Summit Commitment Statement'' pledging to work with the Campaign to find and implement credible methodologies for measuring progress regarding the US$1 a day threshold. The CUMI software on tracking human development indicators of CUMI members is developed as a solution to measure up the impact on the lives of members. &nbsp;</p>\r\n<p><em>&nbsp;</em><em>Institutionalizing CUMI service to reach the Poor:</em><strong> </strong></p>\r\n<p>ACCU communicated with credit unions and Federations to have greater partnership with &lsquo;have less''. The microfinance services of the credit unions using the CUMI methodology have helped &lsquo;have less'' members in the Philippines, Cambodia, Indonesia, Vietnam, Sri Lanka and&nbsp; Nepal.&nbsp;</p>\r\n<p>&nbsp;Despite the efforts in the last 12 years as described above, the vast majority of the Asia''s poor continue to lack access to basic financial services that are an essential tool for them to better lives. Additionally, a huge number of &lsquo;have less'' in each country needs the services of credit unions, though ACCU record shows an outreach of 5.3 million in 2006.</p>\r\n<p>The workshop intends to review the effectiveness of CUMI as solution in reaching the &lsquo;have less.&quot; ACCU considers that increasing quality outreach requires developing human capital (leaders and professionals) to build the capacity credit unions. There is a greater need to educate the credit union leaders that the provision of affordable financial services to the &lsquo;have less'' is the original mission of credit union as started by F.W. Raiffeisen more than 150 years ago in Germany. The credit unions should also be aware that in recent years, the microfinance sector has matured and deepened. ACCU has recognized that the need to address the financial needs of very small enterprises wishing to transform themselves into full-fledge SMEs. On the other hand, micro entrepreneurs are desperately looking for avenues to improve and market their products to ensure gainful employment.</p>\r\n<p>&nbsp;Purpose</p>\r\n<p>&nbsp;The four days workshop brings together the technical staff, specialists and practitioners in the CUMI field from ACCU member organizations and partners. The workshop will discuss the future of CUMI as a tool for fighting poverty, its sustainability, and the role that ACCU and national federations can play.</p>\r\n<p>The goals of this workshop are:</p>\r\n<p>&nbsp;1. Demonstrate the growth of the microfinance industry; its realities, challenges and opportunities to credit unions</p>\r\n<ul>\r\n    <li>2. Be guided by the important mission of credit unions in poverty alleviation</li>\r\n    <li>3. Learn the best practices and challenges of developing country credit unions in reaching the &lsquo;have less''</li>\r\n    <li>4. Gain skills in using CUMI software to measure the impact of CUMI to its members</li>\r\n    <li>5. Introduce solutions to the challenges encountered by credit unions on CUMI to ensure sustainability and growth of the program and its members</li>\r\n    <li>6. Provide directions for developing an in-depth implementation of poverty alleviation programs in credit unions</li>\r\n</ul>\r\n<p>&nbsp;Topics:</p>\r\n<p>&nbsp;1. The Microfinance Industry: Realities, Challenges and Opportunities to Credit Unions</p>\r\n<p>2. CUMI: Achieving Sustainability and the &quot;Triple Bottom Line&quot;</p>\r\n<p>3. Country Presentation: Measuring Up Credit Union Performance: How far have we reached?</p>\r\n<p>4. Review of the Credit Union Microfinance Innovation Methodology</p>\r\n<p>5. Case Presentation: Build Operate Transfer Approach to Microfinance</p>\r\n<p>6. Has CUMI Alleviated &lsquo;have less'' from Poverty?: CUMI Software</p>\r\n<p>7. Building Vibrant Solutions to Reach and Empower &quot;Have Less&quot; Through Credit Unions</p>\r\n<p>8. Presentation: Future Direction of Credit Union Microfinance Innovations</p>\r\n<p>Training Methodology:&nbsp;&nbsp;&nbsp;&nbsp;&nbsp;&nbsp;&nbsp;&nbsp;</p>\r\n<p>The training applies participatory method, which among others include experiential exercises, case studies, and special group work, sharing experiences and field visit to successful entrepreneurs and microfinance programs for the poor.</p>\r\n<p><strong>Results</strong></p>\r\n<p>Improved institutional performance of 15 member credit union movements in Asia</p>\r\n<p>&nbsp;</p>\r\n<p><strong>Participants:</strong></p>\r\n<p>&nbsp;The staff of the national federation in-charge of&nbsp; Women and development/ Women national leader / Credit Union Microfinance Innovation Program and Business Development Center will attend the workshop. Each participant is requested to prepare a report on the achievements of its programs highlighting the following:</p>\r\n<p>&nbsp;&sect; CUMI Features</p>\r\n<p>&sect; No. of Credit Unions implementing</p>\r\n<p>&sect; Since when the program is implemented</p>\r\n<p>&sect; Challenges and future prospects</p>\r\n<p>Disaggregated Data on Men and Women</p>\r\n<p>&sect; Total &lsquo;have less'' members recruited as of June 2008</p>\r\n<p>&sect; The total amount of loan granted, repayment and delinquency rate</p>\r\n<p>&sect; Savings and Share Capital</p>\r\n<p><strong>Methodology:</strong></p>\r\n<p>&nbsp;The workshop serves as a platform for ACCU members to share and exchange ideas and experiences. Thus, a participatory method will be adopted facilitated by an experienced resource person.</p>\r\n<p><strong>&nbsp;</strong><strong>Date and Venue:</strong></p>\r\n<p>The workshop will be organized during September 22 to 24, 2008 at Dhaka Sheraton Hotel, Bangladesh.</p>\r\n<p align="center"><strong>Tentative Daily Schedule</strong></p>\r\n<p align="center">September 22 to 24, 2008</p>\r\n<p>&nbsp;</p>\r\n<p>\r\n<table cellspacing="0" cellpadding="0" border="1">\r\n    <tbody>\r\n        <tr>\r\n            <td valign="top" width="631" colspan="3">\r\n            <p align="center"><strong>September&nbsp; 21, Sunday</strong></p>\r\n            </td>\r\n        </tr>\r\n        <tr>\r\n            <td valign="top" width="163">\r\n            <p align="center">14:00 onwards</p>\r\n            </td>\r\n            <td valign="top" width="396">\r\n            <p>Arrival of Participants</p>\r\n            </td>\r\n            <td valign="top" width="72">\r\n            <p>&nbsp;</p>\r\n            </td>\r\n        </tr>\r\n        <tr>\r\n            <td valign="top" width="631" colspan="3">\r\n            <p align="center"><strong>September&nbsp; 22, Monday</strong></p>\r\n            </td>\r\n        </tr>\r\n        <tr>\r\n            <td valign="top" width="163">\r\n            <p align="center">8:30 - 9:00</p>\r\n            </td>\r\n            <td valign="top" width="396">\r\n            <p>Registration</p>\r\n            </td>\r\n            <td valign="top" width="72">\r\n            <p>&nbsp;</p>\r\n            </td>\r\n        </tr>\r\n        <tr>\r\n            <td valign="top" width="163">\r\n            <p align="center">9:00 - 10:00</p>\r\n            </td>\r\n            <td valign="top" width="396">\r\n            <p>Opening Program</p>\r\n            </td>\r\n            <td valign="top" width="72">\r\n            <p>&nbsp;</p>\r\n            </td>\r\n        </tr>\r\n        <tr>\r\n            <td valign="top" width="163">\r\n            <p align="center">10:00 - 10:30</p>\r\n            </td>\r\n            <td valign="top" width="396">\r\n            <p>Morning Break</p>\r\n            </td>\r\n            <td valign="top" width="72">\r\n            <p>&nbsp;</p>\r\n            </td>\r\n        </tr>\r\n        <tr>\r\n            <td valign="top" width="163">\r\n            <p align="center">10:30 - 12:00</p>\r\n            </td>\r\n            <td valign="top" width="396">\r\n            <p><strong>The Microfinance Industry: Realities, Challenges and Opportunities to Credit Unions</strong></p>\r\n            <p>Microfinance practices have developed and diversified considerably since the Grameen Bank was established in 1983. The client base microfinance approach is predominantly occupying a large base of the market. In reality, it is undermining the pioneering work of credit unions as the first microfinance institution some 150 years ago. In this session, the resource person will facilitate the sharing on the different types of suppliers of microfinance services and its challenges and opportunities posed to credit unions.</p>\r\n            <p>&nbsp;</p>\r\n            </td>\r\n            <td valign="top" width="72">\r\n            <p>&nbsp;&nbsp;&nbsp;&nbsp;&nbsp;&nbsp;&nbsp;&nbsp;&nbsp;&nbsp;&nbsp; &nbsp;</p>\r\n            <p>&nbsp;</p>\r\n            </td>\r\n        </tr>\r\n        <tr>\r\n            <td valign="top" width="163">\r\n            <p align="center">12:00 - 13:30</p>\r\n            </td>\r\n            <td valign="top" width="468" colspan="2">\r\n            <p><strong>Lunch Break </strong></p>\r\n            </td>\r\n        </tr>\r\n        <tr>\r\n            <td valign="top" width="163">\r\n            <p align="center">13:30 - 15:00</p>\r\n            </td>\r\n            <td valign="top" width="396">\r\n            <p><strong>CUMI: Achieving Sustainability and the &quot;Triple Bottom Line&quot;</strong></p>\r\n            <p>ACCU develops the Credit Union Microfinance Innovations (CUMI) that alleviates poverty in three ways: in the short term, it enables beneficiaries to earn income from an economic activity. In the long term, it is a very important tool for developing entrepreneurship at the grass roots level and&nbsp;&nbsp; gain political power at the credit union level. Thus, CUMI enables the &lsquo;have less'' to be empowered economically, socially and politically. At this session, ACCU will share its vision on Credit Union poverty alleviation program through CUMI including its intervention with member organizations and linkages with other international institutions to promote the role of credit unions on poverty alleviation. At this session, ACCU will also share the commitment of the Asian credit unions in reaching the Millennium Development Goals.&nbsp;</p>\r\n            <p><strong>&nbsp;</strong></p>\r\n            </td>\r\n            <td valign="top" width="72">\r\n            <p>&nbsp;&nbsp;&nbsp;&nbsp;&nbsp;&nbsp;&nbsp;&nbsp;&nbsp;&nbsp;&nbsp; &nbsp;</p>\r\n            <p><strong>&nbsp;</strong></p>\r\n            </td>\r\n        </tr>\r\n        <tr>\r\n            <td valign="top" width="163">\r\n            <p align="center">15:00 - 15:30</p>\r\n            </td>\r\n            <td valign="top" width="468" colspan="2">\r\n            <p><strong>Afternoon Break </strong></p>\r\n            </td>\r\n        </tr>\r\n    </tbody>\r\n</table>\r\n</p>\r\n<p>&nbsp;</p>\r\n<p>\r\n<table cellspacing="0" cellpadding="0" border="1">\r\n    <tbody>\r\n        <tr>\r\n            <td valign="top" width="163">\r\n            <p align="center">15:30 - 17:00</p>\r\n            </td>\r\n            <td valign="top" width="396">\r\n            <p><strong>Country Presentation: Measuring Up Credit Union Performance: How far have we reached? </strong></p>\r\n            <p><strong>&nbsp;</strong></p>\r\n            <p>&nbsp;&nbsp;&nbsp;&nbsp;&nbsp;&nbsp;&nbsp;&nbsp;&nbsp;&nbsp;&nbsp; Participants from each organization shall present a brief highlight of the achievement of their &lsquo;have less'' outreach program for maximum 10 minutes. The following will be highlighted in brief:</p>\r\n            <p>&nbsp;</p>\r\n            <ul>\r\n                <li>&sect; Description of the program (CUMI or other name)</li>\r\n                <li>&sect; Outreach - number credit unions and &lsquo;have less'', savings mobilized, loan portfolio, delinquency ratio</li>\r\n                <li>&sect; Lessons and challenges</li>\r\n            </ul>\r\n            <p>&nbsp;</p>\r\n            <p>The facilitator will synthesize the presentations and thus will be an input to enhance the credit union solutions to reach the &lsquo;have less''</p>\r\n            <ul>\r\n                <li>&sect;</li>\r\n            </ul>\r\n            </td>\r\n            <td valign="top" width="72">\r\n            <p>&nbsp;</p>\r\n            </td>\r\n        </tr>\r\n        <tr>\r\n            <td valign="top" width="163">\r\n            <p align="center">18:00</p>\r\n            </td>\r\n            <td valign="top" width="468" colspan="2">\r\n            <p><strong>Reception Dinner </strong></p>\r\n            </td>\r\n        </tr>\r\n        <tr>\r\n            <td valign="top" width="631" colspan="3">\r\n            <p align="center"><strong>September&nbsp; 23,&nbsp; Tuesday</strong></p>\r\n            </td>\r\n        </tr>\r\n        <tr>\r\n            <td valign="top" width="163">\r\n            <p align="center">8:30 - 9:00</p>\r\n            </td>\r\n            <td valign="top" width="468" colspan="2">\r\n            <p>Management Team Report</p>\r\n            </td>\r\n        </tr>\r\n        <tr>\r\n            <td valign="top" width="163">\r\n            <p align="center">9:00 - 10:00</p>\r\n            </td>\r\n            <td valign="top" width="468" colspan="2">\r\n            <p><strong>Continuation: Country Presentations and Synthesis </strong></p>\r\n            <p>&nbsp;</p>\r\n            </td>\r\n        </tr>\r\n        <tr>\r\n            <td valign="top" width="163">\r\n            <p align="center">10:00 - 10:30</p>\r\n            </td>\r\n            <td valign="top" width="468" colspan="2">\r\n            <p>Morning Break</p>\r\n            </td>\r\n        </tr>\r\n        <tr>\r\n            <td valign="top" width="163">\r\n            <p align="center">10:30 - 12:00</p>\r\n            </td>\r\n            <td valign="top" width="396">\r\n            <p><strong>Review of the Credit Union Microfinance Innovation Methodology </strong></p>\r\n            <p>The session will look back on the synthesis of country presentations particularly on the challenges faced by practitioners. The session will conclude on recommendations to improve the CUMI solution to ensure quality and sustainability of both program and &lsquo;have less'' members</p>\r\n            </td>\r\n            <td valign="top" width="72">\r\n            <p>&nbsp;&nbsp;&nbsp;&nbsp;&nbsp;&nbsp;&nbsp;&nbsp;&nbsp;&nbsp;&nbsp; &nbsp;</p>\r\n            <p>&nbsp;</p>\r\n            </td>\r\n        </tr>\r\n        <tr>\r\n            <td valign="top" width="163">\r\n            <p align="center">12:00 - 13:30</p>\r\n            </td>\r\n            <td valign="top" width="468" colspan="2">\r\n            <p><strong>Lunch Break </strong></p>\r\n            </td>\r\n        </tr>\r\n        <tr>\r\n            <td valign="top" width="163">\r\n            <p align="center">13:30 - 15:00</p>\r\n            </td>\r\n            <td valign="top" width="396">\r\n            <p><strong>Case Presentation: Build Operate Transfer Approach to Microfinance</strong></p>\r\n            <p>The National Confederation of Cooperatives (NATCCO) in the Philippines will share the innovation on microfinance implemented in partnership with its credit union members.</p>\r\n            <p><strong>&nbsp;</strong></p>\r\n            </td>\r\n            <td valign="top" width="72">\r\n            <p>&nbsp;</p>\r\n            </td>\r\n        </tr>\r\n        <tr>\r\n            <td valign="top" width="163">\r\n            <p align="center">15:00 - 15:30</p>\r\n            </td>\r\n            <td valign="top" width="468" colspan="2">\r\n            <p><strong>Afternoon Break </strong></p>\r\n            </td>\r\n        </tr>\r\n        <tr>\r\n            <td valign="top" width="163">\r\n            <p align="center">15:30 - 17:30</p>\r\n            </td>\r\n            <td valign="top" width="396">\r\n            <p><strong>Has CUMI Alleviated &lsquo;have less'' from Poverty?: CUMI Software</strong></p>\r\n            <p>ACCU will demonstrate the CUMI software intended to measure the progress of &lsquo;have less'' members.&nbsp; The software measures the human development index of members before and after accessing the CUMI services of credit unions.</p>\r\n            <p>&nbsp;</p>\r\n            <p>&nbsp;</p>\r\n            </td>\r\n            <td valign="top" width="72">\r\n            <p>&nbsp;&nbsp;&nbsp;&nbsp;&nbsp;&nbsp;&nbsp;&nbsp;&nbsp;&nbsp;&nbsp; &nbsp;</p>\r\n            <p><strong>&nbsp;</strong></p>\r\n            </td>\r\n        </tr>\r\n        <tr>\r\n            <td valign="top" width="163">\r\n            <p align="center">14:30 - 17:00</p>\r\n            </td>\r\n            <td valign="top" width="468" colspan="2">\r\n            <p><strong>&nbsp;</strong></p>\r\n            </td>\r\n        </tr>\r\n    </tbody>\r\n</table>\r\n</p>\r\n<p align="center">&nbsp;</p>\r\n<p>\r\n<table cellspacing="0" cellpadding="0" border="1">\r\n    <tbody>\r\n        <tr>\r\n            <td valign="top" width="649" colspan="3">\r\n            <p align="center"><strong>September&nbsp; 24,&nbsp; Wednesday</strong></p>\r\n            </td>\r\n        </tr>\r\n        <tr>\r\n            <td valign="top" width="163">\r\n            <p align="center">8:30 - 9:00</p>\r\n            </td>\r\n            <td valign="top" width="408">\r\n            <p>Management Team Report</p>\r\n            <p><strong>&nbsp;</strong></p>\r\n            </td>\r\n            <td valign="top" width="78">\r\n            <p>&nbsp;</p>\r\n            </td>\r\n        </tr>\r\n        <tr>\r\n            <td valign="top" width="163">\r\n            <p align="center">9:00 - 10:00</p>\r\n            </td>\r\n            <td valign="top" width="408">\r\n            <p><strong>Building Vibrant Solutions to Reach and Empower &quot;Have Less&quot; Through Credit Unions </strong></p>\r\n            <p>The session will look at the barriers or constraints why credit unions are not creating a significant impact on reaching the &lsquo;have less''. The participants will focus on discovering the solutions to overcome the challenges. The session will end up with an innovative solutions to reach and empower the &lsquo;have less''</p>\r\n            </td>\r\n            <td valign="top" width="78">\r\n            <p>&nbsp;</p>\r\n            </td>\r\n        </tr>\r\n        <tr>\r\n            <td valign="top" width="163">\r\n            <p align="center">10:00 - 10:30</p>\r\n            </td>\r\n            <td valign="top" width="408">\r\n            <p><strong>Lunch Break</strong></p>\r\n            </td>\r\n            <td valign="top" width="78">\r\n            <p><strong>&nbsp;</strong></p>\r\n            </td>\r\n        </tr>\r\n        <tr>\r\n            <td valign="top" width="163">\r\n            <p align="center">10:30 - 12:00</p>\r\n            </td>\r\n            <td valign="top" width="408">\r\n            <h4>Recommendation and Action Plan</h4>\r\n            </td>\r\n            <td valign="top" width="78">\r\n            <h4>&nbsp;</h4>\r\n            </td>\r\n        </tr>\r\n        <tr>\r\n            <td valign="top" width="163">\r\n            <h4>12:00 - 13:30</h4>\r\n            </td>\r\n            <td valign="top" width="486" colspan="2">\r\n            <h4>Lunch Break&nbsp;</h4>\r\n            </td>\r\n        </tr>\r\n        <tr>\r\n            <td valign="top" width="163">\r\n            <h4>13:30 - 15:30</h4>\r\n            </td>\r\n            <td valign="top" width="486" colspan="2">\r\n            <h4>Reporting Recommendations to the CEOs Advisory Committee</h4>\r\n            </td>\r\n        </tr>\r\n        <tr>\r\n            <td valign="top" width="163">\r\n            <p align="center">15:30 - 16:00</p>\r\n            </td>\r\n            <td valign="top" width="486" colspan="2">\r\n            <p><strong>Afternoon Break </strong></p>\r\n            </td>\r\n        </tr>\r\n        <tr>\r\n            <td valign="top" width="163">\r\n            <p align="center">16:00 - 17:00</p>\r\n            </td>\r\n            <td valign="top" width="486" colspan="2">\r\n            <p><strong>Closing Program </strong></p>\r\n            </td>\r\n        </tr>\r\n    </tbody>\r\n</table>\r\n</p>', 'p', 'Dhaka - Bangladesh', '', 0),
(3, 'CEO’s Workshop - The Asian Credit Union Future', '2008-09-22', '2008-09-24', 1, '<p>The Credit Union Chief Executive Officers Workshop is a platform, which creates a nurturing environment for CEOs dedicated to improving the quality and competitiveness of their credit unions through shared experience and personal growth. The workshop offers CEOs an opportunity to acquire knowledge on global credit union management ideas, business resources, individual growth sharing, and more freedom for individual member development. ACCU recognizes the important role of CEOs and General Managers of its member organizations, as they occupy the singular organizational position primarily responsible for carrying out the strategic plans and policies established by the board of directors. Meanwhile, in ACCU, the CEOs play an important role in providing feedback and inputs enabling ACCU to position its services based on the current needs and issues faced by Asian credit unions.</p>', 'p', 'Dhaka - Bangladesh', '', 0),
(4, '8th Regional Workshop on Credit Union Youth Marketing', '2008-09-21', '2008-09-25', 1, '<p><strong>Credit unions are getting old! </strong></p>\r\n<p>&nbsp;</p>\r\n<p>ACCU Road Map has given highest priority in assisting its members to reach the youth market. At present, membership profile of Credit Unions suggests that 80% of the present members belong to the age group of 45 to 65 years old. Youth involvement in credit unions is less than 10% - an issue that has to be addressed urgently for the sustainability of Asian credit union system. ACCU attempts to provide platforms and action research to innovate and introduce new ways of serving the youth market based on their expectations.</p>\r\n<p>&nbsp;</p>\r\n<p><strong>Impediments</strong></p>\r\n<p>&nbsp;</p>\r\n<p>Traditional product offerings, absence of aggressive marketing programs and lack of resolve of leaders to direct resources to youth programs are some of the impediments seen in most credit unions. &nbsp;In fact, credit unions have yet to realize the need of careful study on youth market and consequently appoint a person taking charge of product packaging and developing aggressive marketing campaign. With these propositions, youth would be able to see the value of the product offerings of the credit unions.</p>', 'p', 'Dhaka - Bangladesh', '', 0),
(5, 'Credit Unions Regulators Workshop “Prudent management and Operational Performance Standard of CU”', '2008-07-28', '2008-08-01', 14, '<p class="\\&quot;\\\\&quot;MsoNormal\\\\&quot;\\&quot;"><strong><span><span>Goal</span></span></strong><span>Improved ability of Asian credit unions, particularly in &lsquo;economies in transition&rsquo; to serve a wider base of members through delivery of competitive financial services.</span></p>\r\n<p class="\\&quot;\\\\&quot;MsoNormal\\\\&quot;\\&quot;"><span>&nbsp;</span><strong><span><span>Project Purpose</span></span></strong><span>To improve the professional management capacity within Asian credit union systems and to explore possible organizational delivery models which enable and promote the development of a &ldquo;professionalized&rdquo; credit union system in Asia.</span></p>\r\n<p class="\\&quot;\\\\&quot;MsoNormal\\\\&quot;\\&quot;"><span><span>The workshop cum exposure is a platform to share the experience of credit unions regulations and monitoring in Indo China countries to come up with set of prudential standards for the monitoring of credit unions. <span>&nbsp;</span></span></span></p>\r\n<p class="\\&quot;\\\\&quot;MsoNormal\\\\&quot;\\&quot;">&nbsp;</p>\r\n<p class="\\&quot;\\\\&quot;MsoNormal\\\\&quot;\\&quot;"><strong><span><span>Objectives:</span></span></strong></p>\r\n<p class="\\&quot;\\\\&quot;MsoNormal\\\\&quot;\\&quot;">&nbsp;</p>\r\n<p class="\\&quot;\\\\&quot;MsoNormal\\\\&quot;\\&quot;"><span><span><span>-</span><span>&nbsp;&nbsp;&nbsp;&nbsp;&nbsp;&nbsp; </span></span></span><span>To discuss<span>&nbsp; </span>and prepare<span>&nbsp; </span>monitoring tool for<span>&nbsp; </span>credit unions at every level</span></p>\r\n<p class="\\&quot;\\\\&quot;MsoNormal\\\\&quot;\\&quot;"><span><span><span>-</span><span>&nbsp;&nbsp;&nbsp;&nbsp;&nbsp;&nbsp; </span></span></span><span>To<span>&nbsp; </span>review<span>&nbsp;&nbsp; </span>present<span>&nbsp;&nbsp; </span>legislative issues in operation of CUs </span></p>\r\n<p class="\\&quot;\\\\&quot;MsoNormal\\\\&quot;\\&quot;"><span><span><span>-</span><span>&nbsp;&nbsp;&nbsp;&nbsp;&nbsp;&nbsp; </span></span></span><span>To present<span>&nbsp; </span>showcase<span>&nbsp; </span>of PEARLS<span>&nbsp; </span>system on CUs<span>&nbsp; </span>monitoring </span></p>\r\n<p class="\\&quot;\\\\&quot;MsoNormal\\\\&quot;\\&quot;">&nbsp;</p>\r\n<p class="\\&quot;\\\\&quot;MsoNormal\\\\&quot;\\&quot;"><strong><span><span>Organization:</span></span></strong></p>\r\n<p class="\\&quot;\\\\&quot;MsoNormal\\\\&quot;\\&quot;">&nbsp;</p>\r\n<p class="\\&quot;\\\\&quot;MsoNormal\\\\&quot;\\&quot;"><span>The Workshop cum exposure program of Legislators /Administrators of credit unions <span>&nbsp;</span>will<span>&nbsp; </span>be conducted in collaboration with the Central Peoples Credit<span>&nbsp; </span>Fund and State Bank of <span>&nbsp;</span>Vietnam. </span></p>', 'p', 'Hanoi, Vietnam - Vietnam', '', 0),
(6, 'The Asian Development Education Workshop', '2008-06-15', '0000-00-00', 13, 'The Development Education Workshop is an intensive personal motivation and awareness raising process that begins with the participation in a five days residential workshop conducted by the Association of Asian Confederation of Credit Unions in partnership with WAW Credit Union (Australia). The Asian Development Education Program started in 1999. ACCU, after attending the Australian DE Program has generated tremendous motivation and obligation to replicate the Australian DEP course in Asia. From 1999 to 2004, CUFA had supported this endeavor to multiply the impact to as many Asian credit unions as possible. WAW Credit Union through its Chairman Bill Field supports the Asian DEP believing that it is an excellent vehicle to promote the values associated with credit unions worldwide. From 1999, 262 DEs from Bangladesh, Fiji, Hong Kong, Malaysia, Nepal, Indonesia, Singapore, Philippines, Taiwan, Sri Lanka. Korea and Thailand graduated from Asian DEP and more that 50 DE graduates from Australia. They have performed extremely well in their presentations, developed self confidence, and widened understanding of global credit union system and issues\r\n', 'p', 'Thailand', NULL, 0),
(7, 'Credit Union CEOs Competency Course', '2008-06-15', '0000-00-00', 13, 'The Association of Asian Confederation of Credit Unions invites you to: ACCU recognizes the important role of the Chief Executive Officers or General Managers of credit unions. The CEO is the singular organizational position that is primarily responsible to carry out the strategic plans and policies as established by the board of directors. The CEO is responsible for the success or failure of the credit union. Operations, marketing, strategy, financing, creation of organizational culture, human resources, hiring, firing, compliance with regulations, sales, PR, etc.—it all falls on the CEO’s shoulders. ', 'p', 'Thailand', NULL, 0),
(8, '63 Board of Directors of Association of Asian Confederation of Credit Unions', '2008-03-28', '0000-00-00', 6, '<div align="justify">No 949 Dusan Dong Seo &ndash;Ku Daejeon, Metropolitan City 302 -120 Korea</div>', 'p', 'No 949 Dusan Dong Seo –Ku Daejeon, Metropolitan City 302 -120 Korea ', '', 0),
(9, 'CEO Workshop on NACUFOK’s CU Business Process ', '2008-03-24', '0000-00-00', 6, '<div align="justify">No. 949 Dunsan-dong, Seo-ku, Daejeon Metropolitan city, 302-120 Republic of Korea</div>', 'p', 'South Korea', '', 0);
INSERT INTO `event` (`event_id`, `event_name`, `event_starting_date`, `event_end_date`, `country_id`, `description`, `type`, `location_description`, `event_image`, `event_home`) VALUES
(11, 'ACCESS BRANDING AUDITORS TRAINING', '2009-01-25', '2009-01-31', 13, '<p>\r\n<meta content="text/html; charset=utf-8" http-equiv="Content-Type" />\r\n<meta content="Word.Document" name="ProgId" />\r\n<meta content="Microsoft Word 12" name="Generator" />\r\n<meta content="Microsoft Word 12" name="Originator" />\r\n<link href="file:///G:\\DOCUME~1\\User1\\LOCALS~1\\Temp\\msohtmlclip1\\01\\clip_filelist.xml" rel="File-List" />\r\n<link href="file:///G:\\DOCUME~1\\User1\\LOCALS~1\\Temp\\msohtmlclip1\\01\\clip_themedata.thmx" rel="themeData" />\r\n<link href="file:///G:\\DOCUME~1\\User1\\LOCALS~1\\Temp\\msohtmlclip1\\01\\clip_colorschememapping.xml" rel="colorSchemeMapping" /><!--[if gte mso 9]><xml>\r\n<w:LatentStyles DefLockedState="false" DefUnhideWhenUsed="true"\r\nDefSemiHidden="true" DefQFormat="false" DefPriority="99"\r\nLatentStyleCount="267">\r\n<w:LsdException Locked="false" Priority="0" SemiHidden="false"\r\nUnhideWhenUsed="false" QFormat="true" Name="Normal" />\r\n<w:LsdException Locked="false" Priority="9" SemiHidden="false"\r\nUnhideWhenUsed="false" QFormat="true" Name="heading 1" />\r\n<w:LsdException Locked="false" Priority="9" QFormat="true" Name="heading 2" />\r\n<w:LsdException Locked="false" Priority="9" QFormat="true" Name="heading 3" />\r\n<w:LsdException Locked="false" Priority="9" QFormat="true" Name="heading 4" />\r\n<w:LsdException Locked="false" Priority="9" QFormat="true" Name="heading 5" />\r\n<w:LsdException Locked="false" Priority="9" QFormat="true" Name="heading 6" />\r\n<w:LsdException Locked="false" Priority="9" QFormat="true" Name="heading 7" />\r\n<w:LsdException Locked="false" Priority="9" QFormat="true" Name="heading 8" />\r\n<w:LsdException Locked="false" Priority="9" QFormat="true" Name="heading 9" />\r\n<w:LsdException Locked="false" Priority="39" Name="toc 1" />\r\n<w:LsdException Locked="false" Priority="39" Name="toc 2" />\r\n<w:LsdException Locked="false" Priority="39" Name="toc 3" />\r\n<w:LsdException Locked="false" Priority="39" Name="toc 4" />\r\n<w:LsdException Locked="false" Priority="39" Name="toc 5" />\r\n<w:LsdException Locked="false" Priority="39" Name="toc 6" />\r\n<w:LsdException Locked="false" Priority="39" Name="toc 7" />\r\n<w:LsdException Locked="false" Priority="39" Name="toc 8" />\r\n<w:LsdException Locked="false" Priority="39" Name="toc 9" />\r\n<w:LsdException Locked="false" Priority="35" QFormat="true" Name="caption" />\r\n<w:LsdException Locked="false" Priority="10" SemiHidden="false"\r\nUnhideWhenUsed="false" QFormat="true" Name="Title" />\r\n<w:LsdException Locked="false" Priority="1" Name="Default Paragraph Font" />\r\n<w:LsdException Locked="false" Priority="11" SemiHidden="false"\r\nUnhideWhenUsed="false" QFormat="true" Name="Subtitle" />\r\n<w:LsdException Locked="false" Priority="22" SemiHidden="false"\r\nUnhideWhenUsed="false" QFormat="true" Name="Strong" />\r\n<w:LsdException Locked="false" Priority="20" SemiHidden="false"\r\nUnhideWhenUsed="false" QFormat="true" Name="Emphasis" />\r\n<w:LsdException Locked="false" Priority="59" SemiHidden="false"\r\nUnhideWhenUsed="false" Name="Table Grid" />\r\n<w:LsdException Locked="false" UnhideWhenUsed="false" Name="Placeholder Text" />\r\n<w:LsdException Locked="false" Priority="1" SemiHidden="false"\r\nUnhideWhenUsed="false" QFormat="true" Name="No Spacing" />\r\n<w:LsdException Locked="false" Priority="60" SemiHidden="false"\r\nUnhideWhenUsed="false" Name="Light Shading" />\r\n<w:LsdException Locked="false" Priority="61" SemiHidden="false"\r\nUnhideWhenUsed="false" Name="Light List" />\r\n<w:LsdException Locked="false" Priority="62" SemiHidden="false"\r\nUnhideWhenUsed="false" Name="Light Grid" />\r\n<w:LsdException Locked="false" Priority="63" SemiHidden="false"\r\nUnhideWhenUsed="false" Name="Medium Shading 1" />\r\n<w:LsdException Locked="false" Priority="64" SemiHidden="false"\r\nUnhideWhenUsed="false" Name="Medium Shading 2" />\r\n<w:LsdException Locked="false" Priority="65" SemiHidden="false"\r\nUnhideWhenUsed="false" Name="Medium List 1" />\r\n<w:LsdException Locked="false" Priority="66" SemiHidden="false"\r\nUnhideWhenUsed="false" Name="Medium List 2" />\r\n<w:LsdException Locked="false" Priority="67" SemiHidden="false"\r\nUnhideWhenUsed="false" Name="Medium Grid 1" />\r\n<w:LsdException Locked="false" Priority="68" SemiHidden="false"\r\nUnhideWhenUsed="false" Name="Medium Grid 2" />\r\n<w:LsdException Locked="false" Priority="69" SemiHidden="false"\r\nUnhideWhenUsed="false" Name="Medium Grid 3" />\r\n<w:LsdException Locked="false" Priority="70" SemiHidden="false"\r\nUnhideWhenUsed="false" Name="Dark List" />\r\n<w:LsdException Locked="false" Priority="71" SemiHidden="false"\r\nUnhideWhenUsed="false" Name="Colorful Shading" />\r\n<w:LsdException Locked="false" Priority="72" SemiHidden="false"\r\nUnhideWhenUsed="false" Name="Colorful List" />\r\n<w:LsdException Locked="false" Priority="73" SemiHidden="false"\r\nUnhideWhenUsed="false" Name="Colorful Grid" />\r\n<w:LsdException Locked="false" Priority="60" SemiHidden="false"\r\nUnhideWhenUsed="false" Name="Light Shading Accent 1" />\r\n<w:LsdException Locked="false" Priority="61" SemiHidden="false"\r\nUnhideWhenUsed="false" Name="Light List Accent 1" />\r\n<w:LsdException Locked="false" Priority="62" SemiHidden="false"\r\nUnhideWhenUsed="false" Name="Light Grid Accent 1" />\r\n<w:LsdException Locked="false" Priority="63" SemiHidden="false"\r\nUnhideWhenUsed="false" Name="Medium Shading 1 Accent 1" />\r\n<w:LsdException Locked="false" Priority="64" SemiHidden="false"\r\nUnhideWhenUsed="false" Name="Medium Shading 2 Accent 1" />\r\n<w:LsdException Locked="false" Priority="65" SemiHidden="false"\r\nUnhideWhenUsed="false" Name="Medium List 1 Accent 1" />\r\n<w:LsdException Locked="false" UnhideWhenUsed="false" Name="Revision" />\r\n<w:LsdException Locked="false" Priority="34" SemiHidden="false"\r\nUnhideWhenUsed="false" QFormat="true" Name="List Paragraph" />\r\n<w:LsdException Locked="false" Priority="29" SemiHidden="false"\r\nUnhideWhenUsed="false" QFormat="true" Name="Quote" />\r\n<w:LsdException Locked="false" Priority="30" SemiHidden="false"\r\nUnhideWhenUsed="false" QFormat="true" Name="Intense Quote" />\r\n<w:LsdException Locked="false" Priority="66" SemiHidden="false"\r\nUnhideWhenUsed="false" Name="Medium List 2 Accent 1" />\r\n<w:LsdException Locked="false" Priority="67" SemiHidden="false"\r\nUnhideWhenUsed="false" Name="Medium Grid 1 Accent 1" />\r\n<w:LsdException Locked="false" Priority="68" SemiHidden="false"\r\nUnhideWhenUsed="false" Name="Medium Grid 2 Accent 1" />\r\n<w:LsdException Locked="false" Priority="69" SemiHidden="false"\r\nUnhideWhenUsed="false" Name="Medium Grid 3 Accent 1" />\r\n<w:LsdException Locked="false" Priority="70" SemiHidden="false"\r\nUnhideWhenUsed="false" Name="Dark List Accent 1" />\r\n<w:LsdException Locked="false" Priority="71" SemiHidden="false"\r\nUnhideWhenUsed="false" Name="Colorful Shading Accent 1" />\r\n<w:LsdException Locked="false" Priority="72" SemiHidden="false"\r\nUnhideWhenUsed="false" Name="Colorful List Accent 1" />\r\n<w:LsdException Locked="false" Priority="73" SemiHidden="false"\r\nUnhideWhenUsed="false" Name="Colorful Grid Accent 1" />\r\n<w:LsdException Locked="false" Priority="60" SemiHidden="false"\r\nUnhideWhenUsed="false" Name="Light Shading Accent 2" />\r\n<w:LsdException Locked="false" Priority="61" SemiHidden="false"\r\nUnhideWhenUsed="false" Name="Light List Accent 2" />\r\n<w:LsdException Locked="false" Priority="62" SemiHidden="false"\r\nUnhideWhenUsed="false" Name="Light Grid Accent 2" />\r\n<w:LsdException Locked="false" Priority="63" SemiHidden="false"\r\nUnhideWhenUsed="false" Name="Medium Shading 1 Accent 2" />\r\n<w:LsdException Locked="false" Priority="64" SemiHidden="false"\r\nUnhideWhenUsed="false" Name="Medium Shading 2 Accent 2" />\r\n<w:LsdException Locked="false" Priority="65" SemiHidden="false"\r\nUnhideWhenUsed="false" Name="Medium List 1 Accent 2" />\r\n<w:LsdException Locked="false" Priority="66" SemiHidden="false"\r\nUnhideWhenUsed="false" Name="Medium List 2 Accent 2" />\r\n<w:LsdException Locked="false" Priority="67" SemiHidden="false"\r\nUnhideWhenUsed="false" Name="Medium Grid 1 Accent 2" />\r\n<w:LsdException Locked="false" Priority="68" SemiHidden="false"\r\nUnhideWhenUsed="false" Name="Medium Grid 2 Accent 2" />\r\n<w:LsdException Locked="false" Priority="69" SemiHidden="false"\r\nUnhideWhenUsed="false" Name="Medium Grid 3 Accent 2" />\r\n<w:LsdException Locked="false" Priority="70" SemiHidden="false"\r\nUnhideWhenUsed="false" Name="Dark List Accent 2" />\r\n<w:LsdException Locked="false" Priority="71" SemiHidden="false"\r\nUnhideWhenUsed="false" Name="Colorful Shading Accent 2" />\r\n<w:LsdException Locked="false" Priority="72" SemiHidden="false"\r\nUnhideWhenUsed="false" Name="Colorful List Accent 2" />\r\n<w:LsdException Locked="false" Priority="73" SemiHidden="false"\r\nUnhideWhenUsed="false" Name="Colorful Grid Accent 2" />\r\n<w:LsdException Locked="false" Priority="60" SemiHidden="false"\r\nUnhideWhenUsed="false" Name="Light Shading Accent 3" />\r\n<w:LsdException Locked="false" Priority="61" SemiHidden="false"\r\nUnhideWhenUsed="false" Name="Light List Accent 3" />\r\n<w:LsdException Locked="false" Priority="62" SemiHidden="false"\r\nUnhideWhenUsed="false" Name="Light Grid Accent 3" />\r\n<w:LsdException Locked="false" Priority="63" SemiHidden="false"\r\nUnhideWhenUsed="false" Name="Medium Shading 1 Accent 3" />\r\n<w:LsdException Locked="false" Priority="64" SemiHidden="false"\r\nUnhideWhenUsed="false" Name="Medium Shading 2 Accent 3" />\r\n<w:LsdException Locked="false" Priority="65" SemiHidden="false"\r\nUnhideWhenUsed="false" Name="Medium List 1 Accent 3" />\r\n<w:LsdException Locked="false" Priority="66" SemiHidden="false"\r\nUnhideWhenUsed="false" Name="Medium List 2 Accent 3" />\r\n<w:LsdException Locked="false" Priority="67" SemiHidden="false"\r\nUnhideWhenUsed="false" Name="Medium Grid 1 Accent 3" />\r\n<w:LsdException Locked="false" Priority="68" SemiHidden="false"\r\nUnhideWhenUsed="false" Name="Medium Grid 2 Accent 3" />\r\n<w:LsdException Locked="false" Priority="69" SemiHidden="false"\r\nUnhideWhenUsed="false" Name="Medium Grid 3 Accent 3" />\r\n<w:LsdException Locked="false" Priority="70" SemiHidden="false"\r\nUnhideWhenUsed="false" Name="Dark List Accent 3" />\r\n<w:LsdException Locked="false" Priority="71" SemiHidden="false"\r\nUnhideWhenUsed="false" Name="Colorful Shading Accent 3" />\r\n<w:LsdException Locked="false" Priority="72" SemiHidden="false"\r\nUnhideWhenUsed="false" Name="Colorful List Accent 3" />\r\n<w:LsdException Locked="false" Priority="73" SemiHidden="false"\r\nUnhideWhenUsed="false" Name="Colorful Grid Accent 3" />\r\n<w:LsdException Locked="false" Priority="60" SemiHidden="false"\r\nUnhideWhenUsed="false" Name="Light Shading Accent 4" />\r\n<w:LsdException Locked="false" Priority="61" SemiHidden="false"\r\nUnhideWhenUsed="false" Name="Light List Accent 4" />\r\n<w:LsdException Locked="false" Priority="62" SemiHidden="false"\r\nUnhideWhenUsed="false" Name="Light Grid Accent 4" />\r\n<w:LsdException Locked="false" Priority="63" SemiHidden="false"\r\nUnhideWhenUsed="false" Name="Medium Shading 1 Accent 4" />\r\n<w:LsdException Locked="false" Priority="64" SemiHidden="false"\r\nUnhideWhenUsed="false" Name="Medium Shading 2 Accent 4" />\r\n<w:LsdException Locked="false" Priority="65" SemiHidden="false"\r\nUnhideWhenUsed="false" Name="Medium List 1 Accent 4" />\r\n<w:LsdException Locked="false" Priority="66" SemiHidden="false"\r\nUnhideWhenUsed="false" Name="Medium List 2 Accent 4" />\r\n<w:LsdException Locked="false" Priority="67" SemiHidden="false"\r\nUnhideWhenUsed="false" Name="Medium Grid 1 Accent 4" />\r\n<w:LsdException Locked="false" Priority="68" SemiHidden="false"\r\nUnhideWhenUsed="false" Name="Medium Grid 2 Accent 4" />\r\n<w:LsdException Locked="false" Priority="69" SemiHidden="false"\r\nUnhideWhenUsed="false" Name="Medium Grid 3 Accent 4" />\r\n<w:LsdException Locked="false" Priority="70" SemiHidden="false"\r\nUnhideWhenUsed="false" Name="Dark List Accent 4" />\r\n<w:LsdException Locked="false" Priority="71" SemiHidden="false"\r\nUnhideWhenUsed="false" Name="Colorful Shading Accent 4" />\r\n<w:LsdException Locked="false" Priority="72" SemiHidden="false"\r\nUnhideWhenUsed="false" Name="Colorful List Accent 4" />\r\n<w:LsdException Locked="false" Priority="73" SemiHidden="false"\r\nUnhideWhenUsed="false" Name="Colorful Grid Accent 4" />\r\n<w:LsdException Locked="false" Priority="60" SemiHidden="false"\r\nUnhideWhenUsed="false" Name="Light Shading Accent 5" />\r\n<w:LsdException Locked="false" Priority="61" SemiHidden="false"\r\nUnhideWhenUsed="false" Name="Light List Accent 5" />\r\n<w:LsdException Locked="false" Priority="62" SemiHidden="false"\r\nUnhideWhenUsed="false" Name="Light Grid Accent 5" />\r\n<w:LsdException Locked="false" Priority="63" SemiHidden="false"\r\nUnhideWhenUsed="false" Name="Medium Shading 1 Accent 5" />\r\n<w:LsdException Locked="false" Priority="64" SemiHidden="false"\r\nUnhideWhenUsed="false" Name="Medium Shading 2 Accent 5" />\r\n<w:LsdException Locked="false" Priority="65" SemiHidden="false"\r\nUnhideWhenUsed="false" Name="Medium List 1 Accent 5" />\r\n<w:LsdException Locked="false" Priority="66" SemiHidden="false"\r\nUnhideWhenUsed="false" Name="Medium List 2 Accent 5" />\r\n<w:LsdException Locked="false" Priority="67" SemiHidden="false"\r\nUnhideWhenUsed="false" Name="Medium Grid 1 Accent 5" />\r\n<w:LsdException Locked="false" Priority="68" SemiHidden="false"\r\nUnhideWhenUsed="false" Name="Medium Grid 2 Accent 5" />\r\n<w:LsdException Locked="false" Priority="69" SemiHidden="false"\r\nUnhideWhenUsed="false" Name="Medium Grid 3 Accent 5" />\r\n<w:LsdException Locked="false" Priority="70" SemiHidden="false"\r\nUnhideWhenUsed="false" Name="Dark List Accent 5" />\r\n<w:LsdException Locked="false" Priority="71" SemiHidden="false"\r\nUnhideWhenUsed="false" Name="Colorful Shading Accent 5" />\r\n<w:LsdException Locked="false" Priority="72" SemiHidden="false"\r\nUnhideWhenUsed="false" Name="Colorful List Accent 5" />\r\n<w:LsdException Locked="false" Priority="73" SemiHidden="false"\r\nUnhideWhenUsed="false" Name="Colorful Grid Accent 5" />\r\n<w:LsdException Locked="false" Priority="60" SemiHidden="false"\r\nUnhideWhenUsed="false" Name="Light Shading Accent 6" />\r\n<w:LsdException Locked="false" Priority="61" SemiHidden="false"\r\nUnhideWhenUsed="false" Name="Light List Accent 6" />\r\n<w:LsdException Locked="false" Priority="62" SemiHidden="false"\r\nUnhideWhenUsed="false" Name="Light Grid Accent 6" />\r\n<w:LsdException Locked="false" Priority="63" SemiHidden="false"\r\nUnhideWhenUsed="false" Name="Medium Shading 1 Accent 6" />\r\n<w:LsdException Locked="false" Priority="64" SemiHidden="false"\r\nUnhideWhenUsed="false" Name="Medium Shading 2 Accent 6" />\r\n<w:LsdException Locked="false" Priority="65" SemiHidden="false"\r\nUnhideWhenUsed="false" Name="Medium List 1 Accent 6" />\r\n<w:LsdException Locked="false" Priority="66" SemiHidden="false"\r\nUnhideWhenUsed="false" Name="Medium List 2 Accent 6" />\r\n<w:LsdException Locked="false" Priority="67" SemiHidden="false"\r\nUnhideWhenUsed="false" Name="Medium Grid 1 Accent 6" />\r\n<w:LsdException Locked="false" Priority="68" SemiHidden="false"\r\nUnhideWhenUsed="false" Name="Medium Grid 2 Accent 6" />\r\n<w:LsdException Locked="false" Priority="69" SemiHidden="false"\r\nUnhideWhenUsed="false" Name="Medium Grid 3 Accent 6" />\r\n<w:LsdException Locked="false" Priority="70" SemiHidden="false"\r\nUnhideWhenUsed="false" Name="Dark List Accent 6" />\r\n<w:LsdException Locked="false" Priority="71" SemiHidden="false"\r\nUnhideWhenUsed="false" Name="Colorful Shading Accent 6" />\r\n<w:LsdException Locked="false" Priority="72" SemiHidden="false"\r\nUnhideWhenUsed="false" Name="Colorful List Accent 6" />\r\n<w:LsdException Locked="false" Priority="73" SemiHidden="false"\r\nUnhideWhenUsed="false" Name="Colorful Grid Accent 6" />\r\n<w:LsdException Locked="false" Priority="19" SemiHidden="false"\r\nUnhideWhenUsed="false" QFormat="true" Name="Subtle Emphasis" />\r\n<w:LsdException Locked="false" Priority="21" SemiHidden="false"\r\nUnhideWhenUsed="false" QFormat="true" Name="Intense Emphasis" />\r\n<w:LsdException Locked="false" Priority="31" SemiHidden="false"\r\nUnhideWhenUsed="false" QFormat="true" Name="Subtle Reference" />\r\n<w:LsdException Locked="false" Priority="32" SemiHidden="false"\r\nUnhideWhenUsed="false" QFormat="true" Name="Intense Reference" />\r\n<w:LsdException Locked="false" Priority="33" SemiHidden="false"\r\nUnhideWhenUsed="false" QFormat="true" Name="Book Title" />\r\n<w:LsdException Locked="false" Priority="37" Name="Bibliography" />\r\n<w:LsdException Locked="false" Priority="39" QFormat="true" Name="TOC Heading" />\r\n</w:LatentStyles>\r\n</xml><![endif]--><style type="text/css">\r\n<!--\r\n /* Font Definitions */\r\n @font-face\r\n	{font-family:Batang;\r\n	panose-1:2 3 6 0 0 1 1 1 1 1;\r\n	mso-font-alt:&#48148;&#53461;;\r\n	mso-font-charset:129;\r\n	mso-generic-font-family:auto;\r\n	mso-font-format:other;\r\n	mso-font-pitch:fixed;\r\n	mso-font-signature:1 151388160 16 0 524288 0;}\r\n@font-face\r\n	{font-family:"Cambria Math";\r\n	panose-1:2 4 5 3 5 4 6 3 2 4;\r\n	mso-font-charset:0;\r\n	mso-generic-font-family:roman;\r\n	mso-font-pitch:variable;\r\n	mso-font-signature:-1610611985 1107304683 0 0 159 0;}\r\n@font-face\r\n	{font-family:"\\@Batang";\r\n	panose-1:0 0 0 0 0 0 0 0 0 0;\r\n	mso-font-charset:129;\r\n	mso-generic-font-family:auto;\r\n	mso-font-format:other;\r\n	mso-font-pitch:fixed;\r\n	mso-font-signature:1 151388160 16 0 524288 0;}\r\n /* Style Definitions */\r\n p.MsoNormal, li.MsoNormal, div.MsoNormal\r\n	{mso-style-unhide:no;\r\n	mso-style-qformat:yes;\r\n	mso-style-parent:"";\r\n	margin:0in;\r\n	margin-bottom:.0001pt;\r\n	mso-pagination:widow-orphan;\r\n	font-size:10.0pt;\r\n	font-family:"Times New Roman","serif";\r\n	mso-fareast-font-family:Batang;\r\n	mso-fareast-language:KO;\r\n	mso-bidi-language:TH;\r\n	font-weight:bold;}\r\n.MsoChpDefault\r\n	{mso-style-type:export-only;\r\n	mso-default-props:yes;\r\n	font-size:10.0pt;\r\n	mso-ansi-font-size:10.0pt;\r\n	mso-bidi-font-size:10.0pt;\r\n	mso-fareast-font-family:Batang;\r\n	mso-bidi-font-family:"Angsana New";}\r\n@page Section1\r\n	{size:8.5in 11.0in;\r\n	margin:1.0in 1.0in 1.0in 1.0in;\r\n	mso-header-margin:.5in;\r\n	mso-footer-margin:.5in;\r\n	mso-paper-source:0;}\r\ndiv.Section1\r\n	{page:Section1;}\r\n-->\r\n</style><!--[if gte mso 10]>\r\n<style>\r\n/* Style Definitions */\r\ntable.MsoNormalTable\r\n{mso-style-name:"Table Normal";\r\nmso-tstyle-rowband-size:0;\r\nmso-tstyle-colband-size:0;\r\nmso-style-noshow:yes;\r\nmso-style-priority:99;\r\nmso-style-qformat:yes;\r\nmso-style-parent:"";\r\nmso-padding-alt:0in 5.4pt 0in 5.4pt;\r\nmso-para-margin:0in;\r\nmso-para-margin-bottom:.0001pt;\r\nmso-pagination:widow-orphan;\r\nfont-size:11.0pt;\r\nfont-family:"Calibri","sans-serif";\r\nmso-ascii-font-family:Calibri;\r\nmso-ascii-theme-font:minor-latin;\r\nmso-fareast-font-family:"Times New Roman";\r\nmso-fareast-theme-font:minor-fareast;\r\nmso-hansi-font-family:Calibri;\r\nmso-hansi-theme-font:minor-latin;\r\nmso-bidi-font-family:"Times New Roman";\r\nmso-bidi-theme-font:minor-bidi;}\r\n</style>\r\n<![endif]-->\r\n<p class="MsoNormal"><span style="font-size: 11pt; font-family: &quot;Arial&quot;,&quot;sans-serif&quot;; font-weight: normal;">Attendees are the Trainers or technical staff of the national federations of ACCU member organizations and technical person from the Cooperative or Auditing Department in charge of the supervision and inspection of cooperatives/credit unions.<span style="">&nbsp; </span></span><span style="font-size: 11pt; font-family: &quot;Arial&quot;,&quot;sans-serif&quot;; font-weight: normal;">ACCU has developed the quality assurance tool for credit unions called ACCESS, an acronym for A-1 Competitive Choice for Competitiveness and Excellence in Service and Soundness. Using the Balanced Scorecard architecture, ACCESS comprises 86 indicators on four perspectives of credit union operations &ndash; finance, learning and growth, customer-member and internal business processes. At this training, ACCU is building the capacity of its member organizations to carry out quality assurance review of credit unions undergoing ACCESS accreditation. </span><span style="font-size: 11pt; font-family: &quot;Arial&quot;,&quot;sans-serif&quot;; font-weight: normal;"><o:p></o:p></span></p>\r\n</p>', 'up comming', '', '', 1),
(12, '66th Board of Directors'' Meeting', '2009-04-20', '2009-04-23', 13, '<p>\r\n<meta content="text/html; charset=utf-8" http-equiv="Content-Type" />\r\n<meta content="Word.Document" name="ProgId" />\r\n<meta content="Microsoft Word 12" name="Generator" />\r\n<meta content="Microsoft Word 12" name="Originator" />\r\n<link href="file:///G:DOCUME~1User1LOCALS~1Tempmsohtmlclip11clip_filelist.xml" rel="File-List" />\r\n<link href="file:///G:DOCUME~1User1LOCALS~1Tempmsohtmlclip11clip_themedata.thmx" rel="themeData" />\r\n<link href="file:///G:DOCUME~1User1LOCALS~1Tempmsohtmlclip11clip_colorschememapping.xml" rel="colorSchemeMapping" /><!--[if gte mso 9]><xml>\r\n<w:LatentStyles DefLockedState="false" DefUnhideWhenUsed="true"\r\nDefSemiHidden="true" DefQFormat="false" DefPriority="99"\r\nLatentStyleCount="267">\r\n<w:LsdException Locked="false" Priority="0" SemiHidden="false"\r\nUnhideWhenUsed="false" QFormat="true" Name="Normal" />\r\n<w:LsdException Locked="false" Priority="9" SemiHidden="false"\r\nUnhideWhenUsed="false" QFormat="true" Name="heading 1" />\r\n<w:LsdException Locked="false" Priority="9" QFormat="true" Name="heading 2" />\r\n<w:LsdException Locked="false" Priority="9" QFormat="true" Name="heading 3" />\r\n<w:LsdException Locked="false" Priority="9" QFormat="true" Name="heading 4" />\r\n<w:LsdException Locked="false" Priority="9" QFormat="true" Name="heading 5" />\r\n<w:LsdException Locked="false" Priority="9" QFormat="true" Name="heading 6" />\r\n<w:LsdException Locked="false" Priority="9" QFormat="true" Name="heading 7" />\r\n<w:LsdException Locked="false" Priority="9" QFormat="true" Name="heading 8" />\r\n<w:LsdException Locked="false" Priority="9" QFormat="true" Name="heading 9" />\r\n<w:LsdException Locked="false" Priority="39" Name="toc 1" />\r\n<w:LsdException Locked="false" Priority="39" Name="toc 2" />\r\n<w:LsdException Locked="false" Priority="39" Name="toc 3" />\r\n<w:LsdException Locked="false" Priority="39" Name="toc 4" />\r\n<w:LsdException Locked="false" Priority="39" Name="toc 5" />\r\n<w:LsdException Locked="false" Priority="39" Name="toc 6" />\r\n<w:LsdException Locked="false" Priority="39" Name="toc 7" />\r\n<w:LsdException Locked="false" Priority="39" Name="toc 8" />\r\n<w:LsdException Locked="false" Priority="39" Name="toc 9" />\r\n<w:LsdException Locked="false" Priority="35" QFormat="true" Name="caption" />\r\n<w:LsdException Locked="false" Priority="10" SemiHidden="false"\r\nUnhideWhenUsed="false" QFormat="true" Name="Title" />\r\n<w:LsdException Locked="false" Priority="1" Name="Default Paragraph Font" />\r\n<w:LsdException Locked="false" Priority="11" SemiHidden="false"\r\nUnhideWhenUsed="false" QFormat="true" Name="Subtitle" />\r\n<w:LsdException Locked="false" Priority="22" SemiHidden="false"\r\nUnhideWhenUsed="false" QFormat="true" Name="Strong" />\r\n<w:LsdException Locked="false" Priority="20" SemiHidden="false"\r\nUnhideWhenUsed="false" QFormat="true" Name="Emphasis" />\r\n<w:LsdException Locked="false" Priority="59" SemiHidden="false"\r\nUnhideWhenUsed="false" Name="Table Grid" />\r\n<w:LsdException Locked="false" UnhideWhenUsed="false" Name="Placeholder Text" />\r\n<w:LsdException Locked="false" Priority="1" SemiHidden="false"\r\nUnhideWhenUsed="false" QFormat="true" Name="No Spacing" />\r\n<w:LsdException Locked="false" Priority="60" SemiHidden="false"\r\nUnhideWhenUsed="false" Name="Light Shading" />\r\n<w:LsdException Locked="false" Priority="61" SemiHidden="false"\r\nUnhideWhenUsed="false" Name="Light List" />\r\n<w:LsdException Locked="false" Priority="62" SemiHidden="false"\r\nUnhideWhenUsed="false" Name="Light Grid" />\r\n<w:LsdException Locked="false" Priority="63" SemiHidden="false"\r\nUnhideWhenUsed="false" Name="Medium Shading 1" />\r\n<w:LsdException Locked="false" Priority="64" SemiHidden="false"\r\nUnhideWhenUsed="false" Name="Medium Shading 2" />\r\n<w:LsdException Locked="false" Priority="65" SemiHidden="false"\r\nUnhideWhenUsed="false" Name="Medium List 1" />\r\n<w:LsdException Locked="false" Priority="66" SemiHidden="false"\r\nUnhideWhenUsed="false" Name="Medium List 2" />\r\n<w:LsdException Locked="false" Priority="67" SemiHidden="false"\r\nUnhideWhenUsed="false" Name="Medium Grid 1" />\r\n<w:LsdException Locked="false" Priority="68" SemiHidden="false"\r\nUnhideWhenUsed="false" Name="Medium Grid 2" />\r\n<w:LsdException Locked="false" Priority="69" SemiHidden="false"\r\nUnhideWhenUsed="false" Name="Medium Grid 3" />\r\n<w:LsdException Locked="false" Priority="70" SemiHidden="false"\r\nUnhideWhenUsed="false" Name="Dark List" />\r\n<w:LsdException Locked="false" Priority="71" SemiHidden="false"\r\nUnhideWhenUsed="false" Name="Colorful Shading" />\r\n<w:LsdException Locked="false" Priority="72" SemiHidden="false"\r\nUnhideWhenUsed="false" Name="Colorful List" />\r\n<w:LsdException Locked="false" Priority="73" SemiHidden="false"\r\nUnhideWhenUsed="false" Name="Colorful Grid" />\r\n<w:LsdException Locked="false" Priority="60" SemiHidden="false"\r\nUnhideWhenUsed="false" Name="Light Shading Accent 1" />\r\n<w:LsdException Locked="false" Priority="61" SemiHidden="false"\r\nUnhideWhenUsed="false" Name="Light List Accent 1" />\r\n<w:LsdException Locked="false" Priority="62" SemiHidden="false"\r\nUnhideWhenUsed="false" Name="Light Grid Accent 1" />\r\n<w:LsdException Locked="false" Priority="63" SemiHidden="false"\r\nUnhideWhenUsed="false" Name="Medium Shading 1 Accent 1" />\r\n<w:LsdException Locked="false" Priority="64" SemiHidden="false"\r\nUnhideWhenUsed="false" Name="Medium Shading 2 Accent 1" />\r\n<w:LsdException Locked="false" Priority="65" SemiHidden="false"\r\nUnhideWhenUsed="false" Name="Medium List 1 Accent 1" />\r\n<w:LsdException Locked="false" UnhideWhenUsed="false" Name="Revision" />\r\n<w:LsdException Locked="false" Priority="34" SemiHidden="false"\r\nUnhideWhenUsed="false" QFormat="true" Name="List Paragraph" />\r\n<w:LsdException Locked="false" Priority="29" SemiHidden="false"\r\nUnhideWhenUsed="false" QFormat="true" Name="Quote" />\r\n<w:LsdException Locked="false" Priority="30" SemiHidden="false"\r\nUnhideWhenUsed="false" QFormat="true" Name="Intense Quote" />\r\n<w:LsdException Locked="false" Priority="66" SemiHidden="false"\r\nUnhideWhenUsed="false" Name="Medium List 2 Accent 1" />\r\n<w:LsdException Locked="false" Priority="67" SemiHidden="false"\r\nUnhideWhenUsed="false" Name="Medium Grid 1 Accent 1" />\r\n<w:LsdException Locked="false" Priority="68" SemiHidden="false"\r\nUnhideWhenUsed="false" Name="Medium Grid 2 Accent 1" />\r\n<w:LsdException Locked="false" Priority="69" SemiHidden="false"\r\nUnhideWhenUsed="false" Name="Medium Grid 3 Accent 1" />\r\n<w:LsdException Locked="false" Priority="70" SemiHidden="false"\r\nUnhideWhenUsed="false" Name="Dark List Accent 1" />\r\n<w:LsdException Locked="false" Priority="71" SemiHidden="false"\r\nUnhideWhenUsed="false" Name="Colorful Shading Accent 1" />\r\n<w:LsdException Locked="false" Priority="72" SemiHidden="false"\r\nUnhideWhenUsed="false" Name="Colorful List Accent 1" />\r\n<w:LsdException Locked="false" Priority="73" SemiHidden="false"\r\nUnhideWhenUsed="false" Name="Colorful Grid Accent 1" />\r\n<w:LsdException Locked="false" Priority="60" SemiHidden="false"\r\nUnhideWhenUsed="false" Name="Light Shading Accent 2" />\r\n<w:LsdException Locked="false" Priority="61" SemiHidden="false"\r\nUnhideWhenUsed="false" Name="Light List Accent 2" />\r\n<w:LsdException Locked="false" Priority="62" SemiHidden="false"\r\nUnhideWhenUsed="false" Name="Light Grid Accent 2" />\r\n<w:LsdException Locked="false" Priority="63" SemiHidden="false"\r\nUnhideWhenUsed="false" Name="Medium Shading 1 Accent 2" />\r\n<w:LsdException Locked="false" Priority="64" SemiHidden="false"\r\nUnhideWhenUsed="false" Name="Medium Shading 2 Accent 2" />\r\n<w:LsdException Locked="false" Priority="65" SemiHidden="false"\r\nUnhideWhenUsed="false" Name="Medium List 1 Accent 2" />\r\n<w:LsdException Locked="false" Priority="66" SemiHidden="false"\r\nUnhideWhenUsed="false" Name="Medium List 2 Accent 2" />\r\n<w:LsdException Locked="false" Priority="67" SemiHidden="false"\r\nUnhideWhenUsed="false" Name="Medium Grid 1 Accent 2" />\r\n<w:LsdException Locked="false" Priority="68" SemiHidden="false"\r\nUnhideWhenUsed="false" Name="Medium Grid 2 Accent 2" />\r\n<w:LsdException Locked="false" Priority="69" SemiHidden="false"\r\nUnhideWhenUsed="false" Name="Medium Grid 3 Accent 2" />\r\n<w:LsdException Locked="false" Priority="70" SemiHidden="false"\r\nUnhideWhenUsed="false" Name="Dark List Accent 2" />\r\n<w:LsdException Locked="false" Priority="71" SemiHidden="false"\r\nUnhideWhenUsed="false" Name="Colorful Shading Accent 2" />\r\n<w:LsdException Locked="false" Priority="72" SemiHidden="false"\r\nUnhideWhenUsed="false" Name="Colorful List Accent 2" />\r\n<w:LsdException Locked="false" Priority="73" SemiHidden="false"\r\nUnhideWhenUsed="false" Name="Colorful Grid Accent 2" />\r\n<w:LsdException Locked="false" Priority="60" SemiHidden="false"\r\nUnhideWhenUsed="false" Name="Light Shading Accent 3" />\r\n<w:LsdException Locked="false" Priority="61" SemiHidden="false"\r\nUnhideWhenUsed="false" Name="Light List Accent 3" />\r\n<w:LsdException Locked="false" Priority="62" SemiHidden="false"\r\nUnhideWhenUsed="false" Name="Light Grid Accent 3" />\r\n<w:LsdException Locked="false" Priority="63" SemiHidden="false"\r\nUnhideWhenUsed="false" Name="Medium Shading 1 Accent 3" />\r\n<w:LsdException Locked="false" Priority="64" SemiHidden="false"\r\nUnhideWhenUsed="false" Name="Medium Shading 2 Accent 3" />\r\n<w:LsdException Locked="false" Priority="65" SemiHidden="false"\r\nUnhideWhenUsed="false" Name="Medium List 1 Accent 3" />\r\n<w:LsdException Locked="false" Priority="66" SemiHidden="false"\r\nUnhideWhenUsed="false" Name="Medium List 2 Accent 3" />\r\n<w:LsdException Locked="false" Priority="67" SemiHidden="false"\r\nUnhideWhenUsed="false" Name="Medium Grid 1 Accent 3" />\r\n<w:LsdException Locked="false" Priority="68" SemiHidden="false"\r\nUnhideWhenUsed="false" Name="Medium Grid 2 Accent 3" />\r\n<w:LsdException Locked="false" Priority="69" SemiHidden="false"\r\nUnhideWhenUsed="false" Name="Medium Grid 3 Accent 3" />\r\n<w:LsdException Locked="false" Priority="70" SemiHidden="false"\r\nUnhideWhenUsed="false" Name="Dark List Accent 3" />\r\n<w:LsdException Locked="false" Priority="71" SemiHidden="false"\r\nUnhideWhenUsed="false" Name="Colorful Shading Accent 3" />\r\n<w:LsdException Locked="false" Priority="72" SemiHidden="false"\r\nUnhideWhenUsed="false" Name="Colorful List Accent 3" />\r\n<w:LsdException Locked="false" Priority="73" SemiHidden="false"\r\nUnhideWhenUsed="false" Name="Colorful Grid Accent 3" />\r\n<w:LsdException Locked="false" Priority="60" SemiHidden="false"\r\nUnhideWhenUsed="false" Name="Light Shading Accent 4" />\r\n<w:LsdException Locked="false" Priority="61" SemiHidden="false"\r\nUnhideWhenUsed="false" Name="Light List Accent 4" />\r\n<w:LsdException Locked="false" Priority="62" SemiHidden="false"\r\nUnhideWhenUsed="false" Name="Light Grid Accent 4" />\r\n<w:LsdException Locked="false" Priority="63" SemiHidden="false"\r\nUnhideWhenUsed="false" Name="Medium Shading 1 Accent 4" />\r\n<w:LsdException Locked="false" Priority="64" SemiHidden="false"\r\nUnhideWhenUsed="false" Name="Medium Shading 2 Accent 4" />\r\n<w:LsdException Locked="false" Priority="65" SemiHidden="false"\r\nUnhideWhenUsed="false" Name="Medium List 1 Accent 4" />\r\n<w:LsdException Locked="false" Priority="66" SemiHidden="false"\r\nUnhideWhenUsed="false" Name="Medium List 2 Accent 4" />\r\n<w:LsdException Locked="false" Priority="67" SemiHidden="false"\r\nUnhideWhenUsed="false" Name="Medium Grid 1 Accent 4" />\r\n<w:LsdException Locked="false" Priority="68" SemiHidden="false"\r\nUnhideWhenUsed="false" Name="Medium Grid 2 Accent 4" />\r\n<w:LsdException Locked="false" Priority="69" SemiHidden="false"\r\nUnhideWhenUsed="false" Name="Medium Grid 3 Accent 4" />\r\n<w:LsdException Locked="false" Priority="70" SemiHidden="false"\r\nUnhideWhenUsed="false" Name="Dark List Accent 4" />\r\n<w:LsdException Locked="false" Priority="71" SemiHidden="false"\r\nUnhideWhenUsed="false" Name="Colorful Shading Accent 4" />\r\n<w:LsdException Locked="false" Priority="72" SemiHidden="false"\r\nUnhideWhenUsed="false" Name="Colorful List Accent 4" />\r\n<w:LsdException Locked="false" Priority="73" SemiHidden="false"\r\nUnhideWhenUsed="false" Name="Colorful Grid Accent 4" />\r\n<w:LsdException Locked="false" Priority="60" SemiHidden="false"\r\nUnhideWhenUsed="false" Name="Light Shading Accent 5" />\r\n<w:LsdException Locked="false" Priority="61" SemiHidden="false"\r\nUnhideWhenUsed="false" Name="Light List Accent 5" />\r\n<w:LsdException Locked="false" Priority="62" SemiHidden="false"\r\nUnhideWhenUsed="false" Name="Light Grid Accent 5" />\r\n<w:LsdException Locked="false" Priority="63" SemiHidden="false"\r\nUnhideWhenUsed="false" Name="Medium Shading 1 Accent 5" />\r\n<w:LsdException Locked="false" Priority="64" SemiHidden="false"\r\nUnhideWhenUsed="false" Name="Medium Shading 2 Accent 5" />\r\n<w:LsdException Locked="false" Priority="65" SemiHidden="false"\r\nUnhideWhenUsed="false" Name="Medium List 1 Accent 5" />\r\n<w:LsdException Locked="false" Priority="66" SemiHidden="false"\r\nUnhideWhenUsed="false" Name="Medium List 2 Accent 5" />\r\n<w:LsdException Locked="false" Priority="67" SemiHidden="false"\r\nUnhideWhenUsed="false" Name="Medium Grid 1 Accent 5" />\r\n<w:LsdException Locked="false" Priority="68" SemiHidden="false"\r\nUnhideWhenUsed="false" Name="Medium Grid 2 Accent 5" />\r\n<w:LsdException Locked="false" Priority="69" SemiHidden="false"\r\nUnhideWhenUsed="false" Name="Medium Grid 3 Accent 5" />\r\n<w:LsdException Locked="false" Priority="70" SemiHidden="false"\r\nUnhideWhenUsed="false" Name="Dark List Accent 5" />\r\n<w:LsdException Locked="false" Priority="71" SemiHidden="false"\r\nUnhideWhenUsed="false" Name="Colorful Shading Accent 5" />\r\n<w:LsdException Locked="false" Priority="72" SemiHidden="false"\r\nUnhideWhenUsed="false" Name="Colorful List Accent 5" />\r\n<w:LsdException Locked="false" Priority="73" SemiHidden="false"\r\nUnhideWhenUsed="false" Name="Colorful Grid Accent 5" />\r\n<w:LsdException Locked="false" Priority="60" SemiHidden="false"\r\nUnhideWhenUsed="false" Name="Light Shading Accent 6" />\r\n<w:LsdException Locked="false" Priority="61" SemiHidden="false"\r\nUnhideWhenUsed="false" Name="Light List Accent 6" />\r\n<w:LsdException Locked="false" Priority="62" SemiHidden="false"\r\nUnhideWhenUsed="false" Name="Light Grid Accent 6" />\r\n<w:LsdException Locked="false" Priority="63" SemiHidden="false"\r\nUnhideWhenUsed="false" Name="Medium Shading 1 Accent 6" />\r\n<w:LsdException Locked="false" Priority="64" SemiHidden="false"\r\nUnhideWhenUsed="false" Name="Medium Shading 2 Accent 6" />\r\n<w:LsdException Locked="false" Priority="65" SemiHidden="false"\r\nUnhideWhenUsed="false" Name="Medium List 1 Accent 6" />\r\n<w:LsdException Locked="false" Priority="66" SemiHidden="false"\r\nUnhideWhenUsed="false" Name="Medium List 2 Accent 6" />\r\n<w:LsdException Locked="false" Priority="67" SemiHidden="false"\r\nUnhideWhenUsed="false" Name="Medium Grid 1 Accent 6" />\r\n<w:LsdException Locked="false" Priority="68" SemiHidden="false"\r\nUnhideWhenUsed="false" Name="Medium Grid 2 Accent 6" />\r\n<w:LsdException Locked="false" Priority="69" SemiHidden="false"\r\nUnhideWhenUsed="false" Name="Medium Grid 3 Accent 6" />\r\n<w:LsdException Locked="false" Priority="70" SemiHidden="false"\r\nUnhideWhenUsed="false" Name="Dark List Accent 6" />\r\n<w:LsdException Locked="false" Priority="71" SemiHidden="false"\r\nUnhideWhenUsed="false" Name="Colorful Shading Accent 6" />\r\n<w:LsdException Locked="false" Priority="72" SemiHidden="false"\r\nUnhideWhenUsed="false" Name="Colorful List Accent 6" />\r\n<w:LsdException Locked="false" Priority="73" SemiHidden="false"\r\nUnhideWhenUsed="false" Name="Colorful Grid Accent 6" />\r\n<w:LsdException Locked="false" Priority="19" SemiHidden="false"\r\nUnhideWhenUsed="false" QFormat="true" Name="Subtle Emphasis" />\r\n<w:LsdException Locked="false" Priority="21" SemiHidden="false"\r\nUnhideWhenUsed="false" QFormat="true" Name="Intense Emphasis" />\r\n<w:LsdException Locked="false" Priority="31" SemiHidden="false"\r\nUnhideWhenUsed="false" QFormat="true" Name="Subtle Reference" />\r\n<w:LsdException Locked="false" Priority="32" SemiHidden="false"\r\nUnhideWhenUsed="false" QFormat="true" Name="Intense Reference" />\r\n<w:LsdException Locked="false" Priority="33" SemiHidden="false"\r\nUnhideWhenUsed="false" QFormat="true" Name="Book Title" />\r\n<w:LsdException Locked="false" Priority="37" Name="Bibliography" />\r\n<w:LsdException Locked="false" Priority="39" QFormat="true" Name="TOC Heading" />\r\n</w:LatentStyles>\r\n</xml><![endif]--><style type="text/css">\r\n<!--\r\n /* Font Definitions */\r\n @font-face\r\n	{font-family:Batang;\r\n	panose-1:2 3 6 0 0 1 1 1 1 1;\r\n	mso-font-alt:&#48148;&#53461;;\r\n	mso-font-charset:129;\r\n	mso-generic-font-family:auto;\r\n	mso-font-format:other;\r\n	mso-font-pitch:fixed;\r\n	mso-font-signature:1 151388160 16 0 524288 0;}\r\n@font-face\r\n	{font-family:"Cambria Math";\r\n	panose-1:2 4 5 3 5 4 6 3 2 4;\r\n	mso-font-charset:0;\r\n	mso-generic-font-family:roman;\r\n	mso-font-pitch:variable;\r\n	mso-font-signature:-1610611985 1107304683 0 0 159 0;}\r\n@font-face\r\n	{font-family:"@Batang";\r\n	panose-1:0 0 0 0 0 0 0 0 0 0;\r\n	mso-font-charset:129;\r\n	mso-generic-font-family:auto;\r\n	mso-font-format:other;\r\n	mso-font-pitch:fixed;\r\n	mso-font-signature:1 151388160 16 0 524288 0;}\r\n /* Style Definitions */\r\n p.MsoNormal, li.MsoNormal, div.MsoNormal\r\n	{mso-style-unhide:no;\r\n	mso-style-qformat:yes;\r\n	mso-style-parent:"";\r\n	margin:0in;\r\n	margin-bottom:.0001pt;\r\n	mso-pagination:widow-orphan;\r\n	font-size:10.0pt;\r\n	font-family:"Times New Roman","serif";\r\n	mso-fareast-font-family:Batang;\r\n	mso-fareast-language:KO;\r\n	mso-bidi-language:TH;\r\n	font-weight:bold;}\r\n.MsoChpDefault\r\n	{mso-style-type:export-only;\r\n	mso-default-props:yes;\r\n	font-size:10.0pt;\r\n	mso-ansi-font-size:10.0pt;\r\n	mso-bidi-font-size:10.0pt;\r\n	mso-fareast-font-family:Batang;\r\n	mso-bidi-font-family:"Angsana New";}\r\n@page Section1\r\n	{size:8.5in 11.0in;\r\n	margin:1.0in 1.0in 1.0in 1.0in;\r\n	mso-header-margin:.5in;\r\n	mso-footer-margin:.5in;\r\n	mso-paper-source:0;}\r\ndiv.Section1\r\n	{page:Section1;}\r\n--></style><!--[if gte mso 10]>\r\n<style>\r\n/* Style Definitions */\r\ntable.MsoNormalTable\r\n{mso-style-name:"Table Normal";\r\nmso-tstyle-rowband-size:0;\r\nmso-tstyle-colband-size:0;\r\nmso-style-noshow:yes;\r\nmso-style-priority:99;\r\nmso-style-qformat:yes;\r\nmso-style-parent:"";\r\nmso-padding-alt:0in 5.4pt 0in 5.4pt;\r\nmso-para-margin:0in;\r\nmso-para-margin-bottom:.0001pt;\r\nmso-pagination:widow-orphan;\r\nfont-size:11.0pt;\r\nfont-family:"Calibri","sans-serif";\r\nmso-ascii-font-family:Calibri;\r\nmso-ascii-theme-font:minor-latin;\r\nmso-fareast-font-family:"Times New Roman";\r\nmso-fareast-theme-font:minor-fareast;\r\nmso-hansi-font-family:Calibri;\r\nmso-hansi-theme-font:minor-latin;\r\nmso-bidi-font-family:"Times New Roman";\r\nmso-bidi-theme-font:minor-bidi;}\r\n</style>\r\n<![endif]--></p>\r\n<p class="MsoNormal"><span style="font-size: 11pt; font-family: ">66<sup>th</sup> Regular Board of Directors Meeting of ACCU and Board planning session for the 2009-2014 Asian Credit Union Roadmap.<o:p></o:p></span></p>\r\n<p>&nbsp;</p>', 'u', 'Thailand', '', 1);
INSERT INTO `event` (`event_id`, `event_name`, `event_starting_date`, `event_end_date`, `country_id`, `description`, `type`, `location_description`, `event_image`, `event_home`) VALUES
(13, ' 4th CREDIT UNION/REGULATORS CONFERENCE', '2009-04-22', '2009-04-26', 13, '<p>\r\n<meta content="text/html; charset=utf-8" http-equiv="Content-Type" />\r\n<meta content="Word.Document" name="ProgId" />\r\n<meta content="Microsoft Word 12" name="Generator" />\r\n<meta content="Microsoft Word 12" name="Originator" />\r\n<link href="file:///G:\\DOCUME~1\\User1\\LOCALS~1\\Temp\\msohtmlclip1\\01\\clip_filelist.xml" rel="File-List" />\r\n<link href="file:///G:\\DOCUME~1\\User1\\LOCALS~1\\Temp\\msohtmlclip1\\01\\clip_themedata.thmx" rel="themeData" />\r\n<link href="file:///G:\\DOCUME~1\\User1\\LOCALS~1\\Temp\\msohtmlclip1\\01\\clip_colorschememapping.xml" rel="colorSchemeMapping" /></p>\r\n<!--[if gte mso 9]><xml>\r\n<w:LatentStyles DefLockedState="false" DefUnhideWhenUsed="true"\r\nDefSemiHidden="true" DefQFormat="false" DefPriority="99"\r\nLatentStyleCount="267">\r\n<w:LsdException Locked="false" Priority="0" SemiHidden="false"\r\nUnhideWhenUsed="false" QFormat="true" Name="Normal" />\r\n<w:LsdException Locked="false" Priority="9" SemiHidden="false"\r\nUnhideWhenUsed="false" QFormat="true" Name="heading 1" />\r\n<w:LsdException Locked="false" Priority="9" QFormat="true" Name="heading 2" />\r\n<w:LsdException Locked="false" Priority="9" QFormat="true" Name="heading 3" />\r\n<w:LsdException Locked="false" Priority="9" QFormat="true" Name="heading 4" />\r\n<w:LsdException Locked="false" Priority="9" QFormat="true" Name="heading 5" />\r\n<w:LsdException Locked="false" Priority="9" QFormat="true" Name="heading 6" />\r\n<w:LsdException Locked="false" Priority="9" QFormat="true" Name="heading 7" />\r\n<w:LsdException Locked="false" Priority="9" QFormat="true" Name="heading 8" />\r\n<w:LsdException Locked="false" Priority="9" QFormat="true" Name="heading 9" />\r\n<w:LsdException Locked="false" Priority="39" Name="toc 1" />\r\n<w:LsdException Locked="false" Priority="39" Name="toc 2" />\r\n<w:LsdException Locked="false" Priority="39" Name="toc 3" />\r\n<w:LsdException Locked="false" Priority="39" Name="toc 4" />\r\n<w:LsdException Locked="false" Priority="39" Name="toc 5" />\r\n<w:LsdException Locked="false" Priority="39" Name="toc 6" />\r\n<w:LsdException Locked="false" Priority="39" Name="toc 7" />\r\n<w:LsdException Locked="false" Priority="39" Name="toc 8" />\r\n<w:LsdException Locked="false" Priority="39" Name="toc 9" />\r\n<w:LsdException Locked="false" Priority="35" QFormat="true" Name="caption" />\r\n<w:LsdException Locked="false" Priority="10" SemiHidden="false"\r\nUnhideWhenUsed="false" QFormat="true" Name="Title" />\r\n<w:LsdException Locked="false" Priority="1" Name="Default Paragraph Font" />\r\n<w:LsdException Locked="false" Priority="11" SemiHidden="false"\r\nUnhideWhenUsed="false" QFormat="true" Name="Subtitle" />\r\n<w:LsdException Locked="false" Priority="22" SemiHidden="false"\r\nUnhideWhenUsed="false" QFormat="true" Name="Strong" />\r\n<w:LsdException Locked="false" Priority="20" SemiHidden="false"\r\nUnhideWhenUsed="false" QFormat="true" Name="Emphasis" />\r\n<w:LsdException Locked="false" Priority="59" SemiHidden="false"\r\nUnhideWhenUsed="false" Name="Table Grid" />\r\n<w:LsdException Locked="false" UnhideWhenUsed="false" Name="Placeholder Text" />\r\n<w:LsdException Locked="false" Priority="1" SemiHidden="false"\r\nUnhideWhenUsed="false" QFormat="true" Name="No Spacing" />\r\n<w:LsdException Locked="false" Priority="60" SemiHidden="false"\r\nUnhideWhenUsed="false" Name="Light Shading" />\r\n<w:LsdException Locked="false" Priority="61" SemiHidden="false"\r\nUnhideWhenUsed="false" Name="Light List" />\r\n<w:LsdException Locked="false" Priority="62" SemiHidden="false"\r\nUnhideWhenUsed="false" Name="Light Grid" />\r\n<w:LsdException Locked="false" Priority="63" SemiHidden="false"\r\nUnhideWhenUsed="false" Name="Medium Shading 1" />\r\n<w:LsdException Locked="false" Priority="64" SemiHidden="false"\r\nUnhideWhenUsed="false" Name="Medium Shading 2" />\r\n<w:LsdException Locked="false" Priority="65" SemiHidden="false"\r\nUnhideWhenUsed="false" Name="Medium List 1" />\r\n<w:LsdException Locked="false" Priority="66" SemiHidden="false"\r\nUnhideWhenUsed="false" Name="Medium List 2" />\r\n<w:LsdException Locked="false" Priority="67" SemiHidden="false"\r\nUnhideWhenUsed="false" Name="Medium Grid 1" />\r\n<w:LsdException Locked="false" Priority="68" SemiHidden="false"\r\nUnhideWhenUsed="false" Name="Medium Grid 2" />\r\n<w:LsdException Locked="false" Priority="69" SemiHidden="false"\r\nUnhideWhenUsed="false" Name="Medium Grid 3" />\r\n<w:LsdException Locked="false" Priority="70" SemiHidden="false"\r\nUnhideWhenUsed="false" Name="Dark List" />\r\n<w:LsdException Locked="false" Priority="71" SemiHidden="false"\r\nUnhideWhenUsed="false" Name="Colorful Shading" />\r\n<w:LsdException Locked="false" Priority="72" SemiHidden="false"\r\nUnhideWhenUsed="false" Name="Colorful List" />\r\n<w:LsdException Locked="false" Priority="73" SemiHidden="false"\r\nUnhideWhenUsed="false" Name="Colorful Grid" />\r\n<w:LsdException Locked="false" Priority="60" SemiHidden="false"\r\nUnhideWhenUsed="false" Name="Light Shading Accent 1" />\r\n<w:LsdException Locked="false" Priority="61" SemiHidden="false"\r\nUnhideWhenUsed="false" Name="Light List Accent 1" />\r\n<w:LsdException Locked="false" Priority="62" SemiHidden="false"\r\nUnhideWhenUsed="false" Name="Light Grid Accent 1" />\r\n<w:LsdException Locked="false" Priority="63" SemiHidden="false"\r\nUnhideWhenUsed="false" Name="Medium Shading 1 Accent 1" />\r\n<w:LsdException Locked="false" Priority="64" SemiHidden="false"\r\nUnhideWhenUsed="false" Name="Medium Shading 2 Accent 1" />\r\n<w:LsdException Locked="false" Priority="65" SemiHidden="false"\r\nUnhideWhenUsed="false" Name="Medium List 1 Accent 1" />\r\n<w:LsdException Locked="false" UnhideWhenUsed="false" Name="Revision" />\r\n<w:LsdException Locked="false" Priority="34" SemiHidden="false"\r\nUnhideWhenUsed="false" QFormat="true" Name="List Paragraph" />\r\n<w:LsdException Locked="false" Priority="29" SemiHidden="false"\r\nUnhideWhenUsed="false" QFormat="true" Name="Quote" />\r\n<w:LsdException Locked="false" Priority="30" SemiHidden="false"\r\nUnhideWhenUsed="false" QFormat="true" Name="Intense Quote" />\r\n<w:LsdException Locked="false" Priority="66" SemiHidden="false"\r\nUnhideWhenUsed="false" Name="Medium List 2 Accent 1" />\r\n<w:LsdException Locked="false" Priority="67" SemiHidden="false"\r\nUnhideWhenUsed="false" Name="Medium Grid 1 Accent 1" />\r\n<w:LsdException Locked="false" Priority="68" SemiHidden="false"\r\nUnhideWhenUsed="false" Name="Medium Grid 2 Accent 1" />\r\n<w:LsdException Locked="false" Priority="69" SemiHidden="false"\r\nUnhideWhenUsed="false" Name="Medium Grid 3 Accent 1" />\r\n<w:LsdException Locked="false" Priority="70" SemiHidden="false"\r\nUnhideWhenUsed="false" Name="Dark List Accent 1" />\r\n<w:LsdException Locked="false" Priority="71" SemiHidden="false"\r\nUnhideWhenUsed="false" Name="Colorful Shading Accent 1" />\r\n<w:LsdException Locked="false" Priority="72" SemiHidden="false"\r\nUnhideWhenUsed="false" Name="Colorful List Accent 1" />\r\n<w:LsdException Locked="false" Priority="73" SemiHidden="false"\r\nUnhideWhenUsed="false" Name="Colorful Grid Accent 1" />\r\n<w:LsdException Locked="false" Priority="60" SemiHidden="false"\r\nUnhideWhenUsed="false" Name="Light Shading Accent 2" />\r\n<w:LsdException Locked="false" Priority="61" SemiHidden="false"\r\nUnhideWhenUsed="false" Name="Light List Accent 2" />\r\n<w:LsdException Locked="false" Priority="62" SemiHidden="false"\r\nUnhideWhenUsed="false" Name="Light Grid Accent 2" />\r\n<w:LsdException Locked="false" Priority="63" SemiHidden="false"\r\nUnhideWhenUsed="false" Name="Medium Shading 1 Accent 2" />\r\n<w:LsdException Locked="false" Priority="64" SemiHidden="false"\r\nUnhideWhenUsed="false" Name="Medium Shading 2 Accent 2" />\r\n<w:LsdException Locked="false" Priority="65" SemiHidden="false"\r\nUnhideWhenUsed="false" Name="Medium List 1 Accent 2" />\r\n<w:LsdException Locked="false" Priority="66" SemiHidden="false"\r\nUnhideWhenUsed="false" Name="Medium List 2 Accent 2" />\r\n<w:LsdException Locked="false" Priority="67" SemiHidden="false"\r\nUnhideWhenUsed="false" Name="Medium Grid 1 Accent 2" />\r\n<w:LsdException Locked="false" Priority="68" SemiHidden="false"\r\nUnhideWhenUsed="false" Name="Medium Grid 2 Accent 2" />\r\n<w:LsdException Locked="false" Priority="69" SemiHidden="false"\r\nUnhideWhenUsed="false" Name="Medium Grid 3 Accent 2" />\r\n<w:LsdException Locked="false" Priority="70" SemiHidden="false"\r\nUnhideWhenUsed="false" Name="Dark List Accent 2" />\r\n<w:LsdException Locked="false" Priority="71" SemiHidden="false"\r\nUnhideWhenUsed="false" Name="Colorful Shading Accent 2" />\r\n<w:LsdException Locked="false" Priority="72" SemiHidden="false"\r\nUnhideWhenUsed="false" Name="Colorful List Accent 2" />\r\n<w:LsdException Locked="false" Priority="73" SemiHidden="false"\r\nUnhideWhenUsed="false" Name="Colorful Grid Accent 2" />\r\n<w:LsdException Locked="false" Priority="60" SemiHidden="false"\r\nUnhideWhenUsed="false" Name="Light Shading Accent 3" />\r\n<w:LsdException Locked="false" Priority="61" SemiHidden="false"\r\nUnhideWhenUsed="false" Name="Light List Accent 3" />\r\n<w:LsdException Locked="false" Priority="62" SemiHidden="false"\r\nUnhideWhenUsed="false" Name="Light Grid Accent 3" />\r\n<w:LsdException Locked="false" Priority="63" SemiHidden="false"\r\nUnhideWhenUsed="false" Name="Medium Shading 1 Accent 3" />\r\n<w:LsdException Locked="false" Priority="64" SemiHidden="false"\r\nUnhideWhenUsed="false" Name="Medium Shading 2 Accent 3" />\r\n<w:LsdException Locked="false" Priority="65" SemiHidden="false"\r\nUnhideWhenUsed="false" Name="Medium List 1 Accent 3" />\r\n<w:LsdException Locked="false" Priority="66" SemiHidden="false"\r\nUnhideWhenUsed="false" Name="Medium List 2 Accent 3" />\r\n<w:LsdException Locked="false" Priority="67" SemiHidden="false"\r\nUnhideWhenUsed="false" Name="Medium Grid 1 Accent 3" />\r\n<w:LsdException Locked="false" Priority="68" SemiHidden="false"\r\nUnhideWhenUsed="false" Name="Medium Grid 2 Accent 3" />\r\n<w:LsdException Locked="false" Priority="69" SemiHidden="false"\r\nUnhideWhenUsed="false" Name="Medium Grid 3 Accent 3" />\r\n<w:LsdException Locked="false" Priority="70" SemiHidden="false"\r\nUnhideWhenUsed="false" Name="Dark List Accent 3" />\r\n<w:LsdException Locked="false" Priority="71" SemiHidden="false"\r\nUnhideWhenUsed="false" Name="Colorful Shading Accent 3" />\r\n<w:LsdException Locked="false" Priority="72" SemiHidden="false"\r\nUnhideWhenUsed="false" Name="Colorful List Accent 3" />\r\n<w:LsdException Locked="false" Priority="73" SemiHidden="false"\r\nUnhideWhenUsed="false" Name="Colorful Grid Accent 3" />\r\n<w:LsdException Locked="false" Priority="60" SemiHidden="false"\r\nUnhideWhenUsed="false" Name="Light Shading Accent 4" />\r\n<w:LsdException Locked="false" Priority="61" SemiHidden="false"\r\nUnhideWhenUsed="false" Name="Light List Accent 4" />\r\n<w:LsdException Locked="false" Priority="62" SemiHidden="false"\r\nUnhideWhenUsed="false" Name="Light Grid Accent 4" />\r\n<w:LsdException Locked="false" Priority="63" SemiHidden="false"\r\nUnhideWhenUsed="false" Name="Medium Shading 1 Accent 4" />\r\n<w:LsdException Locked="false" Priority="64" SemiHidden="false"\r\nUnhideWhenUsed="false" Name="Medium Shading 2 Accent 4" />\r\n<w:LsdException Locked="false" Priority="65" SemiHidden="false"\r\nUnhideWhenUsed="false" Name="Medium List 1 Accent 4" />\r\n<w:LsdException Locked="false" Priority="66" SemiHidden="false"\r\nUnhideWhenUsed="false" Name="Medium List 2 Accent 4" />\r\n<w:LsdException Locked="false" Priority="67" SemiHidden="false"\r\nUnhideWhenUsed="false" Name="Medium Grid 1 Accent 4" />\r\n<w:LsdException Locked="false" Priority="68" SemiHidden="false"\r\nUnhideWhenUsed="false" Name="Medium Grid 2 Accent 4" />\r\n<w:LsdException Locked="false" Priority="69" SemiHidden="false"\r\nUnhideWhenUsed="false" Name="Medium Grid 3 Accent 4" />\r\n<w:LsdException Locked="false" Priority="70" SemiHidden="false"\r\nUnhideWhenUsed="false" Name="Dark List Accent 4" />\r\n<w:LsdException Locked="false" Priority="71" SemiHidden="false"\r\nUnhideWhenUsed="false" Name="Colorful Shading Accent 4" />\r\n<w:LsdException Locked="false" Priority="72" SemiHidden="false"\r\nUnhideWhenUsed="false" Name="Colorful List Accent 4" />\r\n<w:LsdException Locked="false" Priority="73" SemiHidden="false"\r\nUnhideWhenUsed="false" Name="Colorful Grid Accent 4" />\r\n<w:LsdException Locked="false" Priority="60" SemiHidden="false"\r\nUnhideWhenUsed="false" Name="Light Shading Accent 5" />\r\n<w:LsdException Locked="false" Priority="61" SemiHidden="false"\r\nUnhideWhenUsed="false" Name="Light List Accent 5" />\r\n<w:LsdException Locked="false" Priority="62" SemiHidden="false"\r\nUnhideWhenUsed="false" Name="Light Grid Accent 5" />\r\n<w:LsdException Locked="false" Priority="63" SemiHidden="false"\r\nUnhideWhenUsed="false" Name="Medium Shading 1 Accent 5" />\r\n<w:LsdException Locked="false" Priority="64" SemiHidden="false"\r\nUnhideWhenUsed="false" Name="Medium Shading 2 Accent 5" />\r\n<w:LsdException Locked="false" Priority="65" SemiHidden="false"\r\nUnhideWhenUsed="false" Name="Medium List 1 Accent 5" />\r\n<w:LsdException Locked="false" Priority="66" SemiHidden="false"\r\nUnhideWhenUsed="false" Name="Medium List 2 Accent 5" />\r\n<w:LsdException Locked="false" Priority="67" SemiHidden="false"\r\nUnhideWhenUsed="false" Name="Medium Grid 1 Accent 5" />\r\n<w:LsdException Locked="false" Priority="68" SemiHidden="false"\r\nUnhideWhenUsed="false" Name="Medium Grid 2 Accent 5" />\r\n<w:LsdException Locked="false" Priority="69" SemiHidden="false"\r\nUnhideWhenUsed="false" Name="Medium Grid 3 Accent 5" />\r\n<w:LsdException Locked="false" Priority="70" SemiHidden="false"\r\nUnhideWhenUsed="false" Name="Dark List Accent 5" />\r\n<w:LsdException Locked="false" Priority="71" SemiHidden="false"\r\nUnhideWhenUsed="false" Name="Colorful Shading Accent 5" />\r\n<w:LsdException Locked="false" Priority="72" SemiHidden="false"\r\nUnhideWhenUsed="false" Name="Colorful List Accent 5" />\r\n<w:LsdException Locked="false" Priority="73" SemiHidden="false"\r\nUnhideWhenUsed="false" Name="Colorful Grid Accent 5" />\r\n<w:LsdException Locked="false" Priority="60" SemiHidden="false"\r\nUnhideWhenUsed="false" Name="Light Shading Accent 6" />\r\n<w:LsdException Locked="false" Priority="61" SemiHidden="false"\r\nUnhideWhenUsed="false" Name="Light List Accent 6" />\r\n<w:LsdException Locked="false" Priority="62" SemiHidden="false"\r\nUnhideWhenUsed="false" Name="Light Grid Accent 6" />\r\n<w:LsdException Locked="false" Priority="63" SemiHidden="false"\r\nUnhideWhenUsed="false" Name="Medium Shading 1 Accent 6" />\r\n<w:LsdException Locked="false" Priority="64" SemiHidden="false"\r\nUnhideWhenUsed="false" Name="Medium Shading 2 Accent 6" />\r\n<w:LsdException Locked="false" Priority="65" SemiHidden="false"\r\nUnhideWhenUsed="false" Name="Medium List 1 Accent 6" />\r\n<w:LsdException Locked="false" Priority="66" SemiHidden="false"\r\nUnhideWhenUsed="false" Name="Medium List 2 Accent 6" />\r\n<w:LsdException Locked="false" Priority="67" SemiHidden="false"\r\nUnhideWhenUsed="false" Name="Medium Grid 1 Accent 6" />\r\n<w:LsdException Locked="false" Priority="68" SemiHidden="false"\r\nUnhideWhenUsed="false" Name="Medium Grid 2 Accent 6" />\r\n<w:LsdException Locked="false" Priority="69" SemiHidden="false"\r\nUnhideWhenUsed="false" Name="Medium Grid 3 Accent 6" />\r\n<w:LsdException Locked="false" Priority="70" SemiHidden="false"\r\nUnhideWhenUsed="false" Name="Dark List Accent 6" />\r\n<w:LsdException Locked="false" Priority="71" SemiHidden="false"\r\nUnhideWhenUsed="false" Name="Colorful Shading Accent 6" />\r\n<w:LsdException Locked="false" Priority="72" SemiHidden="false"\r\nUnhideWhenUsed="false" Name="Colorful List Accent 6" />\r\n<w:LsdException Locked="false" Priority="73" SemiHidden="false"\r\nUnhideWhenUsed="false" Name="Colorful Grid Accent 6" />\r\n<w:LsdException Locked="false" Priority="19" SemiHidden="false"\r\nUnhideWhenUsed="false" QFormat="true" Name="Subtle Emphasis" />\r\n<w:LsdException Locked="false" Priority="21" SemiHidden="false"\r\nUnhideWhenUsed="false" QFormat="true" Name="Intense Emphasis" />\r\n<w:LsdException Locked="false" Priority="31" SemiHidden="false"\r\nUnhideWhenUsed="false" QFormat="true" Name="Subtle Reference" />\r\n<w:LsdException Locked="false" Priority="32" SemiHidden="false"\r\nUnhideWhenUsed="false" QFormat="true" Name="Intense Reference" />\r\n<w:LsdException Locked="false" Priority="33" SemiHidden="false"\r\nUnhideWhenUsed="false" QFormat="true" Name="Book Title" />\r\n<w:LsdException Locked="false" Priority="37" Name="Bibliography" />\r\n<w:LsdException Locked="false" Priority="39" QFormat="true" Name="TOC Heading" />\r\n</w:LatentStyles>\r\n</xml><![endif]-->\r\n<p><style type="text/css">\r\n<!--\r\n /* Font Definitions */\r\n @font-face\r\n	{font-family:Batang;\r\n	panose-1:2 3 6 0 0 1 1 1 1 1;\r\n	mso-font-alt:&#48148;&#53461;;\r\n	mso-font-charset:129;\r\n	mso-generic-font-family:auto;\r\n	mso-font-format:other;\r\n	mso-font-pitch:fixed;\r\n	mso-font-signature:1 151388160 16 0 524288 0;}\r\n@font-face\r\n	{font-family:"Cambria Math";\r\n	panose-1:2 4 5 3 5 4 6 3 2 4;\r\n	mso-font-charset:0;\r\n	mso-generic-font-family:roman;\r\n	mso-font-pitch:variable;\r\n	mso-font-signature:-1610611985 1107304683 0 0 159 0;}\r\n@font-face\r\n	{font-family:Garamond;\r\n	panose-1:2 2 4 4 3 3 1 1 8 3;\r\n	mso-font-charset:0;\r\n	mso-generic-font-family:roman;\r\n	mso-font-pitch:variable;\r\n	mso-font-signature:647 0 0 0 159 0;}\r\n@font-face\r\n	{font-family:"\\@Batang";\r\n	panose-1:0 0 0 0 0 0 0 0 0 0;\r\n	mso-font-charset:129;\r\n	mso-generic-font-family:auto;\r\n	mso-font-format:other;\r\n	mso-font-pitch:fixed;\r\n	mso-font-signature:1 151388160 16 0 524288 0;}\r\n /* Style Definitions */\r\n p.MsoNormal, li.MsoNormal, div.MsoNormal\r\n	{mso-style-unhide:no;\r\n	mso-style-qformat:yes;\r\n	mso-style-parent:"";\r\n	margin:0in;\r\n	margin-bottom:.0001pt;\r\n	mso-pagination:widow-orphan;\r\n	font-size:10.0pt;\r\n	font-family:"Times New Roman","serif";\r\n	mso-fareast-font-family:Batang;\r\n	mso-fareast-language:KO;\r\n	mso-bidi-language:TH;\r\n	font-weight:bold;}\r\n.MsoChpDefault\r\n	{mso-style-type:export-only;\r\n	mso-default-props:yes;\r\n	font-size:10.0pt;\r\n	mso-ansi-font-size:10.0pt;\r\n	mso-bidi-font-size:10.0pt;\r\n	mso-fareast-font-family:Batang;\r\n	mso-bidi-font-family:"Angsana New";}\r\n@page Section1\r\n	{size:8.5in 11.0in;\r\n	margin:1.0in 1.0in 1.0in 1.0in;\r\n	mso-header-margin:.5in;\r\n	mso-footer-margin:.5in;\r\n	mso-paper-source:0;}\r\ndiv.Section1\r\n	{page:Section1;}\r\n-->\r\n</style></p>\r\n<!--[if gte mso 10]>\r\n<style>\r\n/* Style Definitions */\r\ntable.MsoNormalTable\r\n{mso-style-name:"Table Normal";\r\nmso-tstyle-rowband-size:0;\r\nmso-tstyle-colband-size:0;\r\nmso-style-noshow:yes;\r\nmso-style-priority:99;\r\nmso-style-qformat:yes;\r\nmso-style-parent:"";\r\nmso-padding-alt:0in 5.4pt 0in 5.4pt;\r\nmso-para-margin:0in;\r\nmso-para-margin-bottom:.0001pt;\r\nmso-pagination:widow-orphan;\r\nfont-size:11.0pt;\r\nfont-family:"Calibri","sans-serif";\r\nmso-ascii-font-family:Calibri;\r\nmso-ascii-theme-font:minor-latin;\r\nmso-fareast-font-family:"Times New Roman";\r\nmso-fareast-theme-font:minor-fareast;\r\nmso-hansi-font-family:Calibri;\r\nmso-hansi-theme-font:minor-latin;\r\nmso-bidi-font-family:"Times New Roman";\r\nmso-bidi-theme-font:minor-bidi;}\r\n</style>\r\n<![endif]-->\r\n<p style="" class="MsoNormal"><span style="font-size: 11pt; font-family: &quot;Arial&quot;,&quot;sans-serif&quot;; font-weight: normal;">Attendees are regulators or registrars of Credit Unions/Cooperatives in Asian countries and CEOs of ACCU member organizations. </span><span style="font-size: 11pt; font-family: &quot;Arial&quot;,&quot;sans-serif&quot;; font-weight: normal;">The combined work of ACCU and its member organizations brought about changes in the ways cooperative regulators support credit union development. This was evident in the way regulators see the role of the national federations as partners in promoting prudential norms for credit unions and demonstrates new development possibilities, in which member organizations of ACCU are the leading actors.</span><span style="font-size: 11pt; font-family: &quot;Arial&quot;,&quot;sans-serif&quot;; font-weight: normal;"> The conference is a platform created by ACCU for its members and their regulators to discuss regulatory issues and requirements of credit unions. <o:p></o:p></span></p>\r\n<p>\r\n<meta content="text/html; charset=utf-8" http-equiv="Content-Type" />\r\n<meta content="Word.Document" name="ProgId" />\r\n<meta content="Microsoft Word 12" name="Generator" />\r\n<meta content="Microsoft Word 12" name="Originator" />\r\n<link href="file:///G:\\DOCUME~1\\User1\\LOCALS~1\\Temp\\msohtmlclip1\\01\\clip_filelist.xml" rel="File-List" />\r\n<link href="file:///G:\\DOCUME~1\\User1\\LOCALS~1\\Temp\\msohtmlclip1\\01\\clip_themedata.thmx" rel="themeData" />\r\n<link href="file:///G:\\DOCUME~1\\User1\\LOCALS~1\\Temp\\msohtmlclip1\\01\\clip_colorschememapping.xml" rel="colorSchemeMapping" /><!--[if gte mso 9]><xml>\r\n<w:LatentStyles DefLockedState="false" DefUnhideWhenUsed="true"\r\nDefSemiHidden="true" DefQFormat="false" DefPriority="99"\r\nLatentStyleCount="267">\r\n<w:LsdException Locked="false" Priority="0" SemiHidden="false"\r\nUnhideWhenUsed="false" QFormat="true" Name="Normal" />\r\n<w:LsdException Locked="false" Priority="9" SemiHidden="false"\r\nUnhideWhenUsed="false" QFormat="true" Name="heading 1" />\r\n<w:LsdException Locked="false" Priority="9" QFormat="true" Name="heading 2" />\r\n<w:LsdException Locked="false" Priority="9" QFormat="true" Name="heading 3" />\r\n<w:LsdException Locked="false" Priority="9" QFormat="true" Name="heading 4" />\r\n<w:LsdException Locked="false" Priority="9" QFormat="true" Name="heading 5" />\r\n<w:LsdException Locked="false" Priority="9" QFormat="true" Name="heading 6" />\r\n<w:LsdException Locked="false" Priority="9" QFormat="true" Name="heading 7" />\r\n<w:LsdException Locked="false" Priority="9" QFormat="true" Name="heading 8" />\r\n<w:LsdException Locked="false" Priority="9" QFormat="true" Name="heading 9" />\r\n<w:LsdException Locked="false" Priority="39" Name="toc 1" />\r\n<w:LsdException Locked="false" Priority="39" Name="toc 2" />\r\n<w:LsdException Locked="false" Priority="39" Name="toc 3" />\r\n<w:LsdException Locked="false" Priority="39" Name="toc 4" />\r\n<w:LsdException Locked="false" Priority="39" Name="toc 5" />\r\n<w:LsdException Locked="false" Priority="39" Name="toc 6" />\r\n<w:LsdException Locked="false" Priority="39" Name="toc 7" />\r\n<w:LsdException Locked="false" Priority="39" Name="toc 8" />\r\n<w:LsdException Locked="false" Priority="39" Name="toc 9" />\r\n<w:LsdException Locked="false" Priority="35" QFormat="true" Name="caption" />\r\n<w:LsdException Locked="false" Priority="10" SemiHidden="false"\r\nUnhideWhenUsed="false" QFormat="true" Name="Title" />\r\n<w:LsdException Locked="false" Priority="1" Name="Default Paragraph Font" />\r\n<w:LsdException Locked="false" Priority="11" SemiHidden="false"\r\nUnhideWhenUsed="false" QFormat="true" Name="Subtitle" />\r\n<w:LsdException Locked="false" Priority="22" SemiHidden="false"\r\nUnhideWhenUsed="false" QFormat="true" Name="Strong" />\r\n<w:LsdException Locked="false" Priority="20" SemiHidden="false"\r\nUnhideWhenUsed="false" QFormat="true" Name="Emphasis" />\r\n<w:LsdException Locked="false" Priority="59" SemiHidden="false"\r\nUnhideWhenUsed="false" Name="Table Grid" />\r\n<w:LsdException Locked="false" UnhideWhenUsed="false" Name="Placeholder Text" />\r\n<w:LsdException Locked="false" Priority="1" SemiHidden="false"\r\nUnhideWhenUsed="false" QFormat="true" Name="No Spacing" />\r\n<w:LsdException Locked="false" Priority="60" SemiHidden="false"\r\nUnhideWhenUsed="false" Name="Light Shading" />\r\n<w:LsdException Locked="false" Priority="61" SemiHidden="false"\r\nUnhideWhenUsed="false" Name="Light List" />\r\n<w:LsdException Locked="false" Priority="62" SemiHidden="false"\r\nUnhideWhenUsed="false" Name="Light Grid" />\r\n<w:LsdException Locked="false" Priority="63" SemiHidden="false"\r\nUnhideWhenUsed="false" Name="Medium Shading 1" />\r\n<w:LsdException Locked="false" Priority="64" SemiHidden="false"\r\nUnhideWhenUsed="false" Name="Medium Shading 2" />\r\n<w:LsdException Locked="false" Priority="65" SemiHidden="false"\r\nUnhideWhenUsed="false" Name="Medium List 1" />\r\n<w:LsdException Locked="false" Priority="66" SemiHidden="false"\r\nUnhideWhenUsed="false" Name="Medium List 2" />\r\n<w:LsdException Locked="false" Priority="67" SemiHidden="false"\r\nUnhideWhenUsed="false" Name="Medium Grid 1" />\r\n<w:LsdException Locked="false" Priority="68" SemiHidden="false"\r\nUnhideWhenUsed="false" Name="Medium Grid 2" />\r\n<w:LsdException Locked="false" Priority="69" SemiHidden="false"\r\nUnhideWhenUsed="false" Name="Medium Grid 3" />\r\n<w:LsdException Locked="false" Priority="70" SemiHidden="false"\r\nUnhideWhenUsed="false" Name="Dark List" />\r\n<w:LsdException Locked="false" Priority="71" SemiHidden="false"\r\nUnhideWhenUsed="false" Name="Colorful Shading" />\r\n<w:LsdException Locked="false" Priority="72" SemiHidden="false"\r\nUnhideWhenUsed="false" Name="Colorful List" />\r\n<w:LsdException Locked="false" Priority="73" SemiHidden="false"\r\nUnhideWhenUsed="false" Name="Colorful Grid" />\r\n<w:LsdException Locked="false" Priority="60" SemiHidden="false"\r\nUnhideWhenUsed="false" Name="Light Shading Accent 1" />\r\n<w:LsdException Locked="false" Priority="61" SemiHidden="false"\r\nUnhideWhenUsed="false" Name="Light List Accent 1" />\r\n<w:LsdException Locked="false" Priority="62" SemiHidden="false"\r\nUnhideWhenUsed="false" Name="Light Grid Accent 1" />\r\n<w:LsdException Locked="false" Priority="63" SemiHidden="false"\r\nUnhideWhenUsed="false" Name="Medium Shading 1 Accent 1" />\r\n<w:LsdException Locked="false" Priority="64" SemiHidden="false"\r\nUnhideWhenUsed="false" Name="Medium Shading 2 Accent 1" />\r\n<w:LsdException Locked="false" Priority="65" SemiHidden="false"\r\nUnhideWhenUsed="false" Name="Medium List 1 Accent 1" />\r\n<w:LsdException Locked="false" UnhideWhenUsed="false" Name="Revision" />\r\n<w:LsdException Locked="false" Priority="34" SemiHidden="false"\r\nUnhideWhenUsed="false" QFormat="true" Name="List Paragraph" />\r\n<w:LsdException Locked="false" Priority="29" SemiHidden="false"\r\nUnhideWhenUsed="false" QFormat="true" Name="Quote" />\r\n<w:LsdException Locked="false" Priority="30" SemiHidden="false"\r\nUnhideWhenUsed="false" QFormat="true" Name="Intense Quote" />\r\n<w:LsdException Locked="false" Priority="66" SemiHidden="false"\r\nUnhideWhenUsed="false" Name="Medium List 2 Accent 1" />\r\n<w:LsdException Locked="false" Priority="67" SemiHidden="false"\r\nUnhideWhenUsed="false" Name="Medium Grid 1 Accent 1" />\r\n<w:LsdException Locked="false" Priority="68" SemiHidden="false"\r\nUnhideWhenUsed="false" Name="Medium Grid 2 Accent 1" />\r\n<w:LsdException Locked="false" Priority="69" SemiHidden="false"\r\nUnhideWhenUsed="false" Name="Medium Grid 3 Accent 1" />\r\n<w:LsdException Locked="false" Priority="70" SemiHidden="false"\r\nUnhideWhenUsed="false" Name="Dark List Accent 1" />\r\n<w:LsdException Locked="false" Priority="71" SemiHidden="false"\r\nUnhideWhenUsed="false" Name="Colorful Shading Accent 1" />\r\n<w:LsdException Locked="false" Priority="72" SemiHidden="false"\r\nUnhideWhenUsed="false" Name="Colorful List Accent 1" />\r\n<w:LsdException Locked="false" Priority="73" SemiHidden="false"\r\nUnhideWhenUsed="false" Name="Colorful Grid Accent 1" />\r\n<w:LsdException Locked="false" Priority="60" SemiHidden="false"\r\nUnhideWhenUsed="false" Name="Light Shading Accent 2" />\r\n<w:LsdException Locked="false" Priority="61" SemiHidden="false"\r\nUnhideWhenUsed="false" Name="Light List Accent 2" />\r\n<w:LsdException Locked="false" Priority="62" SemiHidden="false"\r\nUnhideWhenUsed="false" Name="Light Grid Accent 2" />\r\n<w:LsdException Locked="false" Priority="63" SemiHidden="false"\r\nUnhideWhenUsed="false" Name="Medium Shading 1 Accent 2" />\r\n<w:LsdException Locked="false" Priority="64" SemiHidden="false"\r\nUnhideWhenUsed="false" Name="Medium Shading 2 Accent 2" />\r\n<w:LsdException Locked="false" Priority="65" SemiHidden="false"\r\nUnhideWhenUsed="false" Name="Medium List 1 Accent 2" />\r\n<w:LsdException Locked="false" Priority="66" SemiHidden="false"\r\nUnhideWhenUsed="false" Name="Medium List 2 Accent 2" />\r\n<w:LsdException Locked="false" Priority="67" SemiHidden="false"\r\nUnhideWhenUsed="false" Name="Medium Grid 1 Accent 2" />\r\n<w:LsdException Locked="false" Priority="68" SemiHidden="false"\r\nUnhideWhenUsed="false" Name="Medium Grid 2 Accent 2" />\r\n<w:LsdException Locked="false" Priority="69" SemiHidden="false"\r\nUnhideWhenUsed="false" Name="Medium Grid 3 Accent 2" />\r\n<w:LsdException Locked="false" Priority="70" SemiHidden="false"\r\nUnhideWhenUsed="false" Name="Dark List Accent 2" />\r\n<w:LsdException Locked="false" Priority="71" SemiHidden="false"\r\nUnhideWhenUsed="false" Name="Colorful Shading Accent 2" />\r\n<w:LsdException Locked="false" Priority="72" SemiHidden="false"\r\nUnhideWhenUsed="false" Name="Colorful List Accent 2" />\r\n<w:LsdException Locked="false" Priority="73" SemiHidden="false"\r\nUnhideWhenUsed="false" Name="Colorful Grid Accent 2" />\r\n<w:LsdException Locked="false" Priority="60" SemiHidden="false"\r\nUnhideWhenUsed="false" Name="Light Shading Accent 3" />\r\n<w:LsdException Locked="false" Priority="61" SemiHidden="false"\r\nUnhideWhenUsed="false" Name="Light List Accent 3" />\r\n<w:LsdException Locked="false" Priority="62" SemiHidden="false"\r\nUnhideWhenUsed="false" Name="Light Grid Accent 3" />\r\n<w:LsdException Locked="false" Priority="63" SemiHidden="false"\r\nUnhideWhenUsed="false" Name="Medium Shading 1 Accent 3" />\r\n<w:LsdException Locked="false" Priority="64" SemiHidden="false"\r\nUnhideWhenUsed="false" Name="Medium Shading 2 Accent 3" />\r\n<w:LsdException Locked="false" Priority="65" SemiHidden="false"\r\nUnhideWhenUsed="false" Name="Medium List 1 Accent 3" />\r\n<w:LsdException Locked="false" Priority="66" SemiHidden="false"\r\nUnhideWhenUsed="false" Name="Medium List 2 Accent 3" />\r\n<w:LsdException Locked="false" Priority="67" SemiHidden="false"\r\nUnhideWhenUsed="false" Name="Medium Grid 1 Accent 3" />\r\n<w:LsdException Locked="false" Priority="68" SemiHidden="false"\r\nUnhideWhenUsed="false" Name="Medium Grid 2 Accent 3" />\r\n<w:LsdException Locked="false" Priority="69" SemiHidden="false"\r\nUnhideWhenUsed="false" Name="Medium Grid 3 Accent 3" />\r\n<w:LsdException Locked="false" Priority="70" SemiHidden="false"\r\nUnhideWhenUsed="false" Name="Dark List Accent 3" />\r\n<w:LsdException Locked="false" Priority="71" SemiHidden="false"\r\nUnhideWhenUsed="false" Name="Colorful Shading Accent 3" />\r\n<w:LsdException Locked="false" Priority="72" SemiHidden="false"\r\nUnhideWhenUsed="false" Name="Colorful List Accent 3" />\r\n<w:LsdException Locked="false" Priority="73" SemiHidden="false"\r\nUnhideWhenUsed="false" Name="Colorful Grid Accent 3" />\r\n<w:LsdException Locked="false" Priority="60" SemiHidden="false"\r\nUnhideWhenUsed="false" Name="Light Shading Accent 4" />\r\n<w:LsdException Locked="false" Priority="61" SemiHidden="false"\r\nUnhideWhenUsed="false" Name="Light List Accent 4" />\r\n<w:LsdException Locked="false" Priority="62" SemiHidden="false"\r\nUnhideWhenUsed="false" Name="Light Grid Accent 4" />\r\n<w:LsdException Locked="false" Priority="63" SemiHidden="false"\r\nUnhideWhenUsed="false" Name="Medium Shading 1 Accent 4" />\r\n<w:LsdException Locked="false" Priority="64" SemiHidden="false"\r\nUnhideWhenUsed="false" Name="Medium Shading 2 Accent 4" />\r\n<w:LsdException Locked="false" Priority="65" SemiHidden="false"\r\nUnhideWhenUsed="false" Name="Medium List 1 Accent 4" />\r\n<w:LsdException Locked="false" Priority="66" SemiHidden="false"\r\nUnhideWhenUsed="false" Name="Medium List 2 Accent 4" />\r\n<w:LsdException Locked="false" Priority="67" SemiHidden="false"\r\nUnhideWhenUsed="false" Name="Medium Grid 1 Accent 4" />\r\n<w:LsdException Locked="false" Priority="68" SemiHidden="false"\r\nUnhideWhenUsed="false" Name="Medium Grid 2 Accent 4" />\r\n<w:LsdException Locked="false" Priority="69" SemiHidden="false"\r\nUnhideWhenUsed="false" Name="Medium Grid 3 Accent 4" />\r\n<w:LsdException Locked="false" Priority="70" SemiHidden="false"\r\nUnhideWhenUsed="false" Name="Dark List Accent 4" />\r\n<w:LsdException Locked="false" Priority="71" SemiHidden="false"\r\nUnhideWhenUsed="false" Name="Colorful Shading Accent 4" />\r\n<w:LsdException Locked="false" Priority="72" SemiHidden="false"\r\nUnhideWhenUsed="false" Name="Colorful List Accent 4" />\r\n<w:LsdException Locked="false" Priority="73" SemiHidden="false"\r\nUnhideWhenUsed="false" Name="Colorful Grid Accent 4" />\r\n<w:LsdException Locked="false" Priority="60" SemiHidden="false"\r\nUnhideWhenUsed="false" Name="Light Shading Accent 5" />\r\n<w:LsdException Locked="false" Priority="61" SemiHidden="false"\r\nUnhideWhenUsed="false" Name="Light List Accent 5" />\r\n<w:LsdException Locked="false" Priority="62" SemiHidden="false"\r\nUnhideWhenUsed="false" Name="Light Grid Accent 5" />\r\n<w:LsdException Locked="false" Priority="63" SemiHidden="false"\r\nUnhideWhenUsed="false" Name="Medium Shading 1 Accent 5" />\r\n<w:LsdException Locked="false" Priority="64" SemiHidden="false"\r\nUnhideWhenUsed="false" Name="Medium Shading 2 Accent 5" />\r\n<w:LsdException Locked="false" Priority="65" SemiHidden="false"\r\nUnhideWhenUsed="false" Name="Medium List 1 Accent 5" />\r\n<w:LsdException Locked="false" Priority="66" SemiHidden="false"\r\nUnhideWhenUsed="false" Name="Medium List 2 Accent 5" />\r\n<w:LsdException Locked="false" Priority="67" SemiHidden="false"\r\nUnhideWhenUsed="false" Name="Medium Grid 1 Accent 5" />\r\n<w:LsdException Locked="false" Priority="68" SemiHidden="false"\r\nUnhideWhenUsed="false" Name="Medium Grid 2 Accent 5" />\r\n<w:LsdException Locked="false" Priority="69" SemiHidden="false"\r\nUnhideWhenUsed="false" Name="Medium Grid 3 Accent 5" />\r\n<w:LsdException Locked="false" Priority="70" SemiHidden="false"\r\nUnhideWhenUsed="false" Name="Dark List Accent 5" />\r\n<w:LsdException Locked="false" Priority="71" SemiHidden="false"\r\nUnhideWhenUsed="false" Name="Colorful Shading Accent 5" />\r\n<w:LsdException Locked="false" Priority="72" SemiHidden="false"\r\nUnhideWhenUsed="false" Name="Colorful List Accent 5" />\r\n<w:LsdException Locked="false" Priority="73" SemiHidden="false"\r\nUnhideWhenUsed="false" Name="Colorful Grid Accent 5" />\r\n<w:LsdException Locked="false" Priority="60" SemiHidden="false"\r\nUnhideWhenUsed="false" Name="Light Shading Accent 6" />\r\n<w:LsdException Locked="false" Priority="61" SemiHidden="false"\r\nUnhideWhenUsed="false" Name="Light List Accent 6" />\r\n<w:LsdException Locked="false" Priority="62" SemiHidden="false"\r\nUnhideWhenUsed="false" Name="Light Grid Accent 6" />\r\n<w:LsdException Locked="false" Priority="63" SemiHidden="false"\r\nUnhideWhenUsed="false" Name="Medium Shading 1 Accent 6" />\r\n<w:LsdException Locked="false" Priority="64" SemiHidden="false"\r\nUnhideWhenUsed="false" Name="Medium Shading 2 Accent 6" />\r\n<w:LsdException Locked="false" Priority="65" SemiHidden="false"\r\nUnhideWhenUsed="false" Name="Medium List 1 Accent 6" />\r\n<w:LsdException Locked="false" Priority="66" SemiHidden="false"\r\nUnhideWhenUsed="false" Name="Medium List 2 Accent 6" />\r\n<w:LsdException Locked="false" Priority="67" SemiHidden="false"\r\nUnhideWhenUsed="false" Name="Medium Grid 1 Accent 6" />\r\n<w:LsdException Locked="false" Priority="68" SemiHidden="false"\r\nUnhideWhenUsed="false" Name="Medium Grid 2 Accent 6" />\r\n<w:LsdException Locked="false" Priority="69" SemiHidden="false"\r\nUnhideWhenUsed="false" Name="Medium Grid 3 Accent 6" />\r\n<w:LsdException Locked="false" Priority="70" SemiHidden="false"\r\nUnhideWhenUsed="false" Name="Dark List Accent 6" />\r\n<w:LsdException Locked="false" Priority="71" SemiHidden="false"\r\nUnhideWhenUsed="false" Name="Colorful Shading Accent 6" />\r\n<w:LsdException Locked="false" Priority="72" SemiHidden="false"\r\nUnhideWhenUsed="false" Name="Colorful List Accent 6" />\r\n<w:LsdException Locked="false" Priority="73" SemiHidden="false"\r\nUnhideWhenUsed="false" Name="Colorful Grid Accent 6" />\r\n<w:LsdException Locked="false" Priority="19" SemiHidden="false"\r\nUnhideWhenUsed="false" QFormat="true" Name="Subtle Emphasis" />\r\n<w:LsdException Locked="false" Priority="21" SemiHidden="false"\r\nUnhideWhenUsed="false" QFormat="true" Name="Intense Emphasis" />\r\n<w:LsdException Locked="false" Priority="31" SemiHidden="false"\r\nUnhideWhenUsed="false" QFormat="true" Name="Subtle Reference" />\r\n<w:LsdException Locked="false" Priority="32" SemiHidden="false"\r\nUnhideWhenUsed="false" QFormat="true" Name="Intense Reference" />\r\n<w:LsdException Locked="false" Priority="33" SemiHidden="false"\r\nUnhideWhenUsed="false" QFormat="true" Name="Book Title" />\r\n<w:LsdException Locked="false" Priority="37" Name="Bibliography" />\r\n<w:LsdException Locked="false" Priority="39" QFormat="true" Name="TOC Heading" />\r\n</w:LatentStyles>\r\n</xml><![endif]--><style type="text/css">\r\n<!--\r\n /* Font Definitions */\r\n @font-face\r\n	{font-family:Batang;\r\n	panose-1:2 3 6 0 0 1 1 1 1 1;\r\n	mso-font-alt:&#48148;&#53461;;\r\n	mso-font-charset:129;\r\n	mso-generic-font-family:auto;\r\n	mso-font-format:other;\r\n	mso-font-pitch:fixed;\r\n	mso-font-signature:1 151388160 16 0 524288 0;}\r\n@font-face\r\n	{font-family:"Cambria Math";\r\n	panose-1:2 4 5 3 5 4 6 3 2 4;\r\n	mso-font-charset:0;\r\n	mso-generic-font-family:roman;\r\n	mso-font-pitch:variable;\r\n	mso-font-signature:-1610611985 1107304683 0 0 159 0;}\r\n@font-face\r\n	{font-family:"\\@Batang";\r\n	panose-1:0 0 0 0 0 0 0 0 0 0;\r\n	mso-font-charset:129;\r\n	mso-generic-font-family:auto;\r\n	mso-font-format:other;\r\n	mso-font-pitch:fixed;\r\n	mso-font-signature:1 151388160 16 0 524288 0;}\r\n /* Style Definitions */\r\n p.MsoNormal, li.MsoNormal, div.MsoNormal\r\n	{mso-style-unhide:no;\r\n	mso-style-qformat:yes;\r\n	mso-style-parent:"";\r\n	margin:0in;\r\n	margin-bottom:.0001pt;\r\n	mso-pagination:widow-orphan;\r\n	font-size:10.0pt;\r\n	font-family:"Times New Roman","serif";\r\n	mso-fareast-font-family:Batang;\r\n	mso-fareast-language:KO;\r\n	mso-bidi-language:TH;\r\n	font-weight:bold;}\r\n.MsoChpDefault\r\n	{mso-style-type:export-only;\r\n	mso-default-props:yes;\r\n	font-size:10.0pt;\r\n	mso-ansi-font-size:10.0pt;\r\n	mso-bidi-font-size:10.0pt;\r\n	mso-fareast-font-family:Batang;\r\n	mso-bidi-font-family:"Angsana New";}\r\n@page Section1\r\n	{size:8.5in 11.0in;\r\n	margin:1.0in 1.0in 1.0in 1.0in;\r\n	mso-header-margin:.5in;\r\n	mso-footer-margin:.5in;\r\n	mso-paper-source:0;}\r\ndiv.Section1\r\n	{page:Section1;}\r\n-->\r\n\r\n\r\n\r\n</style></p>', 'up comming', '', '', 1);
INSERT INTO `event` (`event_id`, `event_name`, `event_starting_date`, `event_end_date`, `country_id`, `description`, `type`, `location_description`, `event_image`, `event_home`) VALUES
(14, 'CEOs WORKSHOP ', '2009-04-26', '2009-04-29', 13, '<p>\r\n<meta content="text/html; charset=utf-8" http-equiv="Content-Type" />\r\n<meta content="Word.Document" name="ProgId" />\r\n<meta content="Microsoft Word 12" name="Generator" />\r\n<meta content="Microsoft Word 12" name="Originator" />\r\n<link href="file:///G:\\DOCUME~1\\User1\\LOCALS~1\\Temp\\msohtmlclip1\\01\\clip_filelist.xml" rel="File-List" />\r\n<link href="file:///G:\\DOCUME~1\\User1\\LOCALS~1\\Temp\\msohtmlclip1\\01\\clip_themedata.thmx" rel="themeData" />\r\n<link href="file:///G:\\DOCUME~1\\User1\\LOCALS~1\\Temp\\msohtmlclip1\\01\\clip_colorschememapping.xml" rel="colorSchemeMapping" /><!--[if gte mso 9]><xml>\r\n<w:LatentStyles DefLockedState="false" DefUnhideWhenUsed="true"\r\nDefSemiHidden="true" DefQFormat="false" DefPriority="99"\r\nLatentStyleCount="267">\r\n<w:LsdException Locked="false" Priority="0" SemiHidden="false"\r\nUnhideWhenUsed="false" QFormat="true" Name="Normal" />\r\n<w:LsdException Locked="false" Priority="9" SemiHidden="false"\r\nUnhideWhenUsed="false" QFormat="true" Name="heading 1" />\r\n<w:LsdException Locked="false" Priority="9" QFormat="true" Name="heading 2" />\r\n<w:LsdException Locked="false" Priority="9" QFormat="true" Name="heading 3" />\r\n<w:LsdException Locked="false" Priority="9" QFormat="true" Name="heading 4" />\r\n<w:LsdException Locked="false" Priority="9" QFormat="true" Name="heading 5" />\r\n<w:LsdException Locked="false" Priority="9" QFormat="true" Name="heading 6" />\r\n<w:LsdException Locked="false" Priority="9" QFormat="true" Name="heading 7" />\r\n<w:LsdException Locked="false" Priority="9" QFormat="true" Name="heading 8" />\r\n<w:LsdException Locked="false" Priority="9" QFormat="true" Name="heading 9" />\r\n<w:LsdException Locked="false" Priority="39" Name="toc 1" />\r\n<w:LsdException Locked="false" Priority="39" Name="toc 2" />\r\n<w:LsdException Locked="false" Priority="39" Name="toc 3" />\r\n<w:LsdException Locked="false" Priority="39" Name="toc 4" />\r\n<w:LsdException Locked="false" Priority="39" Name="toc 5" />\r\n<w:LsdException Locked="false" Priority="39" Name="toc 6" />\r\n<w:LsdException Locked="false" Priority="39" Name="toc 7" />\r\n<w:LsdException Locked="false" Priority="39" Name="toc 8" />\r\n<w:LsdException Locked="false" Priority="39" Name="toc 9" />\r\n<w:LsdException Locked="false" Priority="35" QFormat="true" Name="caption" />\r\n<w:LsdException Locked="false" Priority="10" SemiHidden="false"\r\nUnhideWhenUsed="false" QFormat="true" Name="Title" />\r\n<w:LsdException Locked="false" Priority="1" Name="Default Paragraph Font" />\r\n<w:LsdException Locked="false" Priority="11" SemiHidden="false"\r\nUnhideWhenUsed="false" QFormat="true" Name="Subtitle" />\r\n<w:LsdException Locked="false" Priority="22" SemiHidden="false"\r\nUnhideWhenUsed="false" QFormat="true" Name="Strong" />\r\n<w:LsdException Locked="false" Priority="20" SemiHidden="false"\r\nUnhideWhenUsed="false" QFormat="true" Name="Emphasis" />\r\n<w:LsdException Locked="false" Priority="59" SemiHidden="false"\r\nUnhideWhenUsed="false" Name="Table Grid" />\r\n<w:LsdException Locked="false" UnhideWhenUsed="false" Name="Placeholder Text" />\r\n<w:LsdException Locked="false" Priority="1" SemiHidden="false"\r\nUnhideWhenUsed="false" QFormat="true" Name="No Spacing" />\r\n<w:LsdException Locked="false" Priority="60" SemiHidden="false"\r\nUnhideWhenUsed="false" Name="Light Shading" />\r\n<w:LsdException Locked="false" Priority="61" SemiHidden="false"\r\nUnhideWhenUsed="false" Name="Light List" />\r\n<w:LsdException Locked="false" Priority="62" SemiHidden="false"\r\nUnhideWhenUsed="false" Name="Light Grid" />\r\n<w:LsdException Locked="false" Priority="63" SemiHidden="false"\r\nUnhideWhenUsed="false" Name="Medium Shading 1" />\r\n<w:LsdException Locked="false" Priority="64" SemiHidden="false"\r\nUnhideWhenUsed="false" Name="Medium Shading 2" />\r\n<w:LsdException Locked="false" Priority="65" SemiHidden="false"\r\nUnhideWhenUsed="false" Name="Medium List 1" />\r\n<w:LsdException Locked="false" Priority="66" SemiHidden="false"\r\nUnhideWhenUsed="false" Name="Medium List 2" />\r\n<w:LsdException Locked="false" Priority="67" SemiHidden="false"\r\nUnhideWhenUsed="false" Name="Medium Grid 1" />\r\n<w:LsdException Locked="false" Priority="68" SemiHidden="false"\r\nUnhideWhenUsed="false" Name="Medium Grid 2" />\r\n<w:LsdException Locked="false" Priority="69" SemiHidden="false"\r\nUnhideWhenUsed="false" Name="Medium Grid 3" />\r\n<w:LsdException Locked="false" Priority="70" SemiHidden="false"\r\nUnhideWhenUsed="false" Name="Dark List" />\r\n<w:LsdException Locked="false" Priority="71" SemiHidden="false"\r\nUnhideWhenUsed="false" Name="Colorful Shading" />\r\n<w:LsdException Locked="false" Priority="72" SemiHidden="false"\r\nUnhideWhenUsed="false" Name="Colorful List" />\r\n<w:LsdException Locked="false" Priority="73" SemiHidden="false"\r\nUnhideWhenUsed="false" Name="Colorful Grid" />\r\n<w:LsdException Locked="false" Priority="60" SemiHidden="false"\r\nUnhideWhenUsed="false" Name="Light Shading Accent 1" />\r\n<w:LsdException Locked="false" Priority="61" SemiHidden="false"\r\nUnhideWhenUsed="false" Name="Light List Accent 1" />\r\n<w:LsdException Locked="false" Priority="62" SemiHidden="false"\r\nUnhideWhenUsed="false" Name="Light Grid Accent 1" />\r\n<w:LsdException Locked="false" Priority="63" SemiHidden="false"\r\nUnhideWhenUsed="false" Name="Medium Shading 1 Accent 1" />\r\n<w:LsdException Locked="false" Priority="64" SemiHidden="false"\r\nUnhideWhenUsed="false" Name="Medium Shading 2 Accent 1" />\r\n<w:LsdException Locked="false" Priority="65" SemiHidden="false"\r\nUnhideWhenUsed="false" Name="Medium List 1 Accent 1" />\r\n<w:LsdException Locked="false" UnhideWhenUsed="false" Name="Revision" />\r\n<w:LsdException Locked="false" Priority="34" SemiHidden="false"\r\nUnhideWhenUsed="false" QFormat="true" Name="List Paragraph" />\r\n<w:LsdException Locked="false" Priority="29" SemiHidden="false"\r\nUnhideWhenUsed="false" QFormat="true" Name="Quote" />\r\n<w:LsdException Locked="false" Priority="30" SemiHidden="false"\r\nUnhideWhenUsed="false" QFormat="true" Name="Intense Quote" />\r\n<w:LsdException Locked="false" Priority="66" SemiHidden="false"\r\nUnhideWhenUsed="false" Name="Medium List 2 Accent 1" />\r\n<w:LsdException Locked="false" Priority="67" SemiHidden="false"\r\nUnhideWhenUsed="false" Name="Medium Grid 1 Accent 1" />\r\n<w:LsdException Locked="false" Priority="68" SemiHidden="false"\r\nUnhideWhenUsed="false" Name="Medium Grid 2 Accent 1" />\r\n<w:LsdException Locked="false" Priority="69" SemiHidden="false"\r\nUnhideWhenUsed="false" Name="Medium Grid 3 Accent 1" />\r\n<w:LsdException Locked="false" Priority="70" SemiHidden="false"\r\nUnhideWhenUsed="false" Name="Dark List Accent 1" />\r\n<w:LsdException Locked="false" Priority="71" SemiHidden="false"\r\nUnhideWhenUsed="false" Name="Colorful Shading Accent 1" />\r\n<w:LsdException Locked="false" Priority="72" SemiHidden="false"\r\nUnhideWhenUsed="false" Name="Colorful List Accent 1" />\r\n<w:LsdException Locked="false" Priority="73" SemiHidden="false"\r\nUnhideWhenUsed="false" Name="Colorful Grid Accent 1" />\r\n<w:LsdException Locked="false" Priority="60" SemiHidden="false"\r\nUnhideWhenUsed="false" Name="Light Shading Accent 2" />\r\n<w:LsdException Locked="false" Priority="61" SemiHidden="false"\r\nUnhideWhenUsed="false" Name="Light List Accent 2" />\r\n<w:LsdException Locked="false" Priority="62" SemiHidden="false"\r\nUnhideWhenUsed="false" Name="Light Grid Accent 2" />\r\n<w:LsdException Locked="false" Priority="63" SemiHidden="false"\r\nUnhideWhenUsed="false" Name="Medium Shading 1 Accent 2" />\r\n<w:LsdException Locked="false" Priority="64" SemiHidden="false"\r\nUnhideWhenUsed="false" Name="Medium Shading 2 Accent 2" />\r\n<w:LsdException Locked="false" Priority="65" SemiHidden="false"\r\nUnhideWhenUsed="false" Name="Medium List 1 Accent 2" />\r\n<w:LsdException Locked="false" Priority="66" SemiHidden="false"\r\nUnhideWhenUsed="false" Name="Medium List 2 Accent 2" />\r\n<w:LsdException Locked="false" Priority="67" SemiHidden="false"\r\nUnhideWhenUsed="false" Name="Medium Grid 1 Accent 2" />\r\n<w:LsdException Locked="false" Priority="68" SemiHidden="false"\r\nUnhideWhenUsed="false" Name="Medium Grid 2 Accent 2" />\r\n<w:LsdException Locked="false" Priority="69" SemiHidden="false"\r\nUnhideWhenUsed="false" Name="Medium Grid 3 Accent 2" />\r\n<w:LsdException Locked="false" Priority="70" SemiHidden="false"\r\nUnhideWhenUsed="false" Name="Dark List Accent 2" />\r\n<w:LsdException Locked="false" Priority="71" SemiHidden="false"\r\nUnhideWhenUsed="false" Name="Colorful Shading Accent 2" />\r\n<w:LsdException Locked="false" Priority="72" SemiHidden="false"\r\nUnhideWhenUsed="false" Name="Colorful List Accent 2" />\r\n<w:LsdException Locked="false" Priority="73" SemiHidden="false"\r\nUnhideWhenUsed="false" Name="Colorful Grid Accent 2" />\r\n<w:LsdException Locked="false" Priority="60" SemiHidden="false"\r\nUnhideWhenUsed="false" Name="Light Shading Accent 3" />\r\n<w:LsdException Locked="false" Priority="61" SemiHidden="false"\r\nUnhideWhenUsed="false" Name="Light List Accent 3" />\r\n<w:LsdException Locked="false" Priority="62" SemiHidden="false"\r\nUnhideWhenUsed="false" Name="Light Grid Accent 3" />\r\n<w:LsdException Locked="false" Priority="63" SemiHidden="false"\r\nUnhideWhenUsed="false" Name="Medium Shading 1 Accent 3" />\r\n<w:LsdException Locked="false" Priority="64" SemiHidden="false"\r\nUnhideWhenUsed="false" Name="Medium Shading 2 Accent 3" />\r\n<w:LsdException Locked="false" Priority="65" SemiHidden="false"\r\nUnhideWhenUsed="false" Name="Medium List 1 Accent 3" />\r\n<w:LsdException Locked="false" Priority="66" SemiHidden="false"\r\nUnhideWhenUsed="false" Name="Medium List 2 Accent 3" />\r\n<w:LsdException Locked="false" Priority="67" SemiHidden="false"\r\nUnhideWhenUsed="false" Name="Medium Grid 1 Accent 3" />\r\n<w:LsdException Locked="false" Priority="68" SemiHidden="false"\r\nUnhideWhenUsed="false" Name="Medium Grid 2 Accent 3" />\r\n<w:LsdException Locked="false" Priority="69" SemiHidden="false"\r\nUnhideWhenUsed="false" Name="Medium Grid 3 Accent 3" />\r\n<w:LsdException Locked="false" Priority="70" SemiHidden="false"\r\nUnhideWhenUsed="false" Name="Dark List Accent 3" />\r\n<w:LsdException Locked="false" Priority="71" SemiHidden="false"\r\nUnhideWhenUsed="false" Name="Colorful Shading Accent 3" />\r\n<w:LsdException Locked="false" Priority="72" SemiHidden="false"\r\nUnhideWhenUsed="false" Name="Colorful List Accent 3" />\r\n<w:LsdException Locked="false" Priority="73" SemiHidden="false"\r\nUnhideWhenUsed="false" Name="Colorful Grid Accent 3" />\r\n<w:LsdException Locked="false" Priority="60" SemiHidden="false"\r\nUnhideWhenUsed="false" Name="Light Shading Accent 4" />\r\n<w:LsdException Locked="false" Priority="61" SemiHidden="false"\r\nUnhideWhenUsed="false" Name="Light List Accent 4" />\r\n<w:LsdException Locked="false" Priority="62" SemiHidden="false"\r\nUnhideWhenUsed="false" Name="Light Grid Accent 4" />\r\n<w:LsdException Locked="false" Priority="63" SemiHidden="false"\r\nUnhideWhenUsed="false" Name="Medium Shading 1 Accent 4" />\r\n<w:LsdException Locked="false" Priority="64" SemiHidden="false"\r\nUnhideWhenUsed="false" Name="Medium Shading 2 Accent 4" />\r\n<w:LsdException Locked="false" Priority="65" SemiHidden="false"\r\nUnhideWhenUsed="false" Name="Medium List 1 Accent 4" />\r\n<w:LsdException Locked="false" Priority="66" SemiHidden="false"\r\nUnhideWhenUsed="false" Name="Medium List 2 Accent 4" />\r\n<w:LsdException Locked="false" Priority="67" SemiHidden="false"\r\nUnhideWhenUsed="false" Name="Medium Grid 1 Accent 4" />\r\n<w:LsdException Locked="false" Priority="68" SemiHidden="false"\r\nUnhideWhenUsed="false" Name="Medium Grid 2 Accent 4" />\r\n<w:LsdException Locked="false" Priority="69" SemiHidden="false"\r\nUnhideWhenUsed="false" Name="Medium Grid 3 Accent 4" />\r\n<w:LsdException Locked="false" Priority="70" SemiHidden="false"\r\nUnhideWhenUsed="false" Name="Dark List Accent 4" />\r\n<w:LsdException Locked="false" Priority="71" SemiHidden="false"\r\nUnhideWhenUsed="false" Name="Colorful Shading Accent 4" />\r\n<w:LsdException Locked="false" Priority="72" SemiHidden="false"\r\nUnhideWhenUsed="false" Name="Colorful List Accent 4" />\r\n<w:LsdException Locked="false" Priority="73" SemiHidden="false"\r\nUnhideWhenUsed="false" Name="Colorful Grid Accent 4" />\r\n<w:LsdException Locked="false" Priority="60" SemiHidden="false"\r\nUnhideWhenUsed="false" Name="Light Shading Accent 5" />\r\n<w:LsdException Locked="false" Priority="61" SemiHidden="false"\r\nUnhideWhenUsed="false" Name="Light List Accent 5" />\r\n<w:LsdException Locked="false" Priority="62" SemiHidden="false"\r\nUnhideWhenUsed="false" Name="Light Grid Accent 5" />\r\n<w:LsdException Locked="false" Priority="63" SemiHidden="false"\r\nUnhideWhenUsed="false" Name="Medium Shading 1 Accent 5" />\r\n<w:LsdException Locked="false" Priority="64" SemiHidden="false"\r\nUnhideWhenUsed="false" Name="Medium Shading 2 Accent 5" />\r\n<w:LsdException Locked="false" Priority="65" SemiHidden="false"\r\nUnhideWhenUsed="false" Name="Medium List 1 Accent 5" />\r\n<w:LsdException Locked="false" Priority="66" SemiHidden="false"\r\nUnhideWhenUsed="false" Name="Medium List 2 Accent 5" />\r\n<w:LsdException Locked="false" Priority="67" SemiHidden="false"\r\nUnhideWhenUsed="false" Name="Medium Grid 1 Accent 5" />\r\n<w:LsdException Locked="false" Priority="68" SemiHidden="false"\r\nUnhideWhenUsed="false" Name="Medium Grid 2 Accent 5" />\r\n<w:LsdException Locked="false" Priority="69" SemiHidden="false"\r\nUnhideWhenUsed="false" Name="Medium Grid 3 Accent 5" />\r\n<w:LsdException Locked="false" Priority="70" SemiHidden="false"\r\nUnhideWhenUsed="false" Name="Dark List Accent 5" />\r\n<w:LsdException Locked="false" Priority="71" SemiHidden="false"\r\nUnhideWhenUsed="false" Name="Colorful Shading Accent 5" />\r\n<w:LsdException Locked="false" Priority="72" SemiHidden="false"\r\nUnhideWhenUsed="false" Name="Colorful List Accent 5" />\r\n<w:LsdException Locked="false" Priority="73" SemiHidden="false"\r\nUnhideWhenUsed="false" Name="Colorful Grid Accent 5" />\r\n<w:LsdException Locked="false" Priority="60" SemiHidden="false"\r\nUnhideWhenUsed="false" Name="Light Shading Accent 6" />\r\n<w:LsdException Locked="false" Priority="61" SemiHidden="false"\r\nUnhideWhenUsed="false" Name="Light List Accent 6" />\r\n<w:LsdException Locked="false" Priority="62" SemiHidden="false"\r\nUnhideWhenUsed="false" Name="Light Grid Accent 6" />\r\n<w:LsdException Locked="false" Priority="63" SemiHidden="false"\r\nUnhideWhenUsed="false" Name="Medium Shading 1 Accent 6" />\r\n<w:LsdException Locked="false" Priority="64" SemiHidden="false"\r\nUnhideWhenUsed="false" Name="Medium Shading 2 Accent 6" />\r\n<w:LsdException Locked="false" Priority="65" SemiHidden="false"\r\nUnhideWhenUsed="false" Name="Medium List 1 Accent 6" />\r\n<w:LsdException Locked="false" Priority="66" SemiHidden="false"\r\nUnhideWhenUsed="false" Name="Medium List 2 Accent 6" />\r\n<w:LsdException Locked="false" Priority="67" SemiHidden="false"\r\nUnhideWhenUsed="false" Name="Medium Grid 1 Accent 6" />\r\n<w:LsdException Locked="false" Priority="68" SemiHidden="false"\r\nUnhideWhenUsed="false" Name="Medium Grid 2 Accent 6" />\r\n<w:LsdException Locked="false" Priority="69" SemiHidden="false"\r\nUnhideWhenUsed="false" Name="Medium Grid 3 Accent 6" />\r\n<w:LsdException Locked="false" Priority="70" SemiHidden="false"\r\nUnhideWhenUsed="false" Name="Dark List Accent 6" />\r\n<w:LsdException Locked="false" Priority="71" SemiHidden="false"\r\nUnhideWhenUsed="false" Name="Colorful Shading Accent 6" />\r\n<w:LsdException Locked="false" Priority="72" SemiHidden="false"\r\nUnhideWhenUsed="false" Name="Colorful List Accent 6" />\r\n<w:LsdException Locked="false" Priority="73" SemiHidden="false"\r\nUnhideWhenUsed="false" Name="Colorful Grid Accent 6" />\r\n<w:LsdException Locked="false" Priority="19" SemiHidden="false"\r\nUnhideWhenUsed="false" QFormat="true" Name="Subtle Emphasis" />\r\n<w:LsdException Locked="false" Priority="21" SemiHidden="false"\r\nUnhideWhenUsed="false" QFormat="true" Name="Intense Emphasis" />\r\n<w:LsdException Locked="false" Priority="31" SemiHidden="false"\r\nUnhideWhenUsed="false" QFormat="true" Name="Subtle Reference" />\r\n<w:LsdException Locked="false" Priority="32" SemiHidden="false"\r\nUnhideWhenUsed="false" QFormat="true" Name="Intense Reference" />\r\n<w:LsdException Locked="false" Priority="33" SemiHidden="false"\r\nUnhideWhenUsed="false" QFormat="true" Name="Book Title" />\r\n<w:LsdException Locked="false" Priority="37" Name="Bibliography" />\r\n<w:LsdException Locked="false" Priority="39" QFormat="true" Name="TOC Heading" />\r\n</w:LatentStyles>\r\n</xml><![endif]--><style type="text/css">\r\n<!--\r\n /* Font Definitions */\r\n @font-face\r\n	{font-family:Batang;\r\n	panose-1:2 3 6 0 0 1 1 1 1 1;\r\n	mso-font-alt:&#48148;&#53461;;\r\n	mso-font-charset:129;\r\n	mso-generic-font-family:auto;\r\n	mso-font-format:other;\r\n	mso-font-pitch:fixed;\r\n	mso-font-signature:1 151388160 16 0 524288 0;}\r\n@font-face\r\n	{font-family:"Cambria Math";\r\n	panose-1:2 4 5 3 5 4 6 3 2 4;\r\n	mso-font-charset:0;\r\n	mso-generic-font-family:roman;\r\n	mso-font-pitch:variable;\r\n	mso-font-signature:-1610611985 1107304683 0 0 159 0;}\r\n@font-face\r\n	{font-family:"\\@Batang";\r\n	panose-1:0 0 0 0 0 0 0 0 0 0;\r\n	mso-font-charset:129;\r\n	mso-generic-font-family:auto;\r\n	mso-font-format:other;\r\n	mso-font-pitch:fixed;\r\n	mso-font-signature:1 151388160 16 0 524288 0;}\r\n /* Style Definitions */\r\n p.MsoNormal, li.MsoNormal, div.MsoNormal\r\n	{mso-style-unhide:no;\r\n	mso-style-qformat:yes;\r\n	mso-style-parent:"";\r\n	margin:0in;\r\n	margin-bottom:.0001pt;\r\n	mso-pagination:widow-orphan;\r\n	font-size:10.0pt;\r\n	font-family:"Times New Roman","serif";\r\n	mso-fareast-font-family:Batang;\r\n	mso-fareast-language:KO;\r\n	mso-bidi-language:TH;\r\n	font-weight:bold;}\r\n.MsoChpDefault\r\n	{mso-style-type:export-only;\r\n	mso-default-props:yes;\r\n	font-size:10.0pt;\r\n	mso-ansi-font-size:10.0pt;\r\n	mso-bidi-font-size:10.0pt;\r\n	mso-fareast-font-family:Batang;\r\n	mso-bidi-font-family:"Angsana New";}\r\n@page Section1\r\n	{size:8.5in 11.0in;\r\n	margin:1.0in 1.0in 1.0in 1.0in;\r\n	mso-header-margin:.5in;\r\n	mso-footer-margin:.5in;\r\n	mso-paper-source:0;}\r\ndiv.Section1\r\n	{page:Section1;}\r\n-->\r\n</style><!--[if gte mso 10]>\r\n<style>\r\n/* Style Definitions */\r\ntable.MsoNormalTable\r\n{mso-style-name:"Table Normal";\r\nmso-tstyle-rowband-size:0;\r\nmso-tstyle-colband-size:0;\r\nmso-style-noshow:yes;\r\nmso-style-priority:99;\r\nmso-style-qformat:yes;\r\nmso-style-parent:"";\r\nmso-padding-alt:0in 5.4pt 0in 5.4pt;\r\nmso-para-margin:0in;\r\nmso-para-margin-bottom:.0001pt;\r\nmso-pagination:widow-orphan;\r\nfont-size:11.0pt;\r\nfont-family:"Calibri","sans-serif";\r\nmso-ascii-font-family:Calibri;\r\nmso-ascii-theme-font:minor-latin;\r\nmso-fareast-font-family:"Times New Roman";\r\nmso-fareast-theme-font:minor-fareast;\r\nmso-hansi-font-family:Calibri;\r\nmso-hansi-theme-font:minor-latin;\r\nmso-bidi-font-family:"Times New Roman";\r\nmso-bidi-theme-font:minor-bidi;}\r\n</style>\r\n<![endif]-->\r\n<meta content="text/html; charset=utf-8" http-equiv="Content-Type" />\r\n<meta content="Word.Document" name="ProgId" />\r\n<meta content="Microsoft Word 12" name="Generator" />\r\n<meta content="Microsoft Word 12" name="Originator" />\r\n<link href="file:///G:\\DOCUME~1\\User1\\LOCALS~1\\Temp\\msohtmlclip1\\01\\clip_filelist.xml" rel="File-List" />\r\n<link href="file:///G:\\DOCUME~1\\User1\\LOCALS~1\\Temp\\msohtmlclip1\\01\\clip_themedata.thmx" rel="themeData" />\r\n<link href="file:///G:\\DOCUME~1\\User1\\LOCALS~1\\Temp\\msohtmlclip1\\01\\clip_colorschememapping.xml" rel="colorSchemeMapping" /><!--[if gte mso 9]><xml>\r\n<w:LatentStyles DefLockedState="false" DefUnhideWhenUsed="true"\r\nDefSemiHidden="true" DefQFormat="false" DefPriority="99"\r\nLatentStyleCount="267">\r\n<w:LsdException Locked="false" Priority="0" SemiHidden="false"\r\nUnhideWhenUsed="false" QFormat="true" Name="Normal" />\r\n<w:LsdException Locked="false" Priority="9" SemiHidden="false"\r\nUnhideWhenUsed="false" QFormat="true" Name="heading 1" />\r\n<w:LsdException Locked="false" Priority="9" QFormat="true" Name="heading 2" />\r\n<w:LsdException Locked="false" Priority="9" QFormat="true" Name="heading 3" />\r\n<w:LsdException Locked="false" Priority="9" QFormat="true" Name="heading 4" />\r\n<w:LsdException Locked="false" Priority="9" QFormat="true" Name="heading 5" />\r\n<w:LsdException Locked="false" Priority="9" QFormat="true" Name="heading 6" />\r\n<w:LsdException Locked="false" Priority="9" QFormat="true" Name="heading 7" />\r\n<w:LsdException Locked="false" Priority="9" QFormat="true" Name="heading 8" />\r\n<w:LsdException Locked="false" Priority="9" QFormat="true" Name="heading 9" />\r\n<w:LsdException Locked="false" Priority="39" Name="toc 1" />\r\n<w:LsdException Locked="false" Priority="39" Name="toc 2" />\r\n<w:LsdException Locked="false" Priority="39" Name="toc 3" />\r\n<w:LsdException Locked="false" Priority="39" Name="toc 4" />\r\n<w:LsdException Locked="false" Priority="39" Name="toc 5" />\r\n<w:LsdException Locked="false" Priority="39" Name="toc 6" />\r\n<w:LsdException Locked="false" Priority="39" Name="toc 7" />\r\n<w:LsdException Locked="false" Priority="39" Name="toc 8" />\r\n<w:LsdException Locked="false" Priority="39" Name="toc 9" />\r\n<w:LsdException Locked="false" Priority="35" QFormat="true" Name="caption" />\r\n<w:LsdException Locked="false" Priority="10" SemiHidden="false"\r\nUnhideWhenUsed="false" QFormat="true" Name="Title" />\r\n<w:LsdException Locked="false" Priority="1" Name="Default Paragraph Font" />\r\n<w:LsdException Locked="false" Priority="11" SemiHidden="false"\r\nUnhideWhenUsed="false" QFormat="true" Name="Subtitle" />\r\n<w:LsdException Locked="false" Priority="22" SemiHidden="false"\r\nUnhideWhenUsed="false" QFormat="true" Name="Strong" />\r\n<w:LsdException Locked="false" Priority="20" SemiHidden="false"\r\nUnhideWhenUsed="false" QFormat="true" Name="Emphasis" />\r\n<w:LsdException Locked="false" Priority="59" SemiHidden="false"\r\nUnhideWhenUsed="false" Name="Table Grid" />\r\n<w:LsdException Locked="false" UnhideWhenUsed="false" Name="Placeholder Text" />\r\n<w:LsdException Locked="false" Priority="1" SemiHidden="false"\r\nUnhideWhenUsed="false" QFormat="true" Name="No Spacing" />\r\n<w:LsdException Locked="false" Priority="60" SemiHidden="false"\r\nUnhideWhenUsed="false" Name="Light Shading" />\r\n<w:LsdException Locked="false" Priority="61" SemiHidden="false"\r\nUnhideWhenUsed="false" Name="Light List" />\r\n<w:LsdException Locked="false" Priority="62" SemiHidden="false"\r\nUnhideWhenUsed="false" Name="Light Grid" />\r\n<w:LsdException Locked="false" Priority="63" SemiHidden="false"\r\nUnhideWhenUsed="false" Name="Medium Shading 1" />\r\n<w:LsdException Locked="false" Priority="64" SemiHidden="false"\r\nUnhideWhenUsed="false" Name="Medium Shading 2" />\r\n<w:LsdException Locked="false" Priority="65" SemiHidden="false"\r\nUnhideWhenUsed="false" Name="Medium List 1" />\r\n<w:LsdException Locked="false" Priority="66" SemiHidden="false"\r\nUnhideWhenUsed="false" Name="Medium List 2" />\r\n<w:LsdException Locked="false" Priority="67" SemiHidden="false"\r\nUnhideWhenUsed="false" Name="Medium Grid 1" />\r\n<w:LsdException Locked="false" Priority="68" SemiHidden="false"\r\nUnhideWhenUsed="false" Name="Medium Grid 2" />\r\n<w:LsdException Locked="false" Priority="69" SemiHidden="false"\r\nUnhideWhenUsed="false" Name="Medium Grid 3" />\r\n<w:LsdException Locked="false" Priority="70" SemiHidden="false"\r\nUnhideWhenUsed="false" Name="Dark List" />\r\n<w:LsdException Locked="false" Priority="71" SemiHidden="false"\r\nUnhideWhenUsed="false" Name="Colorful Shading" />\r\n<w:LsdException Locked="false" Priority="72" SemiHidden="false"\r\nUnhideWhenUsed="false" Name="Colorful List" />\r\n<w:LsdException Locked="false" Priority="73" SemiHidden="false"\r\nUnhideWhenUsed="false" Name="Colorful Grid" />\r\n<w:LsdException Locked="false" Priority="60" SemiHidden="false"\r\nUnhideWhenUsed="false" Name="Light Shading Accent 1" />\r\n<w:LsdException Locked="false" Priority="61" SemiHidden="false"\r\nUnhideWhenUsed="false" Name="Light List Accent 1" />\r\n<w:LsdException Locked="false" Priority="62" SemiHidden="false"\r\nUnhideWhenUsed="false" Name="Light Grid Accent 1" />\r\n<w:LsdException Locked="false" Priority="63" SemiHidden="false"\r\nUnhideWhenUsed="false" Name="Medium Shading 1 Accent 1" />\r\n<w:LsdException Locked="false" Priority="64" SemiHidden="false"\r\nUnhideWhenUsed="false" Name="Medium Shading 2 Accent 1" />\r\n<w:LsdException Locked="false" Priority="65" SemiHidden="false"\r\nUnhideWhenUsed="false" Name="Medium List 1 Accent 1" />\r\n<w:LsdException Locked="false" UnhideWhenUsed="false" Name="Revision" />\r\n<w:LsdException Locked="false" Priority="34" SemiHidden="false"\r\nUnhideWhenUsed="false" QFormat="true" Name="List Paragraph" />\r\n<w:LsdException Locked="false" Priority="29" SemiHidden="false"\r\nUnhideWhenUsed="false" QFormat="true" Name="Quote" />\r\n<w:LsdException Locked="false" Priority="30" SemiHidden="false"\r\nUnhideWhenUsed="false" QFormat="true" Name="Intense Quote" />\r\n<w:LsdException Locked="false" Priority="66" SemiHidden="false"\r\nUnhideWhenUsed="false" Name="Medium List 2 Accent 1" />\r\n<w:LsdException Locked="false" Priority="67" SemiHidden="false"\r\nUnhideWhenUsed="false" Name="Medium Grid 1 Accent 1" />\r\n<w:LsdException Locked="false" Priority="68" SemiHidden="false"\r\nUnhideWhenUsed="false" Name="Medium Grid 2 Accent 1" />\r\n<w:LsdException Locked="false" Priority="69" SemiHidden="false"\r\nUnhideWhenUsed="false" Name="Medium Grid 3 Accent 1" />\r\n<w:LsdException Locked="false" Priority="70" SemiHidden="false"\r\nUnhideWhenUsed="false" Name="Dark List Accent 1" />\r\n<w:LsdException Locked="false" Priority="71" SemiHidden="false"\r\nUnhideWhenUsed="false" Name="Colorful Shading Accent 1" />\r\n<w:LsdException Locked="false" Priority="72" SemiHidden="false"\r\nUnhideWhenUsed="false" Name="Colorful List Accent 1" />\r\n<w:LsdException Locked="false" Priority="73" SemiHidden="false"\r\nUnhideWhenUsed="false" Name="Colorful Grid Accent 1" />\r\n<w:LsdException Locked="false" Priority="60" SemiHidden="false"\r\nUnhideWhenUsed="false" Name="Light Shading Accent 2" />\r\n<w:LsdException Locked="false" Priority="61" SemiHidden="false"\r\nUnhideWhenUsed="false" Name="Light List Accent 2" />\r\n<w:LsdException Locked="false" Priority="62" SemiHidden="false"\r\nUnhideWhenUsed="false" Name="Light Grid Accent 2" />\r\n<w:LsdException Locked="false" Priority="63" SemiHidden="false"\r\nUnhideWhenUsed="false" Name="Medium Shading 1 Accent 2" />\r\n<w:LsdException Locked="false" Priority="64" SemiHidden="false"\r\nUnhideWhenUsed="false" Name="Medium Shading 2 Accent 2" />\r\n<w:LsdException Locked="false" Priority="65" SemiHidden="false"\r\nUnhideWhenUsed="false" Name="Medium List 1 Accent 2" />\r\n<w:LsdException Locked="false" Priority="66" SemiHidden="false"\r\nUnhideWhenUsed="false" Name="Medium List 2 Accent 2" />\r\n<w:LsdException Locked="false" Priority="67" SemiHidden="false"\r\nUnhideWhenUsed="false" Name="Medium Grid 1 Accent 2" />\r\n<w:LsdException Locked="false" Priority="68" SemiHidden="false"\r\nUnhideWhenUsed="false" Name="Medium Grid 2 Accent 2" />\r\n<w:LsdException Locked="false" Priority="69" SemiHidden="false"\r\nUnhideWhenUsed="false" Name="Medium Grid 3 Accent 2" />\r\n<w:LsdException Locked="false" Priority="70" SemiHidden="false"\r\nUnhideWhenUsed="false" Name="Dark List Accent 2" />\r\n<w:LsdException Locked="false" Priority="71" SemiHidden="false"\r\nUnhideWhenUsed="false" Name="Colorful Shading Accent 2" />\r\n<w:LsdException Locked="false" Priority="72" SemiHidden="false"\r\nUnhideWhenUsed="false" Name="Colorful List Accent 2" />\r\n<w:LsdException Locked="false" Priority="73" SemiHidden="false"\r\nUnhideWhenUsed="false" Name="Colorful Grid Accent 2" />\r\n<w:LsdException Locked="false" Priority="60" SemiHidden="false"\r\nUnhideWhenUsed="false" Name="Light Shading Accent 3" />\r\n<w:LsdException Locked="false" Priority="61" SemiHidden="false"\r\nUnhideWhenUsed="false" Name="Light List Accent 3" />\r\n<w:LsdException Locked="false" Priority="62" SemiHidden="false"\r\nUnhideWhenUsed="false" Name="Light Grid Accent 3" />\r\n<w:LsdException Locked="false" Priority="63" SemiHidden="false"\r\nUnhideWhenUsed="false" Name="Medium Shading 1 Accent 3" />\r\n<w:LsdException Locked="false" Priority="64" SemiHidden="false"\r\nUnhideWhenUsed="false" Name="Medium Shading 2 Accent 3" />\r\n<w:LsdException Locked="false" Priority="65" SemiHidden="false"\r\nUnhideWhenUsed="false" Name="Medium List 1 Accent 3" />\r\n<w:LsdException Locked="false" Priority="66" SemiHidden="false"\r\nUnhideWhenUsed="false" Name="Medium List 2 Accent 3" />\r\n<w:LsdException Locked="false" Priority="67" SemiHidden="false"\r\nUnhideWhenUsed="false" Name="Medium Grid 1 Accent 3" />\r\n<w:LsdException Locked="false" Priority="68" SemiHidden="false"\r\nUnhideWhenUsed="false" Name="Medium Grid 2 Accent 3" />\r\n<w:LsdException Locked="false" Priority="69" SemiHidden="false"\r\nUnhideWhenUsed="false" Name="Medium Grid 3 Accent 3" />\r\n<w:LsdException Locked="false" Priority="70" SemiHidden="false"\r\nUnhideWhenUsed="false" Name="Dark List Accent 3" />\r\n<w:LsdException Locked="false" Priority="71" SemiHidden="false"\r\nUnhideWhenUsed="false" Name="Colorful Shading Accent 3" />\r\n<w:LsdException Locked="false" Priority="72" SemiHidden="false"\r\nUnhideWhenUsed="false" Name="Colorful List Accent 3" />\r\n<w:LsdException Locked="false" Priority="73" SemiHidden="false"\r\nUnhideWhenUsed="false" Name="Colorful Grid Accent 3" />\r\n<w:LsdException Locked="false" Priority="60" SemiHidden="false"\r\nUnhideWhenUsed="false" Name="Light Shading Accent 4" />\r\n<w:LsdException Locked="false" Priority="61" SemiHidden="false"\r\nUnhideWhenUsed="false" Name="Light List Accent 4" />\r\n<w:LsdException Locked="false" Priority="62" SemiHidden="false"\r\nUnhideWhenUsed="false" Name="Light Grid Accent 4" />\r\n<w:LsdException Locked="false" Priority="63" SemiHidden="false"\r\nUnhideWhenUsed="false" Name="Medium Shading 1 Accent 4" />\r\n<w:LsdException Locked="false" Priority="64" SemiHidden="false"\r\nUnhideWhenUsed="false" Name="Medium Shading 2 Accent 4" />\r\n<w:LsdException Locked="false" Priority="65" SemiHidden="false"\r\nUnhideWhenUsed="false" Name="Medium List 1 Accent 4" />\r\n<w:LsdException Locked="false" Priority="66" SemiHidden="false"\r\nUnhideWhenUsed="false" Name="Medium List 2 Accent 4" />\r\n<w:LsdException Locked="false" Priority="67" SemiHidden="false"\r\nUnhideWhenUsed="false" Name="Medium Grid 1 Accent 4" />\r\n<w:LsdException Locked="false" Priority="68" SemiHidden="false"\r\nUnhideWhenUsed="false" Name="Medium Grid 2 Accent 4" />\r\n<w:LsdException Locked="false" Priority="69" SemiHidden="false"\r\nUnhideWhenUsed="false" Name="Medium Grid 3 Accent 4" />\r\n<w:LsdException Locked="false" Priority="70" SemiHidden="false"\r\nUnhideWhenUsed="false" Name="Dark List Accent 4" />\r\n<w:LsdException Locked="false" Priority="71" SemiHidden="false"\r\nUnhideWhenUsed="false" Name="Colorful Shading Accent 4" />\r\n<w:LsdException Locked="false" Priority="72" SemiHidden="false"\r\nUnhideWhenUsed="false" Name="Colorful List Accent 4" />\r\n<w:LsdException Locked="false" Priority="73" SemiHidden="false"\r\nUnhideWhenUsed="false" Name="Colorful Grid Accent 4" />\r\n<w:LsdException Locked="false" Priority="60" SemiHidden="false"\r\nUnhideWhenUsed="false" Name="Light Shading Accent 5" />\r\n<w:LsdException Locked="false" Priority="61" SemiHidden="false"\r\nUnhideWhenUsed="false" Name="Light List Accent 5" />\r\n<w:LsdException Locked="false" Priority="62" SemiHidden="false"\r\nUnhideWhenUsed="false" Name="Light Grid Accent 5" />\r\n<w:LsdException Locked="false" Priority="63" SemiHidden="false"\r\nUnhideWhenUsed="false" Name="Medium Shading 1 Accent 5" />\r\n<w:LsdException Locked="false" Priority="64" SemiHidden="false"\r\nUnhideWhenUsed="false" Name="Medium Shading 2 Accent 5" />\r\n<w:LsdException Locked="false" Priority="65" SemiHidden="false"\r\nUnhideWhenUsed="false" Name="Medium List 1 Accent 5" />\r\n<w:LsdException Locked="false" Priority="66" SemiHidden="false"\r\nUnhideWhenUsed="false" Name="Medium List 2 Accent 5" />\r\n<w:LsdException Locked="false" Priority="67" SemiHidden="false"\r\nUnhideWhenUsed="false" Name="Medium Grid 1 Accent 5" />\r\n<w:LsdException Locked="false" Priority="68" SemiHidden="false"\r\nUnhideWhenUsed="false" Name="Medium Grid 2 Accent 5" />\r\n<w:LsdException Locked="false" Priority="69" SemiHidden="false"\r\nUnhideWhenUsed="false" Name="Medium Grid 3 Accent 5" />\r\n<w:LsdException Locked="false" Priority="70" SemiHidden="false"\r\nUnhideWhenUsed="false" Name="Dark List Accent 5" />\r\n<w:LsdException Locked="false" Priority="71" SemiHidden="false"\r\nUnhideWhenUsed="false" Name="Colorful Shading Accent 5" />\r\n<w:LsdException Locked="false" Priority="72" SemiHidden="false"\r\nUnhideWhenUsed="false" Name="Colorful List Accent 5" />\r\n<w:LsdException Locked="false" Priority="73" SemiHidden="false"\r\nUnhideWhenUsed="false" Name="Colorful Grid Accent 5" />\r\n<w:LsdException Locked="false" Priority="60" SemiHidden="false"\r\nUnhideWhenUsed="false" Name="Light Shading Accent 6" />\r\n<w:LsdException Locked="false" Priority="61" SemiHidden="false"\r\nUnhideWhenUsed="false" Name="Light List Accent 6" />\r\n<w:LsdException Locked="false" Priority="62" SemiHidden="false"\r\nUnhideWhenUsed="false" Name="Light Grid Accent 6" />\r\n<w:LsdException Locked="false" Priority="63" SemiHidden="false"\r\nUnhideWhenUsed="false" Name="Medium Shading 1 Accent 6" />\r\n<w:LsdException Locked="false" Priority="64" SemiHidden="false"\r\nUnhideWhenUsed="false" Name="Medium Shading 2 Accent 6" />\r\n<w:LsdException Locked="false" Priority="65" SemiHidden="false"\r\nUnhideWhenUsed="false" Name="Medium List 1 Accent 6" />\r\n<w:LsdException Locked="false" Priority="66" SemiHidden="false"\r\nUnhideWhenUsed="false" Name="Medium List 2 Accent 6" />\r\n<w:LsdException Locked="false" Priority="67" SemiHidden="false"\r\nUnhideWhenUsed="false" Name="Medium Grid 1 Accent 6" />\r\n<w:LsdException Locked="false" Priority="68" SemiHidden="false"\r\nUnhideWhenUsed="false" Name="Medium Grid 2 Accent 6" />\r\n<w:LsdException Locked="false" Priority="69" SemiHidden="false"\r\nUnhideWhenUsed="false" Name="Medium Grid 3 Accent 6" />\r\n<w:LsdException Locked="false" Priority="70" SemiHidden="false"\r\nUnhideWhenUsed="false" Name="Dark List Accent 6" />\r\n<w:LsdException Locked="false" Priority="71" SemiHidden="false"\r\nUnhideWhenUsed="false" Name="Colorful Shading Accent 6" />\r\n<w:LsdException Locked="false" Priority="72" SemiHidden="false"\r\nUnhideWhenUsed="false" Name="Colorful List Accent 6" />\r\n<w:LsdException Locked="false" Priority="73" SemiHidden="false"\r\nUnhideWhenUsed="false" Name="Colorful Grid Accent 6" />\r\n<w:LsdException Locked="false" Priority="19" SemiHidden="false"\r\nUnhideWhenUsed="false" QFormat="true" Name="Subtle Emphasis" />\r\n<w:LsdException Locked="false" Priority="21" SemiHidden="false"\r\nUnhideWhenUsed="false" QFormat="true" Name="Intense Emphasis" />\r\n<w:LsdException Locked="false" Priority="31" SemiHidden="false"\r\nUnhideWhenUsed="false" QFormat="true" Name="Subtle Reference" />\r\n<w:LsdException Locked="false" Priority="32" SemiHidden="false"\r\nUnhideWhenUsed="false" QFormat="true" Name="Intense Reference" />\r\n<w:LsdException Locked="false" Priority="33" SemiHidden="false"\r\nUnhideWhenUsed="false" QFormat="true" Name="Book Title" />\r\n<w:LsdException Locked="false" Priority="37" Name="Bibliography" />\r\n<w:LsdException Locked="false" Priority="39" QFormat="true" Name="TOC Heading" />\r\n</w:LatentStyles>\r\n</xml><![endif]--><style type="text/css">\r\n<!--\r\n /* Font Definitions */\r\n @font-face\r\n	{font-family:Batang;\r\n	panose-1:2 3 6 0 0 1 1 1 1 1;\r\n	mso-font-alt:&#48148;&#53461;;\r\n	mso-font-charset:129;\r\n	mso-generic-font-family:auto;\r\n	mso-font-format:other;\r\n	mso-font-pitch:fixed;\r\n	mso-font-signature:1 151388160 16 0 524288 0;}\r\n@font-face\r\n	{font-family:"Cambria Math";\r\n	panose-1:2 4 5 3 5 4 6 3 2 4;\r\n	mso-font-charset:0;\r\n	mso-generic-font-family:roman;\r\n	mso-font-pitch:variable;\r\n	mso-font-signature:-1610611985 1107304683 0 0 159 0;}\r\n@font-face\r\n	{font-family:"\\@Batang";\r\n	panose-1:0 0 0 0 0 0 0 0 0 0;\r\n	mso-font-charset:129;\r\n	mso-generic-font-family:auto;\r\n	mso-font-format:other;\r\n	mso-font-pitch:fixed;\r\n	mso-font-signature:1 151388160 16 0 524288 0;}\r\n /* Style Definitions */\r\n p.MsoNormal, li.MsoNormal, div.MsoNormal\r\n	{mso-style-unhide:no;\r\n	mso-style-qformat:yes;\r\n	mso-style-parent:"";\r\n	margin:0in;\r\n	margin-bottom:.0001pt;\r\n	mso-pagination:widow-orphan;\r\n	font-size:10.0pt;\r\n	font-family:"Times New Roman","serif";\r\n	mso-fareast-font-family:Batang;\r\n	mso-fareast-language:KO;\r\n	mso-bidi-language:TH;\r\n	font-weight:bold;}\r\n.MsoChpDefault\r\n	{mso-style-type:export-only;\r\n	mso-default-props:yes;\r\n	font-size:10.0pt;\r\n	mso-ansi-font-size:10.0pt;\r\n	mso-bidi-font-size:10.0pt;\r\n	mso-fareast-font-family:Batang;\r\n	mso-bidi-font-family:"Angsana New";}\r\n@page Section1\r\n	{size:8.5in 11.0in;\r\n	margin:1.0in 1.0in 1.0in 1.0in;\r\n	mso-header-margin:.5in;\r\n	mso-footer-margin:.5in;\r\n	mso-paper-source:0;}\r\ndiv.Section1\r\n	{page:Section1;}\r\n-->\r\n</style><!--[if gte mso 10]>\r\n<style>\r\n/* Style Definitions */\r\ntable.MsoNormalTable\r\n{mso-style-name:"Table Normal";\r\nmso-tstyle-rowband-size:0;\r\nmso-tstyle-colband-size:0;\r\nmso-style-noshow:yes;\r\nmso-style-priority:99;\r\nmso-style-qformat:yes;\r\nmso-style-parent:"";\r\nmso-padding-alt:0in 5.4pt 0in 5.4pt;\r\nmso-para-margin:0in;\r\nmso-para-margin-bottom:.0001pt;\r\nmso-pagination:widow-orphan;\r\nfont-size:11.0pt;\r\nfont-family:"Calibri","sans-serif";\r\nmso-ascii-font-family:Calibri;\r\nmso-ascii-theme-font:minor-latin;\r\nmso-fareast-font-family:"Times New Roman";\r\nmso-fareast-theme-font:minor-fareast;\r\nmso-hansi-font-family:Calibri;\r\nmso-hansi-theme-font:minor-latin;\r\nmso-bidi-font-family:"Times New Roman";\r\nmso-bidi-theme-font:minor-bidi;}\r\n</style>\r\n<![endif]--><span style="font-size: 11pt; font-family: &quot;Arial&quot;,&quot;sans-serif&quot;;">Attendees are Chief Executive Officers/General Managers of ACCU member organizations. The CEOs serves as advisory group for ACCU to ensure that its services are responding to the current needs and issues of credit unions. The workshop intends to present the first draft of the 2009-2014 Asian Credit Union Roadmap.</span></p>', 'up comming', '', '', 1);
INSERT INTO `event` (`event_id`, `event_name`, `event_starting_date`, `event_end_date`, `country_id`, `description`, `type`, `location_description`, `event_image`, `event_home`) VALUES
(15, '11TH DEVELOPMENT EDUCATION WORKSHOP', '2009-06-21', '2009-06-23', 13, '<p>\r\n<meta content="text/html; charset=utf-8" http-equiv="Content-Type" />\r\n<meta content="Word.Document" name="ProgId" />\r\n<meta content="Microsoft Word 12" name="Generator" />\r\n<meta content="Microsoft Word 12" name="Originator" />\r\n<link href="file:///G:\\DOCUME~1\\User1\\LOCALS~1\\Temp\\msohtmlclip1\\01\\clip_filelist.xml" rel="File-List" />\r\n<link href="file:///G:\\DOCUME~1\\User1\\LOCALS~1\\Temp\\msohtmlclip1\\01\\clip_themedata.thmx" rel="themeData" />\r\n<link href="file:///G:\\DOCUME~1\\User1\\LOCALS~1\\Temp\\msohtmlclip1\\01\\clip_colorschememapping.xml" rel="colorSchemeMapping" /><!--[if gte mso 9]><xml>\r\n<w:LatentStyles DefLockedState="false" DefUnhideWhenUsed="true"\r\nDefSemiHidden="true" DefQFormat="false" DefPriority="99"\r\nLatentStyleCount="267">\r\n<w:LsdException Locked="false" Priority="0" SemiHidden="false"\r\nUnhideWhenUsed="false" QFormat="true" Name="Normal" />\r\n<w:LsdException Locked="false" Priority="9" SemiHidden="false"\r\nUnhideWhenUsed="false" QFormat="true" Name="heading 1" />\r\n<w:LsdException Locked="false" Priority="9" QFormat="true" Name="heading 2" />\r\n<w:LsdException Locked="false" Priority="9" QFormat="true" Name="heading 3" />\r\n<w:LsdException Locked="false" Priority="9" QFormat="true" Name="heading 4" />\r\n<w:LsdException Locked="false" Priority="9" QFormat="true" Name="heading 5" />\r\n<w:LsdException Locked="false" Priority="9" QFormat="true" Name="heading 6" />\r\n<w:LsdException Locked="false" Priority="9" QFormat="true" Name="heading 7" />\r\n<w:LsdException Locked="false" Priority="9" QFormat="true" Name="heading 8" />\r\n<w:LsdException Locked="false" Priority="9" QFormat="true" Name="heading 9" />\r\n<w:LsdException Locked="false" Priority="39" Name="toc 1" />\r\n<w:LsdException Locked="false" Priority="39" Name="toc 2" />\r\n<w:LsdException Locked="false" Priority="39" Name="toc 3" />\r\n<w:LsdException Locked="false" Priority="39" Name="toc 4" />\r\n<w:LsdException Locked="false" Priority="39" Name="toc 5" />\r\n<w:LsdException Locked="false" Priority="39" Name="toc 6" />\r\n<w:LsdException Locked="false" Priority="39" Name="toc 7" />\r\n<w:LsdException Locked="false" Priority="39" Name="toc 8" />\r\n<w:LsdException Locked="false" Priority="39" Name="toc 9" />\r\n<w:LsdException Locked="false" Priority="35" QFormat="true" Name="caption" />\r\n<w:LsdException Locked="false" Priority="10" SemiHidden="false"\r\nUnhideWhenUsed="false" QFormat="true" Name="Title" />\r\n<w:LsdException Locked="false" Priority="1" Name="Default Paragraph Font" />\r\n<w:LsdException Locked="false" Priority="11" SemiHidden="false"\r\nUnhideWhenUsed="false" QFormat="true" Name="Subtitle" />\r\n<w:LsdException Locked="false" Priority="22" SemiHidden="false"\r\nUnhideWhenUsed="false" QFormat="true" Name="Strong" />\r\n<w:LsdException Locked="false" Priority="20" SemiHidden="false"\r\nUnhideWhenUsed="false" QFormat="true" Name="Emphasis" />\r\n<w:LsdException Locked="false" Priority="59" SemiHidden="false"\r\nUnhideWhenUsed="false" Name="Table Grid" />\r\n<w:LsdException Locked="false" UnhideWhenUsed="false" Name="Placeholder Text" />\r\n<w:LsdException Locked="false" Priority="1" SemiHidden="false"\r\nUnhideWhenUsed="false" QFormat="true" Name="No Spacing" />\r\n<w:LsdException Locked="false" Priority="60" SemiHidden="false"\r\nUnhideWhenUsed="false" Name="Light Shading" />\r\n<w:LsdException Locked="false" Priority="61" SemiHidden="false"\r\nUnhideWhenUsed="false" Name="Light List" />\r\n<w:LsdException Locked="false" Priority="62" SemiHidden="false"\r\nUnhideWhenUsed="false" Name="Light Grid" />\r\n<w:LsdException Locked="false" Priority="63" SemiHidden="false"\r\nUnhideWhenUsed="false" Name="Medium Shading 1" />\r\n<w:LsdException Locked="false" Priority="64" SemiHidden="false"\r\nUnhideWhenUsed="false" Name="Medium Shading 2" />\r\n<w:LsdException Locked="false" Priority="65" SemiHidden="false"\r\nUnhideWhenUsed="false" Name="Medium List 1" />\r\n<w:LsdException Locked="false" Priority="66" SemiHidden="false"\r\nUnhideWhenUsed="false" Name="Medium List 2" />\r\n<w:LsdException Locked="false" Priority="67" SemiHidden="false"\r\nUnhideWhenUsed="false" Name="Medium Grid 1" />\r\n<w:LsdException Locked="false" Priority="68" SemiHidden="false"\r\nUnhideWhenUsed="false" Name="Medium Grid 2" />\r\n<w:LsdException Locked="false" Priority="69" SemiHidden="false"\r\nUnhideWhenUsed="false" Name="Medium Grid 3" />\r\n<w:LsdException Locked="false" Priority="70" SemiHidden="false"\r\nUnhideWhenUsed="false" Name="Dark List" />\r\n<w:LsdException Locked="false" Priority="71" SemiHidden="false"\r\nUnhideWhenUsed="false" Name="Colorful Shading" />\r\n<w:LsdException Locked="false" Priority="72" SemiHidden="false"\r\nUnhideWhenUsed="false" Name="Colorful List" />\r\n<w:LsdException Locked="false" Priority="73" SemiHidden="false"\r\nUnhideWhenUsed="false" Name="Colorful Grid" />\r\n<w:LsdException Locked="false" Priority="60" SemiHidden="false"\r\nUnhideWhenUsed="false" Name="Light Shading Accent 1" />\r\n<w:LsdException Locked="false" Priority="61" SemiHidden="false"\r\nUnhideWhenUsed="false" Name="Light List Accent 1" />\r\n<w:LsdException Locked="false" Priority="62" SemiHidden="false"\r\nUnhideWhenUsed="false" Name="Light Grid Accent 1" />\r\n<w:LsdException Locked="false" Priority="63" SemiHidden="false"\r\nUnhideWhenUsed="false" Name="Medium Shading 1 Accent 1" />\r\n<w:LsdException Locked="false" Priority="64" SemiHidden="false"\r\nUnhideWhenUsed="false" Name="Medium Shading 2 Accent 1" />\r\n<w:LsdException Locked="false" Priority="65" SemiHidden="false"\r\nUnhideWhenUsed="false" Name="Medium List 1 Accent 1" />\r\n<w:LsdException Locked="false" UnhideWhenUsed="false" Name="Revision" />\r\n<w:LsdException Locked="false" Priority="34" SemiHidden="false"\r\nUnhideWhenUsed="false" QFormat="true" Name="List Paragraph" />\r\n<w:LsdException Locked="false" Priority="29" SemiHidden="false"\r\nUnhideWhenUsed="false" QFormat="true" Name="Quote" />\r\n<w:LsdException Locked="false" Priority="30" SemiHidden="false"\r\nUnhideWhenUsed="false" QFormat="true" Name="Intense Quote" />\r\n<w:LsdException Locked="false" Priority="66" SemiHidden="false"\r\nUnhideWhenUsed="false" Name="Medium List 2 Accent 1" />\r\n<w:LsdException Locked="false" Priority="67" SemiHidden="false"\r\nUnhideWhenUsed="false" Name="Medium Grid 1 Accent 1" />\r\n<w:LsdException Locked="false" Priority="68" SemiHidden="false"\r\nUnhideWhenUsed="false" Name="Medium Grid 2 Accent 1" />\r\n<w:LsdException Locked="false" Priority="69" SemiHidden="false"\r\nUnhideWhenUsed="false" Name="Medium Grid 3 Accent 1" />\r\n<w:LsdException Locked="false" Priority="70" SemiHidden="false"\r\nUnhideWhenUsed="false" Name="Dark List Accent 1" />\r\n<w:LsdException Locked="false" Priority="71" SemiHidden="false"\r\nUnhideWhenUsed="false" Name="Colorful Shading Accent 1" />\r\n<w:LsdException Locked="false" Priority="72" SemiHidden="false"\r\nUnhideWhenUsed="false" Name="Colorful List Accent 1" />\r\n<w:LsdException Locked="false" Priority="73" SemiHidden="false"\r\nUnhideWhenUsed="false" Name="Colorful Grid Accent 1" />\r\n<w:LsdException Locked="false" Priority="60" SemiHidden="false"\r\nUnhideWhenUsed="false" Name="Light Shading Accent 2" />\r\n<w:LsdException Locked="false" Priority="61" SemiHidden="false"\r\nUnhideWhenUsed="false" Name="Light List Accent 2" />\r\n<w:LsdException Locked="false" Priority="62" SemiHidden="false"\r\nUnhideWhenUsed="false" Name="Light Grid Accent 2" />\r\n<w:LsdException Locked="false" Priority="63" SemiHidden="false"\r\nUnhideWhenUsed="false" Name="Medium Shading 1 Accent 2" />\r\n<w:LsdException Locked="false" Priority="64" SemiHidden="false"\r\nUnhideWhenUsed="false" Name="Medium Shading 2 Accent 2" />\r\n<w:LsdException Locked="false" Priority="65" SemiHidden="false"\r\nUnhideWhenUsed="false" Name="Medium List 1 Accent 2" />\r\n<w:LsdException Locked="false" Priority="66" SemiHidden="false"\r\nUnhideWhenUsed="false" Name="Medium List 2 Accent 2" />\r\n<w:LsdException Locked="false" Priority="67" SemiHidden="false"\r\nUnhideWhenUsed="false" Name="Medium Grid 1 Accent 2" />\r\n<w:LsdException Locked="false" Priority="68" SemiHidden="false"\r\nUnhideWhenUsed="false" Name="Medium Grid 2 Accent 2" />\r\n<w:LsdException Locked="false" Priority="69" SemiHidden="false"\r\nUnhideWhenUsed="false" Name="Medium Grid 3 Accent 2" />\r\n<w:LsdException Locked="false" Priority="70" SemiHidden="false"\r\nUnhideWhenUsed="false" Name="Dark List Accent 2" />\r\n<w:LsdException Locked="false" Priority="71" SemiHidden="false"\r\nUnhideWhenUsed="false" Name="Colorful Shading Accent 2" />\r\n<w:LsdException Locked="false" Priority="72" SemiHidden="false"\r\nUnhideWhenUsed="false" Name="Colorful List Accent 2" />\r\n<w:LsdException Locked="false" Priority="73" SemiHidden="false"\r\nUnhideWhenUsed="false" Name="Colorful Grid Accent 2" />\r\n<w:LsdException Locked="false" Priority="60" SemiHidden="false"\r\nUnhideWhenUsed="false" Name="Light Shading Accent 3" />\r\n<w:LsdException Locked="false" Priority="61" SemiHidden="false"\r\nUnhideWhenUsed="false" Name="Light List Accent 3" />\r\n<w:LsdException Locked="false" Priority="62" SemiHidden="false"\r\nUnhideWhenUsed="false" Name="Light Grid Accent 3" />\r\n<w:LsdException Locked="false" Priority="63" SemiHidden="false"\r\nUnhideWhenUsed="false" Name="Medium Shading 1 Accent 3" />\r\n<w:LsdException Locked="false" Priority="64" SemiHidden="false"\r\nUnhideWhenUsed="false" Name="Medium Shading 2 Accent 3" />\r\n<w:LsdException Locked="false" Priority="65" SemiHidden="false"\r\nUnhideWhenUsed="false" Name="Medium List 1 Accent 3" />\r\n<w:LsdException Locked="false" Priority="66" SemiHidden="false"\r\nUnhideWhenUsed="false" Name="Medium List 2 Accent 3" />\r\n<w:LsdException Locked="false" Priority="67" SemiHidden="false"\r\nUnhideWhenUsed="false" Name="Medium Grid 1 Accent 3" />\r\n<w:LsdException Locked="false" Priority="68" SemiHidden="false"\r\nUnhideWhenUsed="false" Name="Medium Grid 2 Accent 3" />\r\n<w:LsdException Locked="false" Priority="69" SemiHidden="false"\r\nUnhideWhenUsed="false" Name="Medium Grid 3 Accent 3" />\r\n<w:LsdException Locked="false" Priority="70" SemiHidden="false"\r\nUnhideWhenUsed="false" Name="Dark List Accent 3" />\r\n<w:LsdException Locked="false" Priority="71" SemiHidden="false"\r\nUnhideWhenUsed="false" Name="Colorful Shading Accent 3" />\r\n<w:LsdException Locked="false" Priority="72" SemiHidden="false"\r\nUnhideWhenUsed="false" Name="Colorful List Accent 3" />\r\n<w:LsdException Locked="false" Priority="73" SemiHidden="false"\r\nUnhideWhenUsed="false" Name="Colorful Grid Accent 3" />\r\n<w:LsdException Locked="false" Priority="60" SemiHidden="false"\r\nUnhideWhenUsed="false" Name="Light Shading Accent 4" />\r\n<w:LsdException Locked="false" Priority="61" SemiHidden="false"\r\nUnhideWhenUsed="false" Name="Light List Accent 4" />\r\n<w:LsdException Locked="false" Priority="62" SemiHidden="false"\r\nUnhideWhenUsed="false" Name="Light Grid Accent 4" />\r\n<w:LsdException Locked="false" Priority="63" SemiHidden="false"\r\nUnhideWhenUsed="false" Name="Medium Shading 1 Accent 4" />\r\n<w:LsdException Locked="false" Priority="64" SemiHidden="false"\r\nUnhideWhenUsed="false" Name="Medium Shading 2 Accent 4" />\r\n<w:LsdException Locked="false" Priority="65" SemiHidden="false"\r\nUnhideWhenUsed="false" Name="Medium List 1 Accent 4" />\r\n<w:LsdException Locked="false" Priority="66" SemiHidden="false"\r\nUnhideWhenUsed="false" Name="Medium List 2 Accent 4" />\r\n<w:LsdException Locked="false" Priority="67" SemiHidden="false"\r\nUnhideWhenUsed="false" Name="Medium Grid 1 Accent 4" />\r\n<w:LsdException Locked="false" Priority="68" SemiHidden="false"\r\nUnhideWhenUsed="false" Name="Medium Grid 2 Accent 4" />\r\n<w:LsdException Locked="false" Priority="69" SemiHidden="false"\r\nUnhideWhenUsed="false" Name="Medium Grid 3 Accent 4" />\r\n<w:LsdException Locked="false" Priority="70" SemiHidden="false"\r\nUnhideWhenUsed="false" Name="Dark List Accent 4" />\r\n<w:LsdException Locked="false" Priority="71" SemiHidden="false"\r\nUnhideWhenUsed="false" Name="Colorful Shading Accent 4" />\r\n<w:LsdException Locked="false" Priority="72" SemiHidden="false"\r\nUnhideWhenUsed="false" Name="Colorful List Accent 4" />\r\n<w:LsdException Locked="false" Priority="73" SemiHidden="false"\r\nUnhideWhenUsed="false" Name="Colorful Grid Accent 4" />\r\n<w:LsdException Locked="false" Priority="60" SemiHidden="false"\r\nUnhideWhenUsed="false" Name="Light Shading Accent 5" />\r\n<w:LsdException Locked="false" Priority="61" SemiHidden="false"\r\nUnhideWhenUsed="false" Name="Light List Accent 5" />\r\n<w:LsdException Locked="false" Priority="62" SemiHidden="false"\r\nUnhideWhenUsed="false" Name="Light Grid Accent 5" />\r\n<w:LsdException Locked="false" Priority="63" SemiHidden="false"\r\nUnhideWhenUsed="false" Name="Medium Shading 1 Accent 5" />\r\n<w:LsdException Locked="false" Priority="64" SemiHidden="false"\r\nUnhideWhenUsed="false" Name="Medium Shading 2 Accent 5" />\r\n<w:LsdException Locked="false" Priority="65" SemiHidden="false"\r\nUnhideWhenUsed="false" Name="Medium List 1 Accent 5" />\r\n<w:LsdException Locked="false" Priority="66" SemiHidden="false"\r\nUnhideWhenUsed="false" Name="Medium List 2 Accent 5" />\r\n<w:LsdException Locked="false" Priority="67" SemiHidden="false"\r\nUnhideWhenUsed="false" Name="Medium Grid 1 Accent 5" />\r\n<w:LsdException Locked="false" Priority="68" SemiHidden="false"\r\nUnhideWhenUsed="false" Name="Medium Grid 2 Accent 5" />\r\n<w:LsdException Locked="false" Priority="69" SemiHidden="false"\r\nUnhideWhenUsed="false" Name="Medium Grid 3 Accent 5" />\r\n<w:LsdException Locked="false" Priority="70" SemiHidden="false"\r\nUnhideWhenUsed="false" Name="Dark List Accent 5" />\r\n<w:LsdException Locked="false" Priority="71" SemiHidden="false"\r\nUnhideWhenUsed="false" Name="Colorful Shading Accent 5" />\r\n<w:LsdException Locked="false" Priority="72" SemiHidden="false"\r\nUnhideWhenUsed="false" Name="Colorful List Accent 5" />\r\n<w:LsdException Locked="false" Priority="73" SemiHidden="false"\r\nUnhideWhenUsed="false" Name="Colorful Grid Accent 5" />\r\n<w:LsdException Locked="false" Priority="60" SemiHidden="false"\r\nUnhideWhenUsed="false" Name="Light Shading Accent 6" />\r\n<w:LsdException Locked="false" Priority="61" SemiHidden="false"\r\nUnhideWhenUsed="false" Name="Light List Accent 6" />\r\n<w:LsdException Locked="false" Priority="62" SemiHidden="false"\r\nUnhideWhenUsed="false" Name="Light Grid Accent 6" />\r\n<w:LsdException Locked="false" Priority="63" SemiHidden="false"\r\nUnhideWhenUsed="false" Name="Medium Shading 1 Accent 6" />\r\n<w:LsdException Locked="false" Priority="64" SemiHidden="false"\r\nUnhideWhenUsed="false" Name="Medium Shading 2 Accent 6" />\r\n<w:LsdException Locked="false" Priority="65" SemiHidden="false"\r\nUnhideWhenUsed="false" Name="Medium List 1 Accent 6" />\r\n<w:LsdException Locked="false" Priority="66" SemiHidden="false"\r\nUnhideWhenUsed="false" Name="Medium List 2 Accent 6" />\r\n<w:LsdException Locked="false" Priority="67" SemiHidden="false"\r\nUnhideWhenUsed="false" Name="Medium Grid 1 Accent 6" />\r\n<w:LsdException Locked="false" Priority="68" SemiHidden="false"\r\nUnhideWhenUsed="false" Name="Medium Grid 2 Accent 6" />\r\n<w:LsdException Locked="false" Priority="69" SemiHidden="false"\r\nUnhideWhenUsed="false" Name="Medium Grid 3 Accent 6" />\r\n<w:LsdException Locked="false" Priority="70" SemiHidden="false"\r\nUnhideWhenUsed="false" Name="Dark List Accent 6" />\r\n<w:LsdException Locked="false" Priority="71" SemiHidden="false"\r\nUnhideWhenUsed="false" Name="Colorful Shading Accent 6" />\r\n<w:LsdException Locked="false" Priority="72" SemiHidden="false"\r\nUnhideWhenUsed="false" Name="Colorful List Accent 6" />\r\n<w:LsdException Locked="false" Priority="73" SemiHidden="false"\r\nUnhideWhenUsed="false" Name="Colorful Grid Accent 6" />\r\n<w:LsdException Locked="false" Priority="19" SemiHidden="false"\r\nUnhideWhenUsed="false" QFormat="true" Name="Subtle Emphasis" />\r\n<w:LsdException Locked="false" Priority="21" SemiHidden="false"\r\nUnhideWhenUsed="false" QFormat="true" Name="Intense Emphasis" />\r\n<w:LsdException Locked="false" Priority="31" SemiHidden="false"\r\nUnhideWhenUsed="false" QFormat="true" Name="Subtle Reference" />\r\n<w:LsdException Locked="false" Priority="32" SemiHidden="false"\r\nUnhideWhenUsed="false" QFormat="true" Name="Intense Reference" />\r\n<w:LsdException Locked="false" Priority="33" SemiHidden="false"\r\nUnhideWhenUsed="false" QFormat="true" Name="Book Title" />\r\n<w:LsdException Locked="false" Priority="37" Name="Bibliography" />\r\n<w:LsdException Locked="false" Priority="39" QFormat="true" Name="TOC Heading" />\r\n</w:LatentStyles>\r\n</xml><![endif]--><style type="text/css">\r\n<!--\r\n /* Font Definitions */\r\n @font-face\r\n	{font-family:Batang;\r\n	panose-1:2 3 6 0 0 1 1 1 1 1;\r\n	mso-font-alt:&#48148;&#53461;;\r\n	mso-font-charset:129;\r\n	mso-generic-font-family:auto;\r\n	mso-font-format:other;\r\n	mso-font-pitch:fixed;\r\n	mso-font-signature:1 151388160 16 0 524288 0;}\r\n@font-face\r\n	{font-family:"Cambria Math";\r\n	panose-1:2 4 5 3 5 4 6 3 2 4;\r\n	mso-font-charset:0;\r\n	mso-generic-font-family:roman;\r\n	mso-font-pitch:variable;\r\n	mso-font-signature:-1610611985 1107304683 0 0 159 0;}\r\n@font-face\r\n	{font-family:"\\@Batang";\r\n	panose-1:0 0 0 0 0 0 0 0 0 0;\r\n	mso-font-charset:129;\r\n	mso-generic-font-family:auto;\r\n	mso-font-format:other;\r\n	mso-font-pitch:fixed;\r\n	mso-font-signature:1 151388160 16 0 524288 0;}\r\n /* Style Definitions */\r\n p.MsoNormal, li.MsoNormal, div.MsoNormal\r\n	{mso-style-unhide:no;\r\n	mso-style-qformat:yes;\r\n	mso-style-parent:"";\r\n	margin:0in;\r\n	margin-bottom:.0001pt;\r\n	mso-pagination:widow-orphan;\r\n	font-size:10.0pt;\r\n	font-family:"Times New Roman","serif";\r\n	mso-fareast-font-family:Batang;\r\n	mso-fareast-language:KO;\r\n	mso-bidi-language:TH;\r\n	font-weight:bold;}\r\n.MsoChpDefault\r\n	{mso-style-type:export-only;\r\n	mso-default-props:yes;\r\n	font-size:10.0pt;\r\n	mso-ansi-font-size:10.0pt;\r\n	mso-bidi-font-size:10.0pt;\r\n	mso-fareast-font-family:Batang;\r\n	mso-bidi-font-family:"Angsana New";}\r\n@page Section1\r\n	{size:8.5in 11.0in;\r\n	margin:1.0in 1.0in 1.0in 1.0in;\r\n	mso-header-margin:.5in;\r\n	mso-footer-margin:.5in;\r\n	mso-paper-source:0;}\r\ndiv.Section1\r\n	{page:Section1;}\r\n-->\r\n</style><!--[if gte mso 10]>\r\n<style>\r\n/* Style Definitions */\r\ntable.MsoNormalTable\r\n{mso-style-name:"Table Normal";\r\nmso-tstyle-rowband-size:0;\r\nmso-tstyle-colband-size:0;\r\nmso-style-noshow:yes;\r\nmso-style-priority:99;\r\nmso-style-qformat:yes;\r\nmso-style-parent:"";\r\nmso-padding-alt:0in 5.4pt 0in 5.4pt;\r\nmso-para-margin:0in;\r\nmso-para-margin-bottom:.0001pt;\r\nmso-pagination:widow-orphan;\r\nfont-size:11.0pt;\r\nfont-family:"Calibri","sans-serif";\r\nmso-ascii-font-family:Calibri;\r\nmso-ascii-theme-font:minor-latin;\r\nmso-fareast-font-family:"Times New Roman";\r\nmso-fareast-theme-font:minor-fareast;\r\nmso-hansi-font-family:Calibri;\r\nmso-hansi-theme-font:minor-latin;\r\nmso-bidi-font-family:"Times New Roman";\r\nmso-bidi-theme-font:minor-bidi;}\r\n</style>\r\n<![endif]-->\r\n<meta content="text/html; charset=utf-8" http-equiv="Content-Type" />\r\n<meta content="Word.Document" name="ProgId" />\r\n<meta content="Microsoft Word 12" name="Generator" />\r\n<meta content="Microsoft Word 12" name="Originator" />\r\n<link href="file:///G:\\DOCUME~1\\User1\\LOCALS~1\\Temp\\msohtmlclip1\\01\\clip_filelist.xml" rel="File-List" /><o:smarttagtype name="place" namespaceuri="urn:schemas-microsoft-com:office:smarttags"></o:smarttagtype>\r\n<link href="file:///G:\\DOCUME~1\\User1\\LOCALS~1\\Temp\\msohtmlclip1\\01\\clip_themedata.thmx" rel="themeData" />\r\n<link href="file:///G:\\DOCUME~1\\User1\\LOCALS~1\\Temp\\msohtmlclip1\\01\\clip_colorschememapping.xml" rel="colorSchemeMapping" /><!--[if gte mso 9]><xml>\r\n<w:LatentStyles DefLockedState="false" DefUnhideWhenUsed="true"\r\nDefSemiHidden="true" DefQFormat="false" DefPriority="99"\r\nLatentStyleCount="267">\r\n<w:LsdException Locked="false" Priority="0" SemiHidden="false"\r\nUnhideWhenUsed="false" QFormat="true" Name="Normal" />\r\n<w:LsdException Locked="false" Priority="9" SemiHidden="false"\r\nUnhideWhenUsed="false" QFormat="true" Name="heading 1" />\r\n<w:LsdException Locked="false" Priority="9" QFormat="true" Name="heading 2" />\r\n<w:LsdException Locked="false" Priority="9" QFormat="true" Name="heading 3" />\r\n<w:LsdException Locked="false" Priority="9" QFormat="true" Name="heading 4" />\r\n<w:LsdException Locked="false" Priority="9" QFormat="true" Name="heading 5" />\r\n<w:LsdException Locked="false" Priority="9" QFormat="true" Name="heading 6" />\r\n<w:LsdException Locked="false" Priority="9" QFormat="true" Name="heading 7" />\r\n<w:LsdException Locked="false" Priority="9" QFormat="true" Name="heading 8" />\r\n<w:LsdException Locked="false" Priority="9" QFormat="true" Name="heading 9" />\r\n<w:LsdException Locked="false" Priority="39" Name="toc 1" />\r\n<w:LsdException Locked="false" Priority="39" Name="toc 2" />\r\n<w:LsdException Locked="false" Priority="39" Name="toc 3" />\r\n<w:LsdException Locked="false" Priority="39" Name="toc 4" />\r\n<w:LsdException Locked="false" Priority="39" Name="toc 5" />\r\n<w:LsdException Locked="false" Priority="39" Name="toc 6" />\r\n<w:LsdException Locked="false" Priority="39" Name="toc 7" />\r\n<w:LsdException Locked="false" Priority="39" Name="toc 8" />\r\n<w:LsdException Locked="false" Priority="39" Name="toc 9" />\r\n<w:LsdException Locked="false" Priority="35" QFormat="true" Name="caption" />\r\n<w:LsdException Locked="false" Priority="10" SemiHidden="false"\r\nUnhideWhenUsed="false" QFormat="true" Name="Title" />\r\n<w:LsdException Locked="false" Priority="1" Name="Default Paragraph Font" />\r\n<w:LsdException Locked="false" Priority="11" SemiHidden="false"\r\nUnhideWhenUsed="false" QFormat="true" Name="Subtitle" />\r\n<w:LsdException Locked="false" Priority="22" SemiHidden="false"\r\nUnhideWhenUsed="false" QFormat="true" Name="Strong" />\r\n<w:LsdException Locked="false" Priority="20" SemiHidden="false"\r\nUnhideWhenUsed="false" QFormat="true" Name="Emphasis" />\r\n<w:LsdException Locked="false" Priority="59" SemiHidden="false"\r\nUnhideWhenUsed="false" Name="Table Grid" />\r\n<w:LsdException Locked="false" UnhideWhenUsed="false" Name="Placeholder Text" />\r\n<w:LsdException Locked="false" Priority="1" SemiHidden="false"\r\nUnhideWhenUsed="false" QFormat="true" Name="No Spacing" />\r\n<w:LsdException Locked="false" Priority="60" SemiHidden="false"\r\nUnhideWhenUsed="false" Name="Light Shading" />\r\n<w:LsdException Locked="false" Priority="61" SemiHidden="false"\r\nUnhideWhenUsed="false" Name="Light List" />\r\n<w:LsdException Locked="false" Priority="62" SemiHidden="false"\r\nUnhideWhenUsed="false" Name="Light Grid" />\r\n<w:LsdException Locked="false" Priority="63" SemiHidden="false"\r\nUnhideWhenUsed="false" Name="Medium Shading 1" />\r\n<w:LsdException Locked="false" Priority="64" SemiHidden="false"\r\nUnhideWhenUsed="false" Name="Medium Shading 2" />\r\n<w:LsdException Locked="false" Priority="65" SemiHidden="false"\r\nUnhideWhenUsed="false" Name="Medium List 1" />\r\n<w:LsdException Locked="false" Priority="66" SemiHidden="false"\r\nUnhideWhenUsed="false" Name="Medium List 2" />\r\n<w:LsdException Locked="false" Priority="67" SemiHidden="false"\r\nUnhideWhenUsed="false" Name="Medium Grid 1" />\r\n<w:LsdException Locked="false" Priority="68" SemiHidden="false"\r\nUnhideWhenUsed="false" Name="Medium Grid 2" />\r\n<w:LsdException Locked="false" Priority="69" SemiHidden="false"\r\nUnhideWhenUsed="false" Name="Medium Grid 3" />\r\n<w:LsdException Locked="false" Priority="70" SemiHidden="false"\r\nUnhideWhenUsed="false" Name="Dark List" />\r\n<w:LsdException Locked="false" Priority="71" SemiHidden="false"\r\nUnhideWhenUsed="false" Name="Colorful Shading" />\r\n<w:LsdException Locked="false" Priority="72" SemiHidden="false"\r\nUnhideWhenUsed="false" Name="Colorful List" />\r\n<w:LsdException Locked="false" Priority="73" SemiHidden="false"\r\nUnhideWhenUsed="false" Name="Colorful Grid" />\r\n<w:LsdException Locked="false" Priority="60" SemiHidden="false"\r\nUnhideWhenUsed="false" Name="Light Shading Accent 1" />\r\n<w:LsdException Locked="false" Priority="61" SemiHidden="false"\r\nUnhideWhenUsed="false" Name="Light List Accent 1" />\r\n<w:LsdException Locked="false" Priority="62" SemiHidden="false"\r\nUnhideWhenUsed="false" Name="Light Grid Accent 1" />\r\n<w:LsdException Locked="false" Priority="63" SemiHidden="false"\r\nUnhideWhenUsed="false" Name="Medium Shading 1 Accent 1" />\r\n<w:LsdException Locked="false" Priority="64" SemiHidden="false"\r\nUnhideWhenUsed="false" Name="Medium Shading 2 Accent 1" />\r\n<w:LsdException Locked="false" Priority="65" SemiHidden="false"\r\nUnhideWhenUsed="false" Name="Medium List 1 Accent 1" />\r\n<w:LsdException Locked="false" UnhideWhenUsed="false" Name="Revision" />\r\n<w:LsdException Locked="false" Priority="34" SemiHidden="false"\r\nUnhideWhenUsed="false" QFormat="true" Name="List Paragraph" />\r\n<w:LsdException Locked="false" Priority="29" SemiHidden="false"\r\nUnhideWhenUsed="false" QFormat="true" Name="Quote" />\r\n<w:LsdException Locked="false" Priority="30" SemiHidden="false"\r\nUnhideWhenUsed="false" QFormat="true" Name="Intense Quote" />\r\n<w:LsdException Locked="false" Priority="66" SemiHidden="false"\r\nUnhideWhenUsed="false" Name="Medium List 2 Accent 1" />\r\n<w:LsdException Locked="false" Priority="67" SemiHidden="false"\r\nUnhideWhenUsed="false" Name="Medium Grid 1 Accent 1" />\r\n<w:LsdException Locked="false" Priority="68" SemiHidden="false"\r\nUnhideWhenUsed="false" Name="Medium Grid 2 Accent 1" />\r\n<w:LsdException Locked="false" Priority="69" SemiHidden="false"\r\nUnhideWhenUsed="false" Name="Medium Grid 3 Accent 1" />\r\n<w:LsdException Locked="false" Priority="70" SemiHidden="false"\r\nUnhideWhenUsed="false" Name="Dark List Accent 1" />\r\n<w:LsdException Locked="false" Priority="71" SemiHidden="false"\r\nUnhideWhenUsed="false" Name="Colorful Shading Accent 1" />\r\n<w:LsdException Locked="false" Priority="72" SemiHidden="false"\r\nUnhideWhenUsed="false" Name="Colorful List Accent 1" />\r\n<w:LsdException Locked="false" Priority="73" SemiHidden="false"\r\nUnhideWhenUsed="false" Name="Colorful Grid Accent 1" />\r\n<w:LsdException Locked="false" Priority="60" SemiHidden="false"\r\nUnhideWhenUsed="false" Name="Light Shading Accent 2" />\r\n<w:LsdException Locked="false" Priority="61" SemiHidden="false"\r\nUnhideWhenUsed="false" Name="Light List Accent 2" />\r\n<w:LsdException Locked="false" Priority="62" SemiHidden="false"\r\nUnhideWhenUsed="false" Name="Light Grid Accent 2" />\r\n<w:LsdException Locked="false" Priority="63" SemiHidden="false"\r\nUnhideWhenUsed="false" Name="Medium Shading 1 Accent 2" />\r\n<w:LsdException Locked="false" Priority="64" SemiHidden="false"\r\nUnhideWhenUsed="false" Name="Medium Shading 2 Accent 2" />\r\n<w:LsdException Locked="false" Priority="65" SemiHidden="false"\r\nUnhideWhenUsed="false" Name="Medium List 1 Accent 2" />\r\n<w:LsdException Locked="false" Priority="66" SemiHidden="false"\r\nUnhideWhenUsed="false" Name="Medium List 2 Accent 2" />\r\n<w:LsdException Locked="false" Priority="67" SemiHidden="false"\r\nUnhideWhenUsed="false" Name="Medium Grid 1 Accent 2" />\r\n<w:LsdException Locked="false" Priority="68" SemiHidden="false"\r\nUnhideWhenUsed="false" Name="Medium Grid 2 Accent 2" />\r\n<w:LsdException Locked="false" Priority="69" SemiHidden="false"\r\nUnhideWhenUsed="false" Name="Medium Grid 3 Accent 2" />\r\n<w:LsdException Locked="false" Priority="70" SemiHidden="false"\r\nUnhideWhenUsed="false" Name="Dark List Accent 2" />\r\n<w:LsdException Locked="false" Priority="71" SemiHidden="false"\r\nUnhideWhenUsed="false" Name="Colorful Shading Accent 2" />\r\n<w:LsdException Locked="false" Priority="72" SemiHidden="false"\r\nUnhideWhenUsed="false" Name="Colorful List Accent 2" />\r\n<w:LsdException Locked="false" Priority="73" SemiHidden="false"\r\nUnhideWhenUsed="false" Name="Colorful Grid Accent 2" />\r\n<w:LsdException Locked="false" Priority="60" SemiHidden="false"\r\nUnhideWhenUsed="false" Name="Light Shading Accent 3" />\r\n<w:LsdException Locked="false" Priority="61" SemiHidden="false"\r\nUnhideWhenUsed="false" Name="Light List Accent 3" />\r\n<w:LsdException Locked="false" Priority="62" SemiHidden="false"\r\nUnhideWhenUsed="false" Name="Light Grid Accent 3" />\r\n<w:LsdException Locked="false" Priority="63" SemiHidden="false"\r\nUnhideWhenUsed="false" Name="Medium Shading 1 Accent 3" />\r\n<w:LsdException Locked="false" Priority="64" SemiHidden="false"\r\nUnhideWhenUsed="false" Name="Medium Shading 2 Accent 3" />\r\n<w:LsdException Locked="false" Priority="65" SemiHidden="false"\r\nUnhideWhenUsed="false" Name="Medium List 1 Accent 3" />\r\n<w:LsdException Locked="false" Priority="66" SemiHidden="false"\r\nUnhideWhenUsed="false" Name="Medium List 2 Accent 3" />\r\n<w:LsdException Locked="false" Priority="67" SemiHidden="false"\r\nUnhideWhenUsed="false" Name="Medium Grid 1 Accent 3" />\r\n<w:LsdException Locked="false" Priority="68" SemiHidden="false"\r\nUnhideWhenUsed="false" Name="Medium Grid 2 Accent 3" />\r\n<w:LsdException Locked="false" Priority="69" SemiHidden="false"\r\nUnhideWhenUsed="false" Name="Medium Grid 3 Accent 3" />\r\n<w:LsdException Locked="false" Priority="70" SemiHidden="false"\r\nUnhideWhenUsed="false" Name="Dark List Accent 3" />\r\n<w:LsdException Locked="false" Priority="71" SemiHidden="false"\r\nUnhideWhenUsed="false" Name="Colorful Shading Accent 3" />\r\n<w:LsdException Locked="false" Priority="72" SemiHidden="false"\r\nUnhideWhenUsed="false" Name="Colorful List Accent 3" />\r\n<w:LsdException Locked="false" Priority="73" SemiHidden="false"\r\nUnhideWhenUsed="false" Name="Colorful Grid Accent 3" />\r\n<w:LsdException Locked="false" Priority="60" SemiHidden="false"\r\nUnhideWhenUsed="false" Name="Light Shading Accent 4" />\r\n<w:LsdException Locked="false" Priority="61" SemiHidden="false"\r\nUnhideWhenUsed="false" Name="Light List Accent 4" />\r\n<w:LsdException Locked="false" Priority="62" SemiHidden="false"\r\nUnhideWhenUsed="false" Name="Light Grid Accent 4" />\r\n<w:LsdException Locked="false" Priority="63" SemiHidden="false"\r\nUnhideWhenUsed="false" Name="Medium Shading 1 Accent 4" />\r\n<w:LsdException Locked="false" Priority="64" SemiHidden="false"\r\nUnhideWhenUsed="false" Name="Medium Shading 2 Accent 4" />\r\n<w:LsdException Locked="false" Priority="65" SemiHidden="false"\r\nUnhideWhenUsed="false" Name="Medium List 1 Accent 4" />\r\n<w:LsdException Locked="false" Priority="66" SemiHidden="false"\r\nUnhideWhenUsed="false" Name="Medium List 2 Accent 4" />\r\n<w:LsdException Locked="false" Priority="67" SemiHidden="false"\r\nUnhideWhenUsed="false" Name="Medium Grid 1 Accent 4" />\r\n<w:LsdException Locked="false" Priority="68" SemiHidden="false"\r\nUnhideWhenUsed="false" Name="Medium Grid 2 Accent 4" />\r\n<w:LsdException Locked="false" Priority="69" SemiHidden="false"\r\nUnhideWhenUsed="false" Name="Medium Grid 3 Accent 4" />\r\n<w:LsdException Locked="false" Priority="70" SemiHidden="false"\r\nUnhideWhenUsed="false" Name="Dark List Accent 4" />\r\n<w:LsdException Locked="false" Priority="71" SemiHidden="false"\r\nUnhideWhenUsed="false" Name="Colorful Shading Accent 4" />\r\n<w:LsdException Locked="false" Priority="72" SemiHidden="false"\r\nUnhideWhenUsed="false" Name="Colorful List Accent 4" />\r\n<w:LsdException Locked="false" Priority="73" SemiHidden="false"\r\nUnhideWhenUsed="false" Name="Colorful Grid Accent 4" />\r\n<w:LsdException Locked="false" Priority="60" SemiHidden="false"\r\nUnhideWhenUsed="false" Name="Light Shading Accent 5" />\r\n<w:LsdException Locked="false" Priority="61" SemiHidden="false"\r\nUnhideWhenUsed="false" Name="Light List Accent 5" />\r\n<w:LsdException Locked="false" Priority="62" SemiHidden="false"\r\nUnhideWhenUsed="false" Name="Light Grid Accent 5" />\r\n<w:LsdException Locked="false" Priority="63" SemiHidden="false"\r\nUnhideWhenUsed="false" Name="Medium Shading 1 Accent 5" />\r\n<w:LsdException Locked="false" Priority="64" SemiHidden="false"\r\nUnhideWhenUsed="false" Name="Medium Shading 2 Accent 5" />\r\n<w:LsdException Locked="false" Priority="65" SemiHidden="false"\r\nUnhideWhenUsed="false" Name="Medium List 1 Accent 5" />\r\n<w:LsdException Locked="false" Priority="66" SemiHidden="false"\r\nUnhideWhenUsed="false" Name="Medium List 2 Accent 5" />\r\n<w:LsdException Locked="false" Priority="67" SemiHidden="false"\r\nUnhideWhenUsed="false" Name="Medium Grid 1 Accent 5" />\r\n<w:LsdException Locked="false" Priority="68" SemiHidden="false"\r\nUnhideWhenUsed="false" Name="Medium Grid 2 Accent 5" />\r\n<w:LsdException Locked="false" Priority="69" SemiHidden="false"\r\nUnhideWhenUsed="false" Name="Medium Grid 3 Accent 5" />\r\n<w:LsdException Locked="false" Priority="70" SemiHidden="false"\r\nUnhideWhenUsed="false" Name="Dark List Accent 5" />\r\n<w:LsdException Locked="false" Priority="71" SemiHidden="false"\r\nUnhideWhenUsed="false" Name="Colorful Shading Accent 5" />\r\n<w:LsdException Locked="false" Priority="72" SemiHidden="false"\r\nUnhideWhenUsed="false" Name="Colorful List Accent 5" />\r\n<w:LsdException Locked="false" Priority="73" SemiHidden="false"\r\nUnhideWhenUsed="false" Name="Colorful Grid Accent 5" />\r\n<w:LsdException Locked="false" Priority="60" SemiHidden="false"\r\nUnhideWhenUsed="false" Name="Light Shading Accent 6" />\r\n<w:LsdException Locked="false" Priority="61" SemiHidden="false"\r\nUnhideWhenUsed="false" Name="Light List Accent 6" />\r\n<w:LsdException Locked="false" Priority="62" SemiHidden="false"\r\nUnhideWhenUsed="false" Name="Light Grid Accent 6" />\r\n<w:LsdException Locked="false" Priority="63" SemiHidden="false"\r\nUnhideWhenUsed="false" Name="Medium Shading 1 Accent 6" />\r\n<w:LsdException Locked="false" Priority="64" SemiHidden="false"\r\nUnhideWhenUsed="false" Name="Medium Shading 2 Accent 6" />\r\n<w:LsdException Locked="false" Priority="65" SemiHidden="false"\r\nUnhideWhenUsed="false" Name="Medium List 1 Accent 6" />\r\n<w:LsdException Locked="false" Priority="66" SemiHidden="false"\r\nUnhideWhenUsed="false" Name="Medium List 2 Accent 6" />\r\n<w:LsdException Locked="false" Priority="67" SemiHidden="false"\r\nUnhideWhenUsed="false" Name="Medium Grid 1 Accent 6" />\r\n<w:LsdException Locked="false" Priority="68" SemiHidden="false"\r\nUnhideWhenUsed="false" Name="Medium Grid 2 Accent 6" />\r\n<w:LsdException Locked="false" Priority="69" SemiHidden="false"\r\nUnhideWhenUsed="false" Name="Medium Grid 3 Accent 6" />\r\n<w:LsdException Locked="false" Priority="70" SemiHidden="false"\r\nUnhideWhenUsed="false" Name="Dark List Accent 6" />\r\n<w:LsdException Locked="false" Priority="71" SemiHidden="false"\r\nUnhideWhenUsed="false" Name="Colorful Shading Accent 6" />\r\n<w:LsdException Locked="false" Priority="72" SemiHidden="false"\r\nUnhideWhenUsed="false" Name="Colorful List Accent 6" />\r\n<w:LsdException Locked="false" Priority="73" SemiHidden="false"\r\nUnhideWhenUsed="false" Name="Colorful Grid Accent 6" />\r\n<w:LsdException Locked="false" Priority="19" SemiHidden="false"\r\nUnhideWhenUsed="false" QFormat="true" Name="Subtle Emphasis" />\r\n<w:LsdException Locked="false" Priority="21" SemiHidden="false"\r\nUnhideWhenUsed="false" QFormat="true" Name="Intense Emphasis" />\r\n<w:LsdException Locked="false" Priority="31" SemiHidden="false"\r\nUnhideWhenUsed="false" QFormat="true" Name="Subtle Reference" />\r\n<w:LsdException Locked="false" Priority="32" SemiHidden="false"\r\nUnhideWhenUsed="false" QFormat="true" Name="Intense Reference" />\r\n<w:LsdException Locked="false" Priority="33" SemiHidden="false"\r\nUnhideWhenUsed="false" QFormat="true" Name="Book Title" />\r\n<w:LsdException Locked="false" Priority="37" Name="Bibliography" />\r\n<w:LsdException Locked="false" Priority="39" QFormat="true" Name="TOC Heading" />\r\n</w:LatentStyles>\r\n</xml><![endif]--><!--[if !mso]><object\r\nclassid="clsid:38481807-CA0E-42D2-BF39-B33AF135CC4D" id=ieooui></object>\r\n<style>\r\nst1\\:*{behavior:url(#ieooui) }\r\n</style>\r\n<![endif]--><style type="text/css">\r\n<!--\r\n /* Font Definitions */\r\n @font-face\r\n	{font-family:Batang;\r\n	panose-1:2 3 6 0 0 1 1 1 1 1;\r\n	mso-font-alt:&#48148;&#53461;;\r\n	mso-font-charset:129;\r\n	mso-generic-font-family:auto;\r\n	mso-font-format:other;\r\n	mso-font-pitch:fixed;\r\n	mso-font-signature:1 151388160 16 0 524288 0;}\r\n@font-face\r\n	{font-family:"Cambria Math";\r\n	panose-1:2 4 5 3 5 4 6 3 2 4;\r\n	mso-font-charset:0;\r\n	mso-generic-font-family:roman;\r\n	mso-font-pitch:variable;\r\n	mso-font-signature:-1610611985 1107304683 0 0 159 0;}\r\n@font-face\r\n	{font-family:Tahoma;\r\n	panose-1:2 11 6 4 3 5 4 4 2 4;\r\n	mso-font-charset:0;\r\n	mso-generic-font-family:swiss;\r\n	mso-font-pitch:variable;\r\n	mso-font-signature:1627400839 -2147483648 8 0 66047 0;}\r\n@font-face\r\n	{font-family:"\\@Batang";\r\n	panose-1:0 0 0 0 0 0 0 0 0 0;\r\n	mso-font-charset:129;\r\n	mso-generic-font-family:auto;\r\n	mso-font-format:other;\r\n	mso-font-pitch:fixed;\r\n	mso-font-signature:1 151388160 16 0 524288 0;}\r\n /* Style Definitions */\r\n p.MsoNormal, li.MsoNormal, div.MsoNormal\r\n	{mso-style-unhide:no;\r\n	mso-style-qformat:yes;\r\n	mso-style-parent:"";\r\n	margin:0in;\r\n	margin-bottom:.0001pt;\r\n	mso-pagination:widow-orphan;\r\n	font-size:10.0pt;\r\n	font-family:"Times New Roman","serif";\r\n	mso-fareast-font-family:Batang;\r\n	mso-fareast-language:KO;\r\n	mso-bidi-language:TH;\r\n	font-weight:bold;}\r\n.MsoChpDefault\r\n	{mso-style-type:export-only;\r\n	mso-default-props:yes;\r\n	font-size:10.0pt;\r\n	mso-ansi-font-size:10.0pt;\r\n	mso-bidi-font-size:10.0pt;\r\n	mso-fareast-font-family:Batang;\r\n	mso-bidi-font-family:"Angsana New";}\r\n@page Section1\r\n	{size:8.5in 11.0in;\r\n	margin:1.0in 1.0in 1.0in 1.0in;\r\n	mso-header-margin:.5in;\r\n	mso-footer-margin:.5in;\r\n	mso-paper-source:0;}\r\ndiv.Section1\r\n	{page:Section1;}\r\n-->\r\n</style><!--[if gte mso 10]>\r\n<style>\r\n/* Style Definitions */\r\ntable.MsoNormalTable\r\n{mso-style-name:"Table Normal";\r\nmso-tstyle-rowband-size:0;\r\nmso-tstyle-colband-size:0;\r\nmso-style-noshow:yes;\r\nmso-style-priority:99;\r\nmso-style-qformat:yes;\r\nmso-style-parent:"";\r\nmso-padding-alt:0in 5.4pt 0in 5.4pt;\r\nmso-para-margin:0in;\r\nmso-para-margin-bottom:.0001pt;\r\nmso-pagination:widow-orphan;\r\nfont-size:11.0pt;\r\nfont-family:"Calibri","sans-serif";\r\nmso-ascii-font-family:Calibri;\r\nmso-ascii-theme-font:minor-latin;\r\nmso-fareast-font-family:"Times New Roman";\r\nmso-fareast-theme-font:minor-fareast;\r\nmso-hansi-font-family:Calibri;\r\nmso-hansi-theme-font:minor-latin;\r\nmso-bidi-font-family:"Times New Roman";\r\nmso-bidi-theme-font:minor-bidi;}\r\n</style>\r\n<![endif]--><span style="font-size: 11pt; font-family: &quot;Arial&quot;,&quot;sans-serif&quot;;">The Development Education Workshop is an intensive personal motivation and awareness raising process that begins with the participation in a five days residential workshop conducted by the Association of Asian Confederation of Credit Unions</span><span style="font-size: 11pt; font-family: &quot;Arial&quot;,&quot;sans-serif&quot;; text-transform: uppercase;">.</span><span style="font-size: 11pt; font-family: &quot;Arial&quot;,&quot;sans-serif&quot;;"> The objective is to provide participants with the knowledge, skills and confidence to be effective Credit Union Advocates and this is achieved through their commitment and enthusiasm. ACCU is proud to have 295 Development Educators who are connected with ACCU member organizations, all with extra dedication and ability to spread the message of safe and sound credit unions throughout <st1:place w:st="on">Asia</st1:place>. Credit union volunteers, professionals and development workers are most welcome to participate.</span></p>', 'up comming', '', '', 0);
INSERT INTO `event` (`event_id`, `event_name`, `event_starting_date`, `event_end_date`, `country_id`, `description`, `type`, `location_description`, `event_image`, `event_home`) VALUES
(16, 'PRE-FORUM WORKSHOPS', '0000-00-00', '0000-00-00', 13, '<p>\r\n<meta content="text/html; charset=utf-8" http-equiv="Content-Type" />\r\n<meta content="Word.Document" name="ProgId" />\r\n<meta content="Microsoft Word 12" name="Generator" />\r\n<meta content="Microsoft Word 12" name="Originator" />\r\n<link href="file:///G:\\DOCUME~1\\User1\\LOCALS~1\\Temp\\msohtmlclip1\\01\\clip_filelist.xml" rel="File-List" />\r\n<link href="file:///G:\\DOCUME~1\\User1\\LOCALS~1\\Temp\\msohtmlclip1\\01\\clip_themedata.thmx" rel="themeData" />\r\n<link href="file:///G:\\DOCUME~1\\User1\\LOCALS~1\\Temp\\msohtmlclip1\\01\\clip_colorschememapping.xml" rel="colorSchemeMapping" /><!--[if gte mso 9]><xml>\r\n<w:LatentStyles DefLockedState="false" DefUnhideWhenUsed="true"\r\nDefSemiHidden="true" DefQFormat="false" DefPriority="99"\r\nLatentStyleCount="267">\r\n<w:LsdException Locked="false" Priority="0" SemiHidden="false"\r\nUnhideWhenUsed="false" QFormat="true" Name="Normal" />\r\n<w:LsdException Locked="false" Priority="9" SemiHidden="false"\r\nUnhideWhenUsed="false" QFormat="true" Name="heading 1" />\r\n<w:LsdException Locked="false" Priority="9" QFormat="true" Name="heading 2" />\r\n<w:LsdException Locked="false" Priority="9" QFormat="true" Name="heading 3" />\r\n<w:LsdException Locked="false" Priority="9" QFormat="true" Name="heading 4" />\r\n<w:LsdException Locked="false" Priority="9" QFormat="true" Name="heading 5" />\r\n<w:LsdException Locked="false" Priority="9" QFormat="true" Name="heading 6" />\r\n<w:LsdException Locked="false" Priority="9" QFormat="true" Name="heading 7" />\r\n<w:LsdException Locked="false" Priority="9" QFormat="true" Name="heading 8" />\r\n<w:LsdException Locked="false" Priority="9" QFormat="true" Name="heading 9" />\r\n<w:LsdException Locked="false" Priority="39" Name="toc 1" />\r\n<w:LsdException Locked="false" Priority="39" Name="toc 2" />\r\n<w:LsdException Locked="false" Priority="39" Name="toc 3" />\r\n<w:LsdException Locked="false" Priority="39" Name="toc 4" />\r\n<w:LsdException Locked="false" Priority="39" Name="toc 5" />\r\n<w:LsdException Locked="false" Priority="39" Name="toc 6" />\r\n<w:LsdException Locked="false" Priority="39" Name="toc 7" />\r\n<w:LsdException Locked="false" Priority="39" Name="toc 8" />\r\n<w:LsdException Locked="false" Priority="39" Name="toc 9" />\r\n<w:LsdException Locked="false" Priority="35" QFormat="true" Name="caption" />\r\n<w:LsdException Locked="false" Priority="10" SemiHidden="false"\r\nUnhideWhenUsed="false" QFormat="true" Name="Title" />\r\n<w:LsdException Locked="false" Priority="1" Name="Default Paragraph Font" />\r\n<w:LsdException Locked="false" Priority="11" SemiHidden="false"\r\nUnhideWhenUsed="false" QFormat="true" Name="Subtitle" />\r\n<w:LsdException Locked="false" Priority="22" SemiHidden="false"\r\nUnhideWhenUsed="false" QFormat="true" Name="Strong" />\r\n<w:LsdException Locked="false" Priority="20" SemiHidden="false"\r\nUnhideWhenUsed="false" QFormat="true" Name="Emphasis" />\r\n<w:LsdException Locked="false" Priority="59" SemiHidden="false"\r\nUnhideWhenUsed="false" Name="Table Grid" />\r\n<w:LsdException Locked="false" UnhideWhenUsed="false" Name="Placeholder Text" />\r\n<w:LsdException Locked="false" Priority="1" SemiHidden="false"\r\nUnhideWhenUsed="false" QFormat="true" Name="No Spacing" />\r\n<w:LsdException Locked="false" Priority="60" SemiHidden="false"\r\nUnhideWhenUsed="false" Name="Light Shading" />\r\n<w:LsdException Locked="false" Priority="61" SemiHidden="false"\r\nUnhideWhenUsed="false" Name="Light List" />\r\n<w:LsdException Locked="false" Priority="62" SemiHidden="false"\r\nUnhideWhenUsed="false" Name="Light Grid" />\r\n<w:LsdException Locked="false" Priority="63" SemiHidden="false"\r\nUnhideWhenUsed="false" Name="Medium Shading 1" />\r\n<w:LsdException Locked="false" Priority="64" SemiHidden="false"\r\nUnhideWhenUsed="false" Name="Medium Shading 2" />\r\n<w:LsdException Locked="false" Priority="65" SemiHidden="false"\r\nUnhideWhenUsed="false" Name="Medium List 1" />\r\n<w:LsdException Locked="false" Priority="66" SemiHidden="false"\r\nUnhideWhenUsed="false" Name="Medium List 2" />\r\n<w:LsdException Locked="false" Priority="67" SemiHidden="false"\r\nUnhideWhenUsed="false" Name="Medium Grid 1" />\r\n<w:LsdException Locked="false" Priority="68" SemiHidden="false"\r\nUnhideWhenUsed="false" Name="Medium Grid 2" />\r\n<w:LsdException Locked="false" Priority="69" SemiHidden="false"\r\nUnhideWhenUsed="false" Name="Medium Grid 3" />\r\n<w:LsdException Locked="false" Priority="70" SemiHidden="false"\r\nUnhideWhenUsed="false" Name="Dark List" />\r\n<w:LsdException Locked="false" Priority="71" SemiHidden="false"\r\nUnhideWhenUsed="false" Name="Colorful Shading" />\r\n<w:LsdException Locked="false" Priority="72" SemiHidden="false"\r\nUnhideWhenUsed="false" Name="Colorful List" />\r\n<w:LsdException Locked="false" Priority="73" SemiHidden="false"\r\nUnhideWhenUsed="false" Name="Colorful Grid" />\r\n<w:LsdException Locked="false" Priority="60" SemiHidden="false"\r\nUnhideWhenUsed="false" Name="Light Shading Accent 1" />\r\n<w:LsdException Locked="false" Priority="61" SemiHidden="false"\r\nUnhideWhenUsed="false" Name="Light List Accent 1" />\r\n<w:LsdException Locked="false" Priority="62" SemiHidden="false"\r\nUnhideWhenUsed="false" Name="Light Grid Accent 1" />\r\n<w:LsdException Locked="false" Priority="63" SemiHidden="false"\r\nUnhideWhenUsed="false" Name="Medium Shading 1 Accent 1" />\r\n<w:LsdException Locked="false" Priority="64" SemiHidden="false"\r\nUnhideWhenUsed="false" Name="Medium Shading 2 Accent 1" />\r\n<w:LsdException Locked="false" Priority="65" SemiHidden="false"\r\nUnhideWhenUsed="false" Name="Medium List 1 Accent 1" />\r\n<w:LsdException Locked="false" UnhideWhenUsed="false" Name="Revision" />\r\n<w:LsdException Locked="false" Priority="34" SemiHidden="false"\r\nUnhideWhenUsed="false" QFormat="true" Name="List Paragraph" />\r\n<w:LsdException Locked="false" Priority="29" SemiHidden="false"\r\nUnhideWhenUsed="false" QFormat="true" Name="Quote" />\r\n<w:LsdException Locked="false" Priority="30" SemiHidden="false"\r\nUnhideWhenUsed="false" QFormat="true" Name="Intense Quote" />\r\n<w:LsdException Locked="false" Priority="66" SemiHidden="false"\r\nUnhideWhenUsed="false" Name="Medium List 2 Accent 1" />\r\n<w:LsdException Locked="false" Priority="67" SemiHidden="false"\r\nUnhideWhenUsed="false" Name="Medium Grid 1 Accent 1" />\r\n<w:LsdException Locked="false" Priority="68" SemiHidden="false"\r\nUnhideWhenUsed="false" Name="Medium Grid 2 Accent 1" />\r\n<w:LsdException Locked="false" Priority="69" SemiHidden="false"\r\nUnhideWhenUsed="false" Name="Medium Grid 3 Accent 1" />\r\n<w:LsdException Locked="false" Priority="70" SemiHidden="false"\r\nUnhideWhenUsed="false" Name="Dark List Accent 1" />\r\n<w:LsdException Locked="false" Priority="71" SemiHidden="false"\r\nUnhideWhenUsed="false" Name="Colorful Shading Accent 1" />\r\n<w:LsdException Locked="false" Priority="72" SemiHidden="false"\r\nUnhideWhenUsed="false" Name="Colorful List Accent 1" />\r\n<w:LsdException Locked="false" Priority="73" SemiHidden="false"\r\nUnhideWhenUsed="false" Name="Colorful Grid Accent 1" />\r\n<w:LsdException Locked="false" Priority="60" SemiHidden="false"\r\nUnhideWhenUsed="false" Name="Light Shading Accent 2" />\r\n<w:LsdException Locked="false" Priority="61" SemiHidden="false"\r\nUnhideWhenUsed="false" Name="Light List Accent 2" />\r\n<w:LsdException Locked="false" Priority="62" SemiHidden="false"\r\nUnhideWhenUsed="false" Name="Light Grid Accent 2" />\r\n<w:LsdException Locked="false" Priority="63" SemiHidden="false"\r\nUnhideWhenUsed="false" Name="Medium Shading 1 Accent 2" />\r\n<w:LsdException Locked="false" Priority="64" SemiHidden="false"\r\nUnhideWhenUsed="false" Name="Medium Shading 2 Accent 2" />\r\n<w:LsdException Locked="false" Priority="65" SemiHidden="false"\r\nUnhideWhenUsed="false" Name="Medium List 1 Accent 2" />\r\n<w:LsdException Locked="false" Priority="66" SemiHidden="false"\r\nUnhideWhenUsed="false" Name="Medium List 2 Accent 2" />\r\n<w:LsdException Locked="false" Priority="67" SemiHidden="false"\r\nUnhideWhenUsed="false" Name="Medium Grid 1 Accent 2" />\r\n<w:LsdException Locked="false" Priority="68" SemiHidden="false"\r\nUnhideWhenUsed="false" Name="Medium Grid 2 Accent 2" />\r\n<w:LsdException Locked="false" Priority="69" SemiHidden="false"\r\nUnhideWhenUsed="false" Name="Medium Grid 3 Accent 2" />\r\n<w:LsdException Locked="false" Priority="70" SemiHidden="false"\r\nUnhideWhenUsed="false" Name="Dark List Accent 2" />\r\n<w:LsdException Locked="false" Priority="71" SemiHidden="false"\r\nUnhideWhenUsed="false" Name="Colorful Shading Accent 2" />\r\n<w:LsdException Locked="false" Priority="72" SemiHidden="false"\r\nUnhideWhenUsed="false" Name="Colorful List Accent 2" />\r\n<w:LsdException Locked="false" Priority="73" SemiHidden="false"\r\nUnhideWhenUsed="false" Name="Colorful Grid Accent 2" />\r\n<w:LsdException Locked="false" Priority="60" SemiHidden="false"\r\nUnhideWhenUsed="false" Name="Light Shading Accent 3" />\r\n<w:LsdException Locked="false" Priority="61" SemiHidden="false"\r\nUnhideWhenUsed="false" Name="Light List Accent 3" />\r\n<w:LsdException Locked="false" Priority="62" SemiHidden="false"\r\nUnhideWhenUsed="false" Name="Light Grid Accent 3" />\r\n<w:LsdException Locked="false" Priority="63" SemiHidden="false"\r\nUnhideWhenUsed="false" Name="Medium Shading 1 Accent 3" />\r\n<w:LsdException Locked="false" Priority="64" SemiHidden="false"\r\nUnhideWhenUsed="false" Name="Medium Shading 2 Accent 3" />\r\n<w:LsdException Locked="false" Priority="65" SemiHidden="false"\r\nUnhideWhenUsed="false" Name="Medium List 1 Accent 3" />\r\n<w:LsdException Locked="false" Priority="66" SemiHidden="false"\r\nUnhideWhenUsed="false" Name="Medium List 2 Accent 3" />\r\n<w:LsdException Locked="false" Priority="67" SemiHidden="false"\r\nUnhideWhenUsed="false" Name="Medium Grid 1 Accent 3" />\r\n<w:LsdException Locked="false" Priority="68" SemiHidden="false"\r\nUnhideWhenUsed="false" Name="Medium Grid 2 Accent 3" />\r\n<w:LsdException Locked="false" Priority="69" SemiHidden="false"\r\nUnhideWhenUsed="false" Name="Medium Grid 3 Accent 3" />\r\n<w:LsdException Locked="false" Priority="70" SemiHidden="false"\r\nUnhideWhenUsed="false" Name="Dark List Accent 3" />\r\n<w:LsdException Locked="false" Priority="71" SemiHidden="false"\r\nUnhideWhenUsed="false" Name="Colorful Shading Accent 3" />\r\n<w:LsdException Locked="false" Priority="72" SemiHidden="false"\r\nUnhideWhenUsed="false" Name="Colorful List Accent 3" />\r\n<w:LsdException Locked="false" Priority="73" SemiHidden="false"\r\nUnhideWhenUsed="false" Name="Colorful Grid Accent 3" />\r\n<w:LsdException Locked="false" Priority="60" SemiHidden="false"\r\nUnhideWhenUsed="false" Name="Light Shading Accent 4" />\r\n<w:LsdException Locked="false" Priority="61" SemiHidden="false"\r\nUnhideWhenUsed="false" Name="Light List Accent 4" />\r\n<w:LsdException Locked="false" Priority="62" SemiHidden="false"\r\nUnhideWhenUsed="false" Name="Light Grid Accent 4" />\r\n<w:LsdException Locked="false" Priority="63" SemiHidden="false"\r\nUnhideWhenUsed="false" Name="Medium Shading 1 Accent 4" />\r\n<w:LsdException Locked="false" Priority="64" SemiHidden="false"\r\nUnhideWhenUsed="false" Name="Medium Shading 2 Accent 4" />\r\n<w:LsdException Locked="false" Priority="65" SemiHidden="false"\r\nUnhideWhenUsed="false" Name="Medium List 1 Accent 4" />\r\n<w:LsdException Locked="false" Priority="66" SemiHidden="false"\r\nUnhideWhenUsed="false" Name="Medium List 2 Accent 4" />\r\n<w:LsdException Locked="false" Priority="67" SemiHidden="false"\r\nUnhideWhenUsed="false" Name="Medium Grid 1 Accent 4" />\r\n<w:LsdException Locked="false" Priority="68" SemiHidden="false"\r\nUnhideWhenUsed="false" Name="Medium Grid 2 Accent 4" />\r\n<w:LsdException Locked="false" Priority="69" SemiHidden="false"\r\nUnhideWhenUsed="false" Name="Medium Grid 3 Accent 4" />\r\n<w:LsdException Locked="false" Priority="70" SemiHidden="false"\r\nUnhideWhenUsed="false" Name="Dark List Accent 4" />\r\n<w:LsdException Locked="false" Priority="71" SemiHidden="false"\r\nUnhideWhenUsed="false" Name="Colorful Shading Accent 4" />\r\n<w:LsdException Locked="false" Priority="72" SemiHidden="false"\r\nUnhideWhenUsed="false" Name="Colorful List Accent 4" />\r\n<w:LsdException Locked="false" Priority="73" SemiHidden="false"\r\nUnhideWhenUsed="false" Name="Colorful Grid Accent 4" />\r\n<w:LsdException Locked="false" Priority="60" SemiHidden="false"\r\nUnhideWhenUsed="false" Name="Light Shading Accent 5" />\r\n<w:LsdException Locked="false" Priority="61" SemiHidden="false"\r\nUnhideWhenUsed="false" Name="Light List Accent 5" />\r\n<w:LsdException Locked="false" Priority="62" SemiHidden="false"\r\nUnhideWhenUsed="false" Name="Light Grid Accent 5" />\r\n<w:LsdException Locked="false" Priority="63" SemiHidden="false"\r\nUnhideWhenUsed="false" Name="Medium Shading 1 Accent 5" />\r\n<w:LsdException Locked="false" Priority="64" SemiHidden="false"\r\nUnhideWhenUsed="false" Name="Medium Shading 2 Accent 5" />\r\n<w:LsdException Locked="false" Priority="65" SemiHidden="false"\r\nUnhideWhenUsed="false" Name="Medium List 1 Accent 5" />\r\n<w:LsdException Locked="false" Priority="66" SemiHidden="false"\r\nUnhideWhenUsed="false" Name="Medium List 2 Accent 5" />\r\n<w:LsdException Locked="false" Priority="67" SemiHidden="false"\r\nUnhideWhenUsed="false" Name="Medium Grid 1 Accent 5" />\r\n<w:LsdException Locked="false" Priority="68" SemiHidden="false"\r\nUnhideWhenUsed="false" Name="Medium Grid 2 Accent 5" />\r\n<w:LsdException Locked="false" Priority="69" SemiHidden="false"\r\nUnhideWhenUsed="false" Name="Medium Grid 3 Accent 5" />\r\n<w:LsdException Locked="false" Priority="70" SemiHidden="false"\r\nUnhideWhenUsed="false" Name="Dark List Accent 5" />\r\n<w:LsdException Locked="false" Priority="71" SemiHidden="false"\r\nUnhideWhenUsed="false" Name="Colorful Shading Accent 5" />\r\n<w:LsdException Locked="false" Priority="72" SemiHidden="false"\r\nUnhideWhenUsed="false" Name="Colorful List Accent 5" />\r\n<w:LsdException Locked="false" Priority="73" SemiHidden="false"\r\nUnhideWhenUsed="false" Name="Colorful Grid Accent 5" />\r\n<w:LsdException Locked="false" Priority="60" SemiHidden="false"\r\nUnhideWhenUsed="false" Name="Light Shading Accent 6" />\r\n<w:LsdException Locked="false" Priority="61" SemiHidden="false"\r\nUnhideWhenUsed="false" Name="Light List Accent 6" />\r\n<w:LsdException Locked="false" Priority="62" SemiHidden="false"\r\nUnhideWhenUsed="false" Name="Light Grid Accent 6" />\r\n<w:LsdException Locked="false" Priority="63" SemiHidden="false"\r\nUnhideWhenUsed="false" Name="Medium Shading 1 Accent 6" />\r\n<w:LsdException Locked="false" Priority="64" SemiHidden="false"\r\nUnhideWhenUsed="false" Name="Medium Shading 2 Accent 6" />\r\n<w:LsdException Locked="false" Priority="65" SemiHidden="false"\r\nUnhideWhenUsed="false" Name="Medium List 1 Accent 6" />\r\n<w:LsdException Locked="false" Priority="66" SemiHidden="false"\r\nUnhideWhenUsed="false" Name="Medium List 2 Accent 6" />\r\n<w:LsdException Locked="false" Priority="67" SemiHidden="false"\r\nUnhideWhenUsed="false" Name="Medium Grid 1 Accent 6" />\r\n<w:LsdException Locked="false" Priority="68" SemiHidden="false"\r\nUnhideWhenUsed="false" Name="Medium Grid 2 Accent 6" />\r\n<w:LsdException Locked="false" Priority="69" SemiHidden="false"\r\nUnhideWhenUsed="false" Name="Medium Grid 3 Accent 6" />\r\n<w:LsdException Locked="false" Priority="70" SemiHidden="false"\r\nUnhideWhenUsed="false" Name="Dark List Accent 6" />\r\n<w:LsdException Locked="false" Priority="71" SemiHidden="false"\r\nUnhideWhenUsed="false" Name="Colorful Shading Accent 6" />\r\n<w:LsdException Locked="false" Priority="72" SemiHidden="false"\r\nUnhideWhenUsed="false" Name="Colorful List Accent 6" />\r\n<w:LsdException Locked="false" Priority="73" SemiHidden="false"\r\nUnhideWhenUsed="false" Name="Colorful Grid Accent 6" />\r\n<w:LsdException Locked="false" Priority="19" SemiHidden="false"\r\nUnhideWhenUsed="false" QFormat="true" Name="Subtle Emphasis" />\r\n<w:LsdException Locked="false" Priority="21" SemiHidden="false"\r\nUnhideWhenUsed="false" QFormat="true" Name="Intense Emphasis" />\r\n<w:LsdException Locked="false" Priority="31" SemiHidden="false"\r\nUnhideWhenUsed="false" QFormat="true" Name="Subtle Reference" />\r\n<w:LsdException Locked="false" Priority="32" SemiHidden="false"\r\nUnhideWhenUsed="false" QFormat="true" Name="Intense Reference" />\r\n<w:LsdException Locked="false" Priority="33" SemiHidden="false"\r\nUnhideWhenUsed="false" QFormat="true" Name="Book Title" />\r\n<w:LsdException Locked="false" Priority="37" Name="Bibliography" />\r\n<w:LsdException Locked="false" Priority="39" QFormat="true" Name="TOC Heading" />\r\n</w:LatentStyles>\r\n</xml><![endif]--><style type="text/css">\r\n<!--\r\n /* Font Definitions */\r\n @font-face\r\n	{font-family:Batang;\r\n	panose-1:2 3 6 0 0 1 1 1 1 1;\r\n	mso-font-alt:&#48148;&#53461;;\r\n	mso-font-charset:129;\r\n	mso-generic-font-family:auto;\r\n	mso-font-format:other;\r\n	mso-font-pitch:fixed;\r\n	mso-font-signature:1 151388160 16 0 524288 0;}\r\n@font-face\r\n	{font-family:"Cambria Math";\r\n	panose-1:2 4 5 3 5 4 6 3 2 4;\r\n	mso-font-charset:0;\r\n	mso-generic-font-family:roman;\r\n	mso-font-pitch:variable;\r\n	mso-font-signature:-1610611985 1107304683 0 0 159 0;}\r\n@font-face\r\n	{font-family:"\\@Batang";\r\n	panose-1:0 0 0 0 0 0 0 0 0 0;\r\n	mso-font-charset:129;\r\n	mso-generic-font-family:auto;\r\n	mso-font-format:other;\r\n	mso-font-pitch:fixed;\r\n	mso-font-signature:1 151388160 16 0 524288 0;}\r\n /* Style Definitions */\r\n p.MsoNormal, li.MsoNormal, div.MsoNormal\r\n	{mso-style-unhide:no;\r\n	mso-style-qformat:yes;\r\n	mso-style-parent:"";\r\n	margin:0in;\r\n	margin-bottom:.0001pt;\r\n	mso-pagination:widow-orphan;\r\n	font-size:10.0pt;\r\n	font-family:"Times New Roman","serif";\r\n	mso-fareast-font-family:Batang;\r\n	mso-fareast-language:KO;\r\n	mso-bidi-language:TH;\r\n	font-weight:bold;}\r\n.MsoChpDefault\r\n	{mso-style-type:export-only;\r\n	mso-default-props:yes;\r\n	font-size:10.0pt;\r\n	mso-ansi-font-size:10.0pt;\r\n	mso-bidi-font-size:10.0pt;\r\n	mso-fareast-font-family:Batang;\r\n	mso-bidi-font-family:"Angsana New";}\r\n@page Section1\r\n	{size:8.5in 11.0in;\r\n	margin:1.0in 1.0in 1.0in 1.0in;\r\n	mso-header-margin:.5in;\r\n	mso-footer-margin:.5in;\r\n	mso-paper-source:0;}\r\ndiv.Section1\r\n	{page:Section1;}\r\n-->\r\n</style><!--[if gte mso 10]>\r\n<style>\r\n/* Style Definitions */\r\ntable.MsoNormalTable\r\n{mso-style-name:"Table Normal";\r\nmso-tstyle-rowband-size:0;\r\nmso-tstyle-colband-size:0;\r\nmso-style-noshow:yes;\r\nmso-style-priority:99;\r\nmso-style-qformat:yes;\r\nmso-style-parent:"";\r\nmso-padding-alt:0in 5.4pt 0in 5.4pt;\r\nmso-para-margin:0in;\r\nmso-para-margin-bottom:.0001pt;\r\nmso-pagination:widow-orphan;\r\nfont-size:11.0pt;\r\nfont-family:"Calibri","sans-serif";\r\nmso-ascii-font-family:Calibri;\r\nmso-ascii-theme-font:minor-latin;\r\nmso-fareast-font-family:"Times New Roman";\r\nmso-fareast-theme-font:minor-fareast;\r\nmso-hansi-font-family:Calibri;\r\nmso-hansi-theme-font:minor-latin;\r\nmso-bidi-font-family:"Times New Roman";\r\nmso-bidi-theme-font:minor-bidi;}\r\n</style>\r\n<![endif]-->\r\n<meta content="text/html; charset=utf-8" http-equiv="Content-Type" />\r\n<meta content="Word.Document" name="ProgId" />\r\n<meta content="Microsoft Word 12" name="Generator" />\r\n<meta content="Microsoft Word 12" name="Originator" />\r\n<link href="file:///G:\\DOCUME~1\\User1\\LOCALS~1\\Temp\\msohtmlclip1\\01\\clip_filelist.xml" rel="File-List" />\r\n<link href="file:///G:\\DOCUME~1\\User1\\LOCALS~1\\Temp\\msohtmlclip1\\01\\clip_themedata.thmx" rel="themeData" />\r\n<link href="file:///G:\\DOCUME~1\\User1\\LOCALS~1\\Temp\\msohtmlclip1\\01\\clip_colorschememapping.xml" rel="colorSchemeMapping" /><!--[if gte mso 9]><xml>\r\n<w:LatentStyles DefLockedState="false" DefUnhideWhenUsed="true"\r\nDefSemiHidden="true" DefQFormat="false" DefPriority="99"\r\nLatentStyleCount="267">\r\n<w:LsdException Locked="false" Priority="0" SemiHidden="false"\r\nUnhideWhenUsed="false" QFormat="true" Name="Normal" />\r\n<w:LsdException Locked="false" Priority="9" SemiHidden="false"\r\nUnhideWhenUsed="false" QFormat="true" Name="heading 1" />\r\n<w:LsdException Locked="false" Priority="9" QFormat="true" Name="heading 2" />\r\n<w:LsdException Locked="false" Priority="9" QFormat="true" Name="heading 3" />\r\n<w:LsdException Locked="false" Priority="9" QFormat="true" Name="heading 4" />\r\n<w:LsdException Locked="false" Priority="9" QFormat="true" Name="heading 5" />\r\n<w:LsdException Locked="false" Priority="9" QFormat="true" Name="heading 6" />\r\n<w:LsdException Locked="false" Priority="9" QFormat="true" Name="heading 7" />\r\n<w:LsdException Locked="false" Priority="9" QFormat="true" Name="heading 8" />\r\n<w:LsdException Locked="false" Priority="9" QFormat="true" Name="heading 9" />\r\n<w:LsdException Locked="false" Priority="39" Name="toc 1" />\r\n<w:LsdException Locked="false" Priority="39" Name="toc 2" />\r\n<w:LsdException Locked="false" Priority="39" Name="toc 3" />\r\n<w:LsdException Locked="false" Priority="39" Name="toc 4" />\r\n<w:LsdException Locked="false" Priority="39" Name="toc 5" />\r\n<w:LsdException Locked="false" Priority="39" Name="toc 6" />\r\n<w:LsdException Locked="false" Priority="39" Name="toc 7" />\r\n<w:LsdException Locked="false" Priority="39" Name="toc 8" />\r\n<w:LsdException Locked="false" Priority="39" Name="toc 9" />\r\n<w:LsdException Locked="false" Priority="35" QFormat="true" Name="caption" />\r\n<w:LsdException Locked="false" Priority="10" SemiHidden="false"\r\nUnhideWhenUsed="false" QFormat="true" Name="Title" />\r\n<w:LsdException Locked="false" Priority="1" Name="Default Paragraph Font" />\r\n<w:LsdException Locked="false" Priority="11" SemiHidden="false"\r\nUnhideWhenUsed="false" QFormat="true" Name="Subtitle" />\r\n<w:LsdException Locked="false" Priority="22" SemiHidden="false"\r\nUnhideWhenUsed="false" QFormat="true" Name="Strong" />\r\n<w:LsdException Locked="false" Priority="20" SemiHidden="false"\r\nUnhideWhenUsed="false" QFormat="true" Name="Emphasis" />\r\n<w:LsdException Locked="false" Priority="59" SemiHidden="false"\r\nUnhideWhenUsed="false" Name="Table Grid" />\r\n<w:LsdException Locked="false" UnhideWhenUsed="false" Name="Placeholder Text" />\r\n<w:LsdException Locked="false" Priority="1" SemiHidden="false"\r\nUnhideWhenUsed="false" QFormat="true" Name="No Spacing" />\r\n<w:LsdException Locked="false" Priority="60" SemiHidden="false"\r\nUnhideWhenUsed="false" Name="Light Shading" />\r\n<w:LsdException Locked="false" Priority="61" SemiHidden="false"\r\nUnhideWhenUsed="false" Name="Light List" />\r\n<w:LsdException Locked="false" Priority="62" SemiHidden="false"\r\nUnhideWhenUsed="false" Name="Light Grid" />\r\n<w:LsdException Locked="false" Priority="63" SemiHidden="false"\r\nUnhideWhenUsed="false" Name="Medium Shading 1" />\r\n<w:LsdException Locked="false" Priority="64" SemiHidden="false"\r\nUnhideWhenUsed="false" Name="Medium Shading 2" />\r\n<w:LsdException Locked="false" Priority="65" SemiHidden="false"\r\nUnhideWhenUsed="false" Name="Medium List 1" />\r\n<w:LsdException Locked="false" Priority="66" SemiHidden="false"\r\nUnhideWhenUsed="false" Name="Medium List 2" />\r\n<w:LsdException Locked="false" Priority="67" SemiHidden="false"\r\nUnhideWhenUsed="false" Name="Medium Grid 1" />\r\n<w:LsdException Locked="false" Priority="68" SemiHidden="false"\r\nUnhideWhenUsed="false" Name="Medium Grid 2" />\r\n<w:LsdException Locked="false" Priority="69" SemiHidden="false"\r\nUnhideWhenUsed="false" Name="Medium Grid 3" />\r\n<w:LsdException Locked="false" Priority="70" SemiHidden="false"\r\nUnhideWhenUsed="false" Name="Dark List" />\r\n<w:LsdException Locked="false" Priority="71" SemiHidden="false"\r\nUnhideWhenUsed="false" Name="Colorful Shading" />\r\n<w:LsdException Locked="false" Priority="72" SemiHidden="false"\r\nUnhideWhenUsed="false" Name="Colorful List" />\r\n<w:LsdException Locked="false" Priority="73" SemiHidden="false"\r\nUnhideWhenUsed="false" Name="Colorful Grid" />\r\n<w:LsdException Locked="false" Priority="60" SemiHidden="false"\r\nUnhideWhenUsed="false" Name="Light Shading Accent 1" />\r\n<w:LsdException Locked="false" Priority="61" SemiHidden="false"\r\nUnhideWhenUsed="false" Name="Light List Accent 1" />\r\n<w:LsdException Locked="false" Priority="62" SemiHidden="false"\r\nUnhideWhenUsed="false" Name="Light Grid Accent 1" />\r\n<w:LsdException Locked="false" Priority="63" SemiHidden="false"\r\nUnhideWhenUsed="false" Name="Medium Shading 1 Accent 1" />\r\n<w:LsdException Locked="false" Priority="64" SemiHidden="false"\r\nUnhideWhenUsed="false" Name="Medium Shading 2 Accent 1" />\r\n<w:LsdException Locked="false" Priority="65" SemiHidden="false"\r\nUnhideWhenUsed="false" Name="Medium List 1 Accent 1" />\r\n<w:LsdException Locked="false" UnhideWhenUsed="false" Name="Revision" />\r\n<w:LsdException Locked="false" Priority="34" SemiHidden="false"\r\nUnhideWhenUsed="false" QFormat="true" Name="List Paragraph" />\r\n<w:LsdException Locked="false" Priority="29" SemiHidden="false"\r\nUnhideWhenUsed="false" QFormat="true" Name="Quote" />\r\n<w:LsdException Locked="false" Priority="30" SemiHidden="false"\r\nUnhideWhenUsed="false" QFormat="true" Name="Intense Quote" />\r\n<w:LsdException Locked="false" Priority="66" SemiHidden="false"\r\nUnhideWhenUsed="false" Name="Medium List 2 Accent 1" />\r\n<w:LsdException Locked="false" Priority="67" SemiHidden="false"\r\nUnhideWhenUsed="false" Name="Medium Grid 1 Accent 1" />\r\n<w:LsdException Locked="false" Priority="68" SemiHidden="false"\r\nUnhideWhenUsed="false" Name="Medium Grid 2 Accent 1" />\r\n<w:LsdException Locked="false" Priority="69" SemiHidden="false"\r\nUnhideWhenUsed="false" Name="Medium Grid 3 Accent 1" />\r\n<w:LsdException Locked="false" Priority="70" SemiHidden="false"\r\nUnhideWhenUsed="false" Name="Dark List Accent 1" />\r\n<w:LsdException Locked="false" Priority="71" SemiHidden="false"\r\nUnhideWhenUsed="false" Name="Colorful Shading Accent 1" />\r\n<w:LsdException Locked="false" Priority="72" SemiHidden="false"\r\nUnhideWhenUsed="false" Name="Colorful List Accent 1" />\r\n<w:LsdException Locked="false" Priority="73" SemiHidden="false"\r\nUnhideWhenUsed="false" Name="Colorful Grid Accent 1" />\r\n<w:LsdException Locked="false" Priority="60" SemiHidden="false"\r\nUnhideWhenUsed="false" Name="Light Shading Accent 2" />\r\n<w:LsdException Locked="false" Priority="61" SemiHidden="false"\r\nUnhideWhenUsed="false" Name="Light List Accent 2" />\r\n<w:LsdException Locked="false" Priority="62" SemiHidden="false"\r\nUnhideWhenUsed="false" Name="Light Grid Accent 2" />\r\n<w:LsdException Locked="false" Priority="63" SemiHidden="false"\r\nUnhideWhenUsed="false" Name="Medium Shading 1 Accent 2" />\r\n<w:LsdException Locked="false" Priority="64" SemiHidden="false"\r\nUnhideWhenUsed="false" Name="Medium Shading 2 Accent 2" />\r\n<w:LsdException Locked="false" Priority="65" SemiHidden="false"\r\nUnhideWhenUsed="false" Name="Medium List 1 Accent 2" />\r\n<w:LsdException Locked="false" Priority="66" SemiHidden="false"\r\nUnhideWhenUsed="false" Name="Medium List 2 Accent 2" />\r\n<w:LsdException Locked="false" Priority="67" SemiHidden="false"\r\nUnhideWhenUsed="false" Name="Medium Grid 1 Accent 2" />\r\n<w:LsdException Locked="false" Priority="68" SemiHidden="false"\r\nUnhideWhenUsed="false" Name="Medium Grid 2 Accent 2" />\r\n<w:LsdException Locked="false" Priority="69" SemiHidden="false"\r\nUnhideWhenUsed="false" Name="Medium Grid 3 Accent 2" />\r\n<w:LsdException Locked="false" Priority="70" SemiHidden="false"\r\nUnhideWhenUsed="false" Name="Dark List Accent 2" />\r\n<w:LsdException Locked="false" Priority="71" SemiHidden="false"\r\nUnhideWhenUsed="false" Name="Colorful Shading Accent 2" />\r\n<w:LsdException Locked="false" Priority="72" SemiHidden="false"\r\nUnhideWhenUsed="false" Name="Colorful List Accent 2" />\r\n<w:LsdException Locked="false" Priority="73" SemiHidden="false"\r\nUnhideWhenUsed="false" Name="Colorful Grid Accent 2" />\r\n<w:LsdException Locked="false" Priority="60" SemiHidden="false"\r\nUnhideWhenUsed="false" Name="Light Shading Accent 3" />\r\n<w:LsdException Locked="false" Priority="61" SemiHidden="false"\r\nUnhideWhenUsed="false" Name="Light List Accent 3" />\r\n<w:LsdException Locked="false" Priority="62" SemiHidden="false"\r\nUnhideWhenUsed="false" Name="Light Grid Accent 3" />\r\n<w:LsdException Locked="false" Priority="63" SemiHidden="false"\r\nUnhideWhenUsed="false" Name="Medium Shading 1 Accent 3" />\r\n<w:LsdException Locked="false" Priority="64" SemiHidden="false"\r\nUnhideWhenUsed="false" Name="Medium Shading 2 Accent 3" />\r\n<w:LsdException Locked="false" Priority="65" SemiHidden="false"\r\nUnhideWhenUsed="false" Name="Medium List 1 Accent 3" />\r\n<w:LsdException Locked="false" Priority="66" SemiHidden="false"\r\nUnhideWhenUsed="false" Name="Medium List 2 Accent 3" />\r\n<w:LsdException Locked="false" Priority="67" SemiHidden="false"\r\nUnhideWhenUsed="false" Name="Medium Grid 1 Accent 3" />\r\n<w:LsdException Locked="false" Priority="68" SemiHidden="false"\r\nUnhideWhenUsed="false" Name="Medium Grid 2 Accent 3" />\r\n<w:LsdException Locked="false" Priority="69" SemiHidden="false"\r\nUnhideWhenUsed="false" Name="Medium Grid 3 Accent 3" />\r\n<w:LsdException Locked="false" Priority="70" SemiHidden="false"\r\nUnhideWhenUsed="false" Name="Dark List Accent 3" />\r\n<w:LsdException Locked="false" Priority="71" SemiHidden="false"\r\nUnhideWhenUsed="false" Name="Colorful Shading Accent 3" />\r\n<w:LsdException Locked="false" Priority="72" SemiHidden="false"\r\nUnhideWhenUsed="false" Name="Colorful List Accent 3" />\r\n<w:LsdException Locked="false" Priority="73" SemiHidden="false"\r\nUnhideWhenUsed="false" Name="Colorful Grid Accent 3" />\r\n<w:LsdException Locked="false" Priority="60" SemiHidden="false"\r\nUnhideWhenUsed="false" Name="Light Shading Accent 4" />\r\n<w:LsdException Locked="false" Priority="61" SemiHidden="false"\r\nUnhideWhenUsed="false" Name="Light List Accent 4" />\r\n<w:LsdException Locked="false" Priority="62" SemiHidden="false"\r\nUnhideWhenUsed="false" Name="Light Grid Accent 4" />\r\n<w:LsdException Locked="false" Priority="63" SemiHidden="false"\r\nUnhideWhenUsed="false" Name="Medium Shading 1 Accent 4" />\r\n<w:LsdException Locked="false" Priority="64" SemiHidden="false"\r\nUnhideWhenUsed="false" Name="Medium Shading 2 Accent 4" />\r\n<w:LsdException Locked="false" Priority="65" SemiHidden="false"\r\nUnhideWhenUsed="false" Name="Medium List 1 Accent 4" />\r\n<w:LsdException Locked="false" Priority="66" SemiHidden="false"\r\nUnhideWhenUsed="false" Name="Medium List 2 Accent 4" />\r\n<w:LsdException Locked="false" Priority="67" SemiHidden="false"\r\nUnhideWhenUsed="false" Name="Medium Grid 1 Accent 4" />\r\n<w:LsdException Locked="false" Priority="68" SemiHidden="false"\r\nUnhideWhenUsed="false" Name="Medium Grid 2 Accent 4" />\r\n<w:LsdException Locked="false" Priority="69" SemiHidden="false"\r\nUnhideWhenUsed="false" Name="Medium Grid 3 Accent 4" />\r\n<w:LsdException Locked="false" Priority="70" SemiHidden="false"\r\nUnhideWhenUsed="false" Name="Dark List Accent 4" />\r\n<w:LsdException Locked="false" Priority="71" SemiHidden="false"\r\nUnhideWhenUsed="false" Name="Colorful Shading Accent 4" />\r\n<w:LsdException Locked="false" Priority="72" SemiHidden="false"\r\nUnhideWhenUsed="false" Name="Colorful List Accent 4" />\r\n<w:LsdException Locked="false" Priority="73" SemiHidden="false"\r\nUnhideWhenUsed="false" Name="Colorful Grid Accent 4" />\r\n<w:LsdException Locked="false" Priority="60" SemiHidden="false"\r\nUnhideWhenUsed="false" Name="Light Shading Accent 5" />\r\n<w:LsdException Locked="false" Priority="61" SemiHidden="false"\r\nUnhideWhenUsed="false" Name="Light List Accent 5" />\r\n<w:LsdException Locked="false" Priority="62" SemiHidden="false"\r\nUnhideWhenUsed="false" Name="Light Grid Accent 5" />\r\n<w:LsdException Locked="false" Priority="63" SemiHidden="false"\r\nUnhideWhenUsed="false" Name="Medium Shading 1 Accent 5" />\r\n<w:LsdException Locked="false" Priority="64" SemiHidden="false"\r\nUnhideWhenUsed="false" Name="Medium Shading 2 Accent 5" />\r\n<w:LsdException Locked="false" Priority="65" SemiHidden="false"\r\nUnhideWhenUsed="false" Name="Medium List 1 Accent 5" />\r\n<w:LsdException Locked="false" Priority="66" SemiHidden="false"\r\nUnhideWhenUsed="false" Name="Medium List 2 Accent 5" />\r\n<w:LsdException Locked="false" Priority="67" SemiHidden="false"\r\nUnhideWhenUsed="false" Name="Medium Grid 1 Accent 5" />\r\n<w:LsdException Locked="false" Priority="68" SemiHidden="false"\r\nUnhideWhenUsed="false" Name="Medium Grid 2 Accent 5" />\r\n<w:LsdException Locked="false" Priority="69" SemiHidden="false"\r\nUnhideWhenUsed="false" Name="Medium Grid 3 Accent 5" />\r\n<w:LsdException Locked="false" Priority="70" SemiHidden="false"\r\nUnhideWhenUsed="false" Name="Dark List Accent 5" />\r\n<w:LsdException Locked="false" Priority="71" SemiHidden="false"\r\nUnhideWhenUsed="false" Name="Colorful Shading Accent 5" />\r\n<w:LsdException Locked="false" Priority="72" SemiHidden="false"\r\nUnhideWhenUsed="false" Name="Colorful List Accent 5" />\r\n<w:LsdException Locked="false" Priority="73" SemiHidden="false"\r\nUnhideWhenUsed="false" Name="Colorful Grid Accent 5" />\r\n<w:LsdException Locked="false" Priority="60" SemiHidden="false"\r\nUnhideWhenUsed="false" Name="Light Shading Accent 6" />\r\n<w:LsdException Locked="false" Priority="61" SemiHidden="false"\r\nUnhideWhenUsed="false" Name="Light List Accent 6" />\r\n<w:LsdException Locked="false" Priority="62" SemiHidden="false"\r\nUnhideWhenUsed="false" Name="Light Grid Accent 6" />\r\n<w:LsdException Locked="false" Priority="63" SemiHidden="false"\r\nUnhideWhenUsed="false" Name="Medium Shading 1 Accent 6" />\r\n<w:LsdException Locked="false" Priority="64" SemiHidden="false"\r\nUnhideWhenUsed="false" Name="Medium Shading 2 Accent 6" />\r\n<w:LsdException Locked="false" Priority="65" SemiHidden="false"\r\nUnhideWhenUsed="false" Name="Medium List 1 Accent 6" />\r\n<w:LsdException Locked="false" Priority="66" SemiHidden="false"\r\nUnhideWhenUsed="false" Name="Medium List 2 Accent 6" />\r\n<w:LsdException Locked="false" Priority="67" SemiHidden="false"\r\nUnhideWhenUsed="false" Name="Medium Grid 1 Accent 6" />\r\n<w:LsdException Locked="false" Priority="68" SemiHidden="false"\r\nUnhideWhenUsed="false" Name="Medium Grid 2 Accent 6" />\r\n<w:LsdException Locked="false" Priority="69" SemiHidden="false"\r\nUnhideWhenUsed="false" Name="Medium Grid 3 Accent 6" />\r\n<w:LsdException Locked="false" Priority="70" SemiHidden="false"\r\nUnhideWhenUsed="false" Name="Dark List Accent 6" />\r\n<w:LsdException Locked="false" Priority="71" SemiHidden="false"\r\nUnhideWhenUsed="false" Name="Colorful Shading Accent 6" />\r\n<w:LsdException Locked="false" Priority="72" SemiHidden="false"\r\nUnhideWhenUsed="false" Name="Colorful List Accent 6" />\r\n<w:LsdException Locked="false" Priority="73" SemiHidden="false"\r\nUnhideWhenUsed="false" Name="Colorful Grid Accent 6" />\r\n<w:LsdException Locked="false" Priority="19" SemiHidden="false"\r\nUnhideWhenUsed="false" QFormat="true" Name="Subtle Emphasis" />\r\n<w:LsdException Locked="false" Priority="21" SemiHidden="false"\r\nUnhideWhenUsed="false" QFormat="true" Name="Intense Emphasis" />\r\n<w:LsdException Locked="false" Priority="31" SemiHidden="false"\r\nUnhideWhenUsed="false" QFormat="true" Name="Subtle Reference" />\r\n<w:LsdException Locked="false" Priority="32" SemiHidden="false"\r\nUnhideWhenUsed="false" QFormat="true" Name="Intense Reference" />\r\n<w:LsdException Locked="false" Priority="33" SemiHidden="false"\r\nUnhideWhenUsed="false" QFormat="true" Name="Book Title" />\r\n<w:LsdException Locked="false" Priority="37" Name="Bibliography" />\r\n<w:LsdException Locked="false" Priority="39" QFormat="true" Name="TOC Heading" />\r\n</w:LatentStyles>\r\n</xml><![endif]--><style type="text/css">\r\n<!--\r\n /* Font Definitions */\r\n @font-face\r\n	{font-family:Batang;\r\n	panose-1:2 3 6 0 0 1 1 1 1 1;\r\n	mso-font-alt:&#48148;&#53461;;\r\n	mso-font-charset:129;\r\n	mso-generic-font-family:auto;\r\n	mso-font-format:other;\r\n	mso-font-pitch:fixed;\r\n	mso-font-signature:1 151388160 16 0 524288 0;}\r\n@font-face\r\n	{font-family:"Cambria Math";\r\n	panose-1:2 4 5 3 5 4 6 3 2 4;\r\n	mso-font-charset:0;\r\n	mso-generic-font-family:roman;\r\n	mso-font-pitch:variable;\r\n	mso-font-signature:-1610611985 1107304683 0 0 159 0;}\r\n@font-face\r\n	{font-family:Impact;\r\n	panose-1:2 11 8 6 3 9 2 5 2 4;\r\n	mso-font-charset:0;\r\n	mso-generic-font-family:swiss;\r\n	mso-font-pitch:variable;\r\n	mso-font-signature:647 0 0 0 159 0;}\r\n@font-face\r\n	{font-family:"Book Antiqua";\r\n	panose-1:2 4 6 2 5 3 5 3 3 4;\r\n	mso-font-charset:0;\r\n	mso-generic-font-family:roman;\r\n	mso-font-pitch:variable;\r\n	mso-font-signature:647 0 0 0 159 0;}\r\n@font-face\r\n	{font-family:"Arial Narrow";\r\n	panose-1:2 11 6 6 2 2 2 3 2 4;\r\n	mso-font-charset:0;\r\n	mso-generic-font-family:swiss;\r\n	mso-font-pitch:variable;\r\n	mso-font-signature:647 2048 0 0 159 0;}\r\n@font-face\r\n	{font-family:"\\@Batang";\r\n	panose-1:0 0 0 0 0 0 0 0 0 0;\r\n	mso-font-charset:129;\r\n	mso-generic-font-family:auto;\r\n	mso-font-format:other;\r\n	mso-font-pitch:fixed;\r\n	mso-font-signature:1 151388160 16 0 524288 0;}\r\n /* Style Definitions */\r\n p.MsoNormal, li.MsoNormal, div.MsoNormal\r\n	{mso-style-unhide:no;\r\n	mso-style-qformat:yes;\r\n	mso-style-parent:"";\r\n	margin:0in;\r\n	margin-bottom:.0001pt;\r\n	mso-pagination:widow-orphan;\r\n	font-size:10.0pt;\r\n	font-family:"Times New Roman","serif";\r\n	mso-fareast-font-family:Batang;\r\n	mso-fareast-language:KO;\r\n	mso-bidi-language:TH;\r\n	font-weight:bold;}\r\n.MsoChpDefault\r\n	{mso-style-type:export-only;\r\n	mso-default-props:yes;\r\n	font-size:10.0pt;\r\n	mso-ansi-font-size:10.0pt;\r\n	mso-bidi-font-size:10.0pt;\r\n	mso-fareast-font-family:Batang;\r\n	mso-bidi-font-family:"Angsana New";}\r\n@page Section1\r\n	{size:8.5in 11.0in;\r\n	margin:1.0in 1.0in 1.0in 1.0in;\r\n	mso-header-margin:.5in;\r\n	mso-footer-margin:.5in;\r\n	mso-paper-source:0;}\r\ndiv.Section1\r\n	{page:Section1;}\r\n-->\r\n</style><!--[if gte mso 10]>\r\n<style>\r\n/* Style Definitions */\r\ntable.MsoNormalTable\r\n{mso-style-name:"Table Normal";\r\nmso-tstyle-rowband-size:0;\r\nmso-tstyle-colband-size:0;\r\nmso-style-noshow:yes;\r\nmso-style-priority:99;\r\nmso-style-qformat:yes;\r\nmso-style-parent:"";\r\nmso-padding-alt:0in 5.4pt 0in 5.4pt;\r\nmso-para-margin:0in;\r\nmso-para-margin-bottom:.0001pt;\r\nmso-pagination:widow-orphan;\r\nfont-size:11.0pt;\r\nfont-family:"Calibri","sans-serif";\r\nmso-ascii-font-family:Calibri;\r\nmso-ascii-theme-font:minor-latin;\r\nmso-fareast-font-family:"Times New Roman";\r\nmso-fareast-theme-font:minor-fareast;\r\nmso-hansi-font-family:Calibri;\r\nmso-hansi-theme-font:minor-latin;\r\nmso-bidi-font-family:"Times New Roman";\r\nmso-bidi-theme-font:minor-bidi;}\r\n</style>\r\n<![endif]-->\r\n<p style="" class="MsoNormal"><span style="font-size: 11pt; font-family: &quot;Arial&quot;,&quot;sans-serif&quot;;">CEOs Workshop:</span><span style="font-size: 11pt; font-family: &quot;Arial&quot;,&quot;sans-serif&quot;; font-weight: normal;"> </span><span style="font-size: 11pt; font-family: &quot;Arial&quot;,&quot;sans-serif&quot;; font-weight: normal;"><span style="">&nbsp;</span></span><span style="font-size: 11pt; font-family: &quot;Arial&quot;,&quot;sans-serif&quot;; font-weight: normal;">Participants are Chief Executive Officers and key management staff of ACCU&rsquo;s member organizations. The workshop encourages CEOs to freely deliberate on the current pressing issues on credit union development.<span style="">&nbsp; </span>Together it allows CEOs to innovate with the advice of technical experts.</span><span style="font-size: 11pt; font-family: &quot;Arial&quot;,&quot;sans-serif&quot;; font-weight: normal;"><o:p></o:p></span></p>\r\n<p style="" class="MsoNormal"><span style="font-size: 11pt; font-family: &quot;Arial&quot;,&quot;sans-serif&quot;; font-weight: normal;"><o:p>&nbsp;</o:p></span></p>\r\n<p style="" class="MsoNormal"><span style="font-size: 11pt; font-family: &quot;Arial&quot;,&quot;sans-serif&quot;;">HRD Workshop:</span><span style="font-size: 11pt; font-family: &quot;Arial&quot;,&quot;sans-serif&quot;; font-weight: normal;"><span style="">&nbsp; </span></span><span style="font-size: 11pt; font-family: &quot;Arial&quot;,&quot;sans-serif&quot;; font-weight: normal;">Participants are the Heads/Key Staffs of the Training/HR Department of the National Federations, Development Educators and members of the Asian Leaders and Managers Institute.<span style="">&nbsp; </span>The workshop would introduce solutions to professionalize credit unions.<span style="">&nbsp; </span></span><span style="font-size: 11pt; font-family: &quot;Arial&quot;,&quot;sans-serif&quot;; font-weight: normal;"><o:p></o:p></span></p>\r\n<p style="" class="MsoNormal"><span style="font-size: 11pt; font-family: &quot;Arial&quot;,&quot;sans-serif&quot;;"><o:p>&nbsp;</o:p></span></p>\r\n<p style="" class="MsoNormal"><span style="font-size: 11pt; font-family: &quot;Arial&quot;,&quot;sans-serif&quot;;">Youth Workshop:</span><span style="font-size: 11pt; font-family: &quot;Arial&quot;,&quot;sans-serif&quot;; font-weight: normal;"> </span><span style="font-size: 11pt; font-family: &quot;Arial&quot;,&quot;sans-serif&quot;; font-weight: normal;">Participants are the members of the Youth Task Force Committee or staff -in-charge for the youth promotion of the national federation.<span style="">&nbsp; </span>The workshop will introduce product innovation to attract youth to use the services of credit unions.<o:p></o:p></span></p>\r\n<p style="" class="MsoNormal"><span style="font-size: 11pt; font-family: &quot;Arial&quot;,&quot;sans-serif&quot;;"><o:p>&nbsp;</o:p></span></p>\r\n<p class="MsoNormal"><span style="font-size: 11pt; font-family: &quot;Arial&quot;,&quot;sans-serif&quot;;">Women Workshop:</span><span style="font-size: 11pt; font-family: &quot;Arial&quot;,&quot;sans-serif&quot;; font-weight: normal;"> </span><span style="font-size: 11pt; font-family: &quot;Arial&quot;,&quot;sans-serif&quot;; font-weight: normal;">Participants are the members of the Women Task Force Committee or staff -in-charge in the promotion of Women Empowerment Program in the National Federations.<span style="">&nbsp; </span>The workshop will share experience on the promotion of Microfinance as tool for women empowerment.<o:p></o:p></span></p>\r\n</p>', 'up comming', '', '', 0);
INSERT INTO `event` (`event_id`, `event_name`, `event_starting_date`, `event_end_date`, `country_id`, `description`, `type`, `location_description`, `event_image`, `event_home`) VALUES
(17, 'ASIAN CREDIT UNION FORUM', '0000-00-00', '0000-00-00', 13, '<p>\r\n<meta content="text/html; charset=utf-8" http-equiv="Content-Type" />\r\n<meta content="Word.Document" name="ProgId" />\r\n<meta content="Microsoft Word 12" name="Generator" />\r\n<meta content="Microsoft Word 12" name="Originator" />\r\n<link href="file:///G:\\DOCUME~1\\User1\\LOCALS~1\\Temp\\msohtmlclip1\\01\\clip_filelist.xml" rel="File-List" />\r\n<link href="file:///G:\\DOCUME~1\\User1\\LOCALS~1\\Temp\\msohtmlclip1\\01\\clip_themedata.thmx" rel="themeData" />\r\n<link href="file:///G:\\DOCUME~1\\User1\\LOCALS~1\\Temp\\msohtmlclip1\\01\\clip_colorschememapping.xml" rel="colorSchemeMapping" /><!--[if gte mso 9]><xml>\r\n<w:LatentStyles DefLockedState="false" DefUnhideWhenUsed="true"\r\nDefSemiHidden="true" DefQFormat="false" DefPriority="99"\r\nLatentStyleCount="267">\r\n<w:LsdException Locked="false" Priority="0" SemiHidden="false"\r\nUnhideWhenUsed="false" QFormat="true" Name="Normal" />\r\n<w:LsdException Locked="false" Priority="9" SemiHidden="false"\r\nUnhideWhenUsed="false" QFormat="true" Name="heading 1" />\r\n<w:LsdException Locked="false" Priority="9" QFormat="true" Name="heading 2" />\r\n<w:LsdException Locked="false" Priority="9" QFormat="true" Name="heading 3" />\r\n<w:LsdException Locked="false" Priority="9" QFormat="true" Name="heading 4" />\r\n<w:LsdException Locked="false" Priority="9" QFormat="true" Name="heading 5" />\r\n<w:LsdException Locked="false" Priority="9" QFormat="true" Name="heading 6" />\r\n<w:LsdException Locked="false" Priority="9" QFormat="true" Name="heading 7" />\r\n<w:LsdException Locked="false" Priority="9" QFormat="true" Name="heading 8" />\r\n<w:LsdException Locked="false" Priority="9" QFormat="true" Name="heading 9" />\r\n<w:LsdException Locked="false" Priority="39" Name="toc 1" />\r\n<w:LsdException Locked="false" Priority="39" Name="toc 2" />\r\n<w:LsdException Locked="false" Priority="39" Name="toc 3" />\r\n<w:LsdException Locked="false" Priority="39" Name="toc 4" />\r\n<w:LsdException Locked="false" Priority="39" Name="toc 5" />\r\n<w:LsdException Locked="false" Priority="39" Name="toc 6" />\r\n<w:LsdException Locked="false" Priority="39" Name="toc 7" />\r\n<w:LsdException Locked="false" Priority="39" Name="toc 8" />\r\n<w:LsdException Locked="false" Priority="39" Name="toc 9" />\r\n<w:LsdException Locked="false" Priority="35" QFormat="true" Name="caption" />\r\n<w:LsdException Locked="false" Priority="10" SemiHidden="false"\r\nUnhideWhenUsed="false" QFormat="true" Name="Title" />\r\n<w:LsdException Locked="false" Priority="1" Name="Default Paragraph Font" />\r\n<w:LsdException Locked="false" Priority="11" SemiHidden="false"\r\nUnhideWhenUsed="false" QFormat="true" Name="Subtitle" />\r\n<w:LsdException Locked="false" Priority="22" SemiHidden="false"\r\nUnhideWhenUsed="false" QFormat="true" Name="Strong" />\r\n<w:LsdException Locked="false" Priority="20" SemiHidden="false"\r\nUnhideWhenUsed="false" QFormat="true" Name="Emphasis" />\r\n<w:LsdException Locked="false" Priority="59" SemiHidden="false"\r\nUnhideWhenUsed="false" Name="Table Grid" />\r\n<w:LsdException Locked="false" UnhideWhenUsed="false" Name="Placeholder Text" />\r\n<w:LsdException Locked="false" Priority="1" SemiHidden="false"\r\nUnhideWhenUsed="false" QFormat="true" Name="No Spacing" />\r\n<w:LsdException Locked="false" Priority="60" SemiHidden="false"\r\nUnhideWhenUsed="false" Name="Light Shading" />\r\n<w:LsdException Locked="false" Priority="61" SemiHidden="false"\r\nUnhideWhenUsed="false" Name="Light List" />\r\n<w:LsdException Locked="false" Priority="62" SemiHidden="false"\r\nUnhideWhenUsed="false" Name="Light Grid" />\r\n<w:LsdException Locked="false" Priority="63" SemiHidden="false"\r\nUnhideWhenUsed="false" Name="Medium Shading 1" />\r\n<w:LsdException Locked="false" Priority="64" SemiHidden="false"\r\nUnhideWhenUsed="false" Name="Medium Shading 2" />\r\n<w:LsdException Locked="false" Priority="65" SemiHidden="false"\r\nUnhideWhenUsed="false" Name="Medium List 1" />\r\n<w:LsdException Locked="false" Priority="66" SemiHidden="false"\r\nUnhideWhenUsed="false" Name="Medium List 2" />\r\n<w:LsdException Locked="false" Priority="67" SemiHidden="false"\r\nUnhideWhenUsed="false" Name="Medium Grid 1" />\r\n<w:LsdException Locked="false" Priority="68" SemiHidden="false"\r\nUnhideWhenUsed="false" Name="Medium Grid 2" />\r\n<w:LsdException Locked="false" Priority="69" SemiHidden="false"\r\nUnhideWhenUsed="false" Name="Medium Grid 3" />\r\n<w:LsdException Locked="false" Priority="70" SemiHidden="false"\r\nUnhideWhenUsed="false" Name="Dark List" />\r\n<w:LsdException Locked="false" Priority="71" SemiHidden="false"\r\nUnhideWhenUsed="false" Name="Colorful Shading" />\r\n<w:LsdException Locked="false" Priority="72" SemiHidden="false"\r\nUnhideWhenUsed="false" Name="Colorful List" />\r\n<w:LsdException Locked="false" Priority="73" SemiHidden="false"\r\nUnhideWhenUsed="false" Name="Colorful Grid" />\r\n<w:LsdException Locked="false" Priority="60" SemiHidden="false"\r\nUnhideWhenUsed="false" Name="Light Shading Accent 1" />\r\n<w:LsdException Locked="false" Priority="61" SemiHidden="false"\r\nUnhideWhenUsed="false" Name="Light List Accent 1" />\r\n<w:LsdException Locked="false" Priority="62" SemiHidden="false"\r\nUnhideWhenUsed="false" Name="Light Grid Accent 1" />\r\n<w:LsdException Locked="false" Priority="63" SemiHidden="false"\r\nUnhideWhenUsed="false" Name="Medium Shading 1 Accent 1" />\r\n<w:LsdException Locked="false" Priority="64" SemiHidden="false"\r\nUnhideWhenUsed="false" Name="Medium Shading 2 Accent 1" />\r\n<w:LsdException Locked="false" Priority="65" SemiHidden="false"\r\nUnhideWhenUsed="false" Name="Medium List 1 Accent 1" />\r\n<w:LsdException Locked="false" UnhideWhenUsed="false" Name="Revision" />\r\n<w:LsdException Locked="false" Priority="34" SemiHidden="false"\r\nUnhideWhenUsed="false" QFormat="true" Name="List Paragraph" />\r\n<w:LsdException Locked="false" Priority="29" SemiHidden="false"\r\nUnhideWhenUsed="false" QFormat="true" Name="Quote" />\r\n<w:LsdException Locked="false" Priority="30" SemiHidden="false"\r\nUnhideWhenUsed="false" QFormat="true" Name="Intense Quote" />\r\n<w:LsdException Locked="false" Priority="66" SemiHidden="false"\r\nUnhideWhenUsed="false" Name="Medium List 2 Accent 1" />\r\n<w:LsdException Locked="false" Priority="67" SemiHidden="false"\r\nUnhideWhenUsed="false" Name="Medium Grid 1 Accent 1" />\r\n<w:LsdException Locked="false" Priority="68" SemiHidden="false"\r\nUnhideWhenUsed="false" Name="Medium Grid 2 Accent 1" />\r\n<w:LsdException Locked="false" Priority="69" SemiHidden="false"\r\nUnhideWhenUsed="false" Name="Medium Grid 3 Accent 1" />\r\n<w:LsdException Locked="false" Priority="70" SemiHidden="false"\r\nUnhideWhenUsed="false" Name="Dark List Accent 1" />\r\n<w:LsdException Locked="false" Priority="71" SemiHidden="false"\r\nUnhideWhenUsed="false" Name="Colorful Shading Accent 1" />\r\n<w:LsdException Locked="false" Priority="72" SemiHidden="false"\r\nUnhideWhenUsed="false" Name="Colorful List Accent 1" />\r\n<w:LsdException Locked="false" Priority="73" SemiHidden="false"\r\nUnhideWhenUsed="false" Name="Colorful Grid Accent 1" />\r\n<w:LsdException Locked="false" Priority="60" SemiHidden="false"\r\nUnhideWhenUsed="false" Name="Light Shading Accent 2" />\r\n<w:LsdException Locked="false" Priority="61" SemiHidden="false"\r\nUnhideWhenUsed="false" Name="Light List Accent 2" />\r\n<w:LsdException Locked="false" Priority="62" SemiHidden="false"\r\nUnhideWhenUsed="false" Name="Light Grid Accent 2" />\r\n<w:LsdException Locked="false" Priority="63" SemiHidden="false"\r\nUnhideWhenUsed="false" Name="Medium Shading 1 Accent 2" />\r\n<w:LsdException Locked="false" Priority="64" SemiHidden="false"\r\nUnhideWhenUsed="false" Name="Medium Shading 2 Accent 2" />\r\n<w:LsdException Locked="false" Priority="65" SemiHidden="false"\r\nUnhideWhenUsed="false" Name="Medium List 1 Accent 2" />\r\n<w:LsdException Locked="false" Priority="66" SemiHidden="false"\r\nUnhideWhenUsed="false" Name="Medium List 2 Accent 2" />\r\n<w:LsdException Locked="false" Priority="67" SemiHidden="false"\r\nUnhideWhenUsed="false" Name="Medium Grid 1 Accent 2" />\r\n<w:LsdException Locked="false" Priority="68" SemiHidden="false"\r\nUnhideWhenUsed="false" Name="Medium Grid 2 Accent 2" />\r\n<w:LsdException Locked="false" Priority="69" SemiHidden="false"\r\nUnhideWhenUsed="false" Name="Medium Grid 3 Accent 2" />\r\n<w:LsdException Locked="false" Priority="70" SemiHidden="false"\r\nUnhideWhenUsed="false" Name="Dark List Accent 2" />\r\n<w:LsdException Locked="false" Priority="71" SemiHidden="false"\r\nUnhideWhenUsed="false" Name="Colorful Shading Accent 2" />\r\n<w:LsdException Locked="false" Priority="72" SemiHidden="false"\r\nUnhideWhenUsed="false" Name="Colorful List Accent 2" />\r\n<w:LsdException Locked="false" Priority="73" SemiHidden="false"\r\nUnhideWhenUsed="false" Name="Colorful Grid Accent 2" />\r\n<w:LsdException Locked="false" Priority="60" SemiHidden="false"\r\nUnhideWhenUsed="false" Name="Light Shading Accent 3" />\r\n<w:LsdException Locked="false" Priority="61" SemiHidden="false"\r\nUnhideWhenUsed="false" Name="Light List Accent 3" />\r\n<w:LsdException Locked="false" Priority="62" SemiHidden="false"\r\nUnhideWhenUsed="false" Name="Light Grid Accent 3" />\r\n<w:LsdException Locked="false" Priority="63" SemiHidden="false"\r\nUnhideWhenUsed="false" Name="Medium Shading 1 Accent 3" />\r\n<w:LsdException Locked="false" Priority="64" SemiHidden="false"\r\nUnhideWhenUsed="false" Name="Medium Shading 2 Accent 3" />\r\n<w:LsdException Locked="false" Priority="65" SemiHidden="false"\r\nUnhideWhenUsed="false" Name="Medium List 1 Accent 3" />\r\n<w:LsdException Locked="false" Priority="66" SemiHidden="false"\r\nUnhideWhenUsed="false" Name="Medium List 2 Accent 3" />\r\n<w:LsdException Locked="false" Priority="67" SemiHidden="false"\r\nUnhideWhenUsed="false" Name="Medium Grid 1 Accent 3" />\r\n<w:LsdException Locked="false" Priority="68" SemiHidden="false"\r\nUnhideWhenUsed="false" Name="Medium Grid 2 Accent 3" />\r\n<w:LsdException Locked="false" Priority="69" SemiHidden="false"\r\nUnhideWhenUsed="false" Name="Medium Grid 3 Accent 3" />\r\n<w:LsdException Locked="false" Priority="70" SemiHidden="false"\r\nUnhideWhenUsed="false" Name="Dark List Accent 3" />\r\n<w:LsdException Locked="false" Priority="71" SemiHidden="false"\r\nUnhideWhenUsed="false" Name="Colorful Shading Accent 3" />\r\n<w:LsdException Locked="false" Priority="72" SemiHidden="false"\r\nUnhideWhenUsed="false" Name="Colorful List Accent 3" />\r\n<w:LsdException Locked="false" Priority="73" SemiHidden="false"\r\nUnhideWhenUsed="false" Name="Colorful Grid Accent 3" />\r\n<w:LsdException Locked="false" Priority="60" SemiHidden="false"\r\nUnhideWhenUsed="false" Name="Light Shading Accent 4" />\r\n<w:LsdException Locked="false" Priority="61" SemiHidden="false"\r\nUnhideWhenUsed="false" Name="Light List Accent 4" />\r\n<w:LsdException Locked="false" Priority="62" SemiHidden="false"\r\nUnhideWhenUsed="false" Name="Light Grid Accent 4" />\r\n<w:LsdException Locked="false" Priority="63" SemiHidden="false"\r\nUnhideWhenUsed="false" Name="Medium Shading 1 Accent 4" />\r\n<w:LsdException Locked="false" Priority="64" SemiHidden="false"\r\nUnhideWhenUsed="false" Name="Medium Shading 2 Accent 4" />\r\n<w:LsdException Locked="false" Priority="65" SemiHidden="false"\r\nUnhideWhenUsed="false" Name="Medium List 1 Accent 4" />\r\n<w:LsdException Locked="false" Priority="66" SemiHidden="false"\r\nUnhideWhenUsed="false" Name="Medium List 2 Accent 4" />\r\n<w:LsdException Locked="false" Priority="67" SemiHidden="false"\r\nUnhideWhenUsed="false" Name="Medium Grid 1 Accent 4" />\r\n<w:LsdException Locked="false" Priority="68" SemiHidden="false"\r\nUnhideWhenUsed="false" Name="Medium Grid 2 Accent 4" />\r\n<w:LsdException Locked="false" Priority="69" SemiHidden="false"\r\nUnhideWhenUsed="false" Name="Medium Grid 3 Accent 4" />\r\n<w:LsdException Locked="false" Priority="70" SemiHidden="false"\r\nUnhideWhenUsed="false" Name="Dark List Accent 4" />\r\n<w:LsdException Locked="false" Priority="71" SemiHidden="false"\r\nUnhideWhenUsed="false" Name="Colorful Shading Accent 4" />\r\n<w:LsdException Locked="false" Priority="72" SemiHidden="false"\r\nUnhideWhenUsed="false" Name="Colorful List Accent 4" />\r\n<w:LsdException Locked="false" Priority="73" SemiHidden="false"\r\nUnhideWhenUsed="false" Name="Colorful Grid Accent 4" />\r\n<w:LsdException Locked="false" Priority="60" SemiHidden="false"\r\nUnhideWhenUsed="false" Name="Light Shading Accent 5" />\r\n<w:LsdException Locked="false" Priority="61" SemiHidden="false"\r\nUnhideWhenUsed="false" Name="Light List Accent 5" />\r\n<w:LsdException Locked="false" Priority="62" SemiHidden="false"\r\nUnhideWhenUsed="false" Name="Light Grid Accent 5" />\r\n<w:LsdException Locked="false" Priority="63" SemiHidden="false"\r\nUnhideWhenUsed="false" Name="Medium Shading 1 Accent 5" />\r\n<w:LsdException Locked="false" Priority="64" SemiHidden="false"\r\nUnhideWhenUsed="false" Name="Medium Shading 2 Accent 5" />\r\n<w:LsdException Locked="false" Priority="65" SemiHidden="false"\r\nUnhideWhenUsed="false" Name="Medium List 1 Accent 5" />\r\n<w:LsdException Locked="false" Priority="66" SemiHidden="false"\r\nUnhideWhenUsed="false" Name="Medium List 2 Accent 5" />\r\n<w:LsdException Locked="false" Priority="67" SemiHidden="false"\r\nUnhideWhenUsed="false" Name="Medium Grid 1 Accent 5" />\r\n<w:LsdException Locked="false" Priority="68" SemiHidden="false"\r\nUnhideWhenUsed="false" Name="Medium Grid 2 Accent 5" />\r\n<w:LsdException Locked="false" Priority="69" SemiHidden="false"\r\nUnhideWhenUsed="false" Name="Medium Grid 3 Accent 5" />\r\n<w:LsdException Locked="false" Priority="70" SemiHidden="false"\r\nUnhideWhenUsed="false" Name="Dark List Accent 5" />\r\n<w:LsdException Locked="false" Priority="71" SemiHidden="false"\r\nUnhideWhenUsed="false" Name="Colorful Shading Accent 5" />\r\n<w:LsdException Locked="false" Priority="72" SemiHidden="false"\r\nUnhideWhenUsed="false" Name="Colorful List Accent 5" />\r\n<w:LsdException Locked="false" Priority="73" SemiHidden="false"\r\nUnhideWhenUsed="false" Name="Colorful Grid Accent 5" />\r\n<w:LsdException Locked="false" Priority="60" SemiHidden="false"\r\nUnhideWhenUsed="false" Name="Light Shading Accent 6" />\r\n<w:LsdException Locked="false" Priority="61" SemiHidden="false"\r\nUnhideWhenUsed="false" Name="Light List Accent 6" />\r\n<w:LsdException Locked="false" Priority="62" SemiHidden="false"\r\nUnhideWhenUsed="false" Name="Light Grid Accent 6" />\r\n<w:LsdException Locked="false" Priority="63" SemiHidden="false"\r\nUnhideWhenUsed="false" Name="Medium Shading 1 Accent 6" />\r\n<w:LsdException Locked="false" Priority="64" SemiHidden="false"\r\nUnhideWhenUsed="false" Name="Medium Shading 2 Accent 6" />\r\n<w:LsdException Locked="false" Priority="65" SemiHidden="false"\r\nUnhideWhenUsed="false" Name="Medium List 1 Accent 6" />\r\n<w:LsdException Locked="false" Priority="66" SemiHidden="false"\r\nUnhideWhenUsed="false" Name="Medium List 2 Accent 6" />\r\n<w:LsdException Locked="false" Priority="67" SemiHidden="false"\r\nUnhideWhenUsed="false" Name="Medium Grid 1 Accent 6" />\r\n<w:LsdException Locked="false" Priority="68" SemiHidden="false"\r\nUnhideWhenUsed="false" Name="Medium Grid 2 Accent 6" />\r\n<w:LsdException Locked="false" Priority="69" SemiHidden="false"\r\nUnhideWhenUsed="false" Name="Medium Grid 3 Accent 6" />\r\n<w:LsdException Locked="false" Priority="70" SemiHidden="false"\r\nUnhideWhenUsed="false" Name="Dark List Accent 6" />\r\n<w:LsdException Locked="false" Priority="71" SemiHidden="false"\r\nUnhideWhenUsed="false" Name="Colorful Shading Accent 6" />\r\n<w:LsdException Locked="false" Priority="72" SemiHidden="false"\r\nUnhideWhenUsed="false" Name="Colorful List Accent 6" />\r\n<w:LsdException Locked="false" Priority="73" SemiHidden="false"\r\nUnhideWhenUsed="false" Name="Colorful Grid Accent 6" />\r\n<w:LsdException Locked="false" Priority="19" SemiHidden="false"\r\nUnhideWhenUsed="false" QFormat="true" Name="Subtle Emphasis" />\r\n<w:LsdException Locked="false" Priority="21" SemiHidden="false"\r\nUnhideWhenUsed="false" QFormat="true" Name="Intense Emphasis" />\r\n<w:LsdException Locked="false" Priority="31" SemiHidden="false"\r\nUnhideWhenUsed="false" QFormat="true" Name="Subtle Reference" />\r\n<w:LsdException Locked="false" Priority="32" SemiHidden="false"\r\nUnhideWhenUsed="false" QFormat="true" Name="Intense Reference" />\r\n<w:LsdException Locked="false" Priority="33" SemiHidden="false"\r\nUnhideWhenUsed="false" QFormat="true" Name="Book Title" />\r\n<w:LsdException Locked="false" Priority="37" Name="Bibliography" />\r\n<w:LsdException Locked="false" Priority="39" QFormat="true" Name="TOC Heading" />\r\n</w:LatentStyles>\r\n</xml><![endif]--><style type="text/css">\r\n<!--\r\n /* Font Definitions */\r\n @font-face\r\n	{font-family:Batang;\r\n	panose-1:2 3 6 0 0 1 1 1 1 1;\r\n	mso-font-alt:&#48148;&#53461;;\r\n	mso-font-charset:129;\r\n	mso-generic-font-family:auto;\r\n	mso-font-format:other;\r\n	mso-font-pitch:fixed;\r\n	mso-font-signature:1 151388160 16 0 524288 0;}\r\n@font-face\r\n	{font-family:"Cambria Math";\r\n	panose-1:2 4 5 3 5 4 6 3 2 4;\r\n	mso-font-charset:0;\r\n	mso-generic-font-family:roman;\r\n	mso-font-pitch:variable;\r\n	mso-font-signature:-1610611985 1107304683 0 0 159 0;}\r\n@font-face\r\n	{font-family:"\\@Batang";\r\n	panose-1:0 0 0 0 0 0 0 0 0 0;\r\n	mso-font-charset:129;\r\n	mso-generic-font-family:auto;\r\n	mso-font-format:other;\r\n	mso-font-pitch:fixed;\r\n	mso-font-signature:1 151388160 16 0 524288 0;}\r\n /* Style Definitions */\r\n p.MsoNormal, li.MsoNormal, div.MsoNormal\r\n	{mso-style-unhide:no;\r\n	mso-style-qformat:yes;\r\n	mso-style-parent:"";\r\n	margin:0in;\r\n	margin-bottom:.0001pt;\r\n	mso-pagination:widow-orphan;\r\n	font-size:10.0pt;\r\n	font-family:"Times New Roman","serif";\r\n	mso-fareast-font-family:Batang;\r\n	mso-fareast-language:KO;\r\n	mso-bidi-language:TH;\r\n	font-weight:bold;}\r\n.MsoChpDefault\r\n	{mso-style-type:export-only;\r\n	mso-default-props:yes;\r\n	font-size:10.0pt;\r\n	mso-ansi-font-size:10.0pt;\r\n	mso-bidi-font-size:10.0pt;\r\n	mso-fareast-font-family:Batang;\r\n	mso-bidi-font-family:"Angsana New";}\r\n@page Section1\r\n	{size:8.5in 11.0in;\r\n	margin:1.0in 1.0in 1.0in 1.0in;\r\n	mso-header-margin:.5in;\r\n	mso-footer-margin:.5in;\r\n	mso-paper-source:0;}\r\ndiv.Section1\r\n	{page:Section1;}\r\n-->\r\n</style><!--[if gte mso 10]>\r\n<style>\r\n/* Style Definitions */\r\ntable.MsoNormalTable\r\n{mso-style-name:"Table Normal";\r\nmso-tstyle-rowband-size:0;\r\nmso-tstyle-colband-size:0;\r\nmso-style-noshow:yes;\r\nmso-style-priority:99;\r\nmso-style-qformat:yes;\r\nmso-style-parent:"";\r\nmso-padding-alt:0in 5.4pt 0in 5.4pt;\r\nmso-para-margin:0in;\r\nmso-para-margin-bottom:.0001pt;\r\nmso-pagination:widow-orphan;\r\nfont-size:11.0pt;\r\nfont-family:"Calibri","sans-serif";\r\nmso-ascii-font-family:Calibri;\r\nmso-ascii-theme-font:minor-latin;\r\nmso-fareast-font-family:"Times New Roman";\r\nmso-fareast-theme-font:minor-fareast;\r\nmso-hansi-font-family:Calibri;\r\nmso-hansi-theme-font:minor-latin;\r\nmso-bidi-font-family:"Times New Roman";\r\nmso-bidi-theme-font:minor-bidi;}\r\n</style>\r\n<![endif]--><span style="font-size: 11pt; font-family: &quot;Arial&quot;,&quot;sans-serif&quot;;">ACCU has been continuously offering platform for learning to Asian credit unions. In the last 19 years since 1990, the Asian Credit Union Forum has served as venue for credit union leaders and professionals to discuss issues and solutions common to Asian credit unions. The Asian credit unions have become more valuable as it now culminates with a recommendation and declaration that has been incorporated in ACCU and national federation&rsquo;s plan. Credit union leaders, professionals and development partners are welcome to attend the forum.</span></p>', 'up comming', 'Thailand', '', 0);

-- --------------------------------------------------------

--
-- Table structure for table `image_gallary`
--

CREATE TABLE IF NOT EXISTS `image_gallary` (
  `image_id` int(11) NOT NULL auto_increment,
  `image_name` varchar(150) NOT NULL,
  `catagary` varchar(100) default NULL,
  `alt_text` varchar(250) default NULL,
  PRIMARY KEY  (`image_id`)
) ENGINE=InnoDB  DEFAULT CHARSET=latin1 AUTO_INCREMENT=266 ;

--
-- Dumping data for table `image_gallary`
--

INSERT INTO `image_gallary` (`image_id`, `image_name`, `catagary`, `alt_text`) VALUES
(1, 'dsc01011.jpg', 'Asian Credit Union Forum 2004', 'Anual Conference 2004'),
(2, 'dsc01012.jpg', 'Asian Credit Union Forum 2004', 'Anual Conference 2004'),
(3, 'dsc01013.jpg', 'Asian Credit Union Forum 2004', 'Anual Conference 2004'),
(4, 'dsc01014.jpg', 'Asian Credit Union Forum 2004', 'Anual Conference 2004'),
(5, 'dsc01015.jpg', 'Asian Credit Union Forum 2004', 'Anual Conference 2004'),
(6, 'dsc01016.jpg', 'Asian Credit Union Forum 2004', 'Anual Conference 2004'),
(7, 'dsc01017.jpg', 'Asian Credit Union Forum 2004', 'Anual Conference 2004'),
(8, 'dsc01018.jpg', 'Asian Credit Union Forum 2004', 'Anual Conference 2004'),
(9, 'dsc01019.jpg', 'Asian Credit Union Forum 2004', ''),
(10, 'dsc01020.jpg', 'Asian Credit Union Forum 2004', 'Anual Conference 2004'),
(11, 'dsc01021.jpg', 'Asian Credit Union Forum 2004', 'Anual Conference 2004'),
(12, 'dsc01022.jpg', 'Asian Credit Union Forum 2004', 'Anual Conference 2004'),
(13, 'dsc01023.jpg', 'Asian Credit Union Forum 2004', 'Anual Conference 2004'),
(14, 'dsc01024.jpg', 'Asian Credit Union Forum 2004', 'Anual Conference 2004'),
(15, 'dsc01025.jpg', 'Asian Credit Union Forum 2004', 'Anual Conference 2004'),
(16, 'dsc01026.jpg', 'Asian Credit Union Forum 2004', 'Anual Conference 2004'),
(17, 'dsc01027.jpg', 'Asian Credit Union Forum 2004', 'Anual Conference 2004'),
(18, 'dsc01028.jpg', 'Asian Credit Union Forum 2004', 'Anual Conference 2004'),
(19, 'dsc01029.jpg', 'Asian Credit Union Forum 2004', 'Anual Conference 2004'),
(20, 'dsc01030.jpg', 'Asian Credit Union Forum 2004', 'Anual Conference 2004'),
(21, 'dsc01031.jpg', 'Asian Credit Union Forum 2004', 'Anual Conference 2004'),
(22, 'dsc01032.jpg', 'Asian Credit Union Forum 2004', 'Anual Conference 2004'),
(23, 'dsc01033.jpg', 'Asian Credit Union Forum 2004', 'Anual Conference 2004'),
(24, 'dsc01034.jpg', 'Asian Credit Union Forum 2004', 'Anual Conference 2004'),
(25, 'dsc01035.jpg', 'Asian Credit Union Forum 2004', 'Anual Conference 2004'),
(26, 'dsc01036.jpg', 'Asian Credit Union Forum 2004', 'Anual Conference 2004'),
(27, 'dsc01037.jpg', 'Asian Credit Union Forum 2004', 'Anual Conference 2004'),
(28, 'dsc01038.jpg', 'Asian Credit Union Forum 2004', 'Anual Conference 2004'),
(29, 'dsc01039.jpg', 'Asian Credit Union Forum 2004', 'Anual Conference 2004'),
(30, 'dsc01040.jpg', 'Asian Credit Union Forum 2004', 'Anual Conference 2004'),
(31, 'dsc01041.jpg', 'Asian Credit Union Forum 2004', 'Anual Conference 2004'),
(32, 'dsc01042.jpg', 'Asian Credit Union Forum 2004', 'Anual Conference 2004'),
(33, 'dsc01043.jpg', 'Asian Credit Union Forum 2004', 'Anual Conference 2004'),
(36, 'dsc01046.jpg', 'Asian Credit Union Forum 2004', 'Anual Conference 2004'),
(38, 'dsc01049.jpg', 'Asian Credit Union Forum 2004', 'Anual Conference 2004'),
(40, 'dsc01051.jpg', 'Asian Credit Union Forum 2004', 'Anual Conference 2004'),
(41, 'dsc01053.jpg', 'Asian Credit Union Forum 2004', 'Anual Conference 2004'),
(42, 'dsc01054.jpg', 'Asian Credit Union Forum 2004', 'Anual Conference 2004'),
(43, 'dsc01055.jpg', 'Asian Credit Union Forum 2004', 'Anual Conference 2004'),
(44, 'dsc01056.jpg', 'Asian Credit Union Forum 2004', 'Anual Conference 2004'),
(45, 'dsc01057.jpg', 'Asian Credit Union Forum 2004', 'Anual Conference 2004'),
(46, 'dsc01058.jpg', 'Asian Credit Union Forum 2004', 'Anual Conference 2004'),
(47, 'dsc01059.jpg', 'Asian Credit Union Forum 2004', 'Anual Conference 2004'),
(48, 'dsc01060.jpg', 'Asian Credit Union Forum 2004', 'Anual Conference 2004'),
(49, 'dsc01061.jpg', 'Asian Credit Union Forum 2004', 'Anual Conference 2004'),
(50, 'dsc01062.jpg', 'Asian Credit Union Forum 2004', 'Anual Conference 2004'),
(51, 'dsc01063.jpg', 'Asian Credit Union Forum 2004', 'Anual Conference 2004'),
(52, 'dsc01064.jpg', 'Asian Credit Union Forum 2004', 'Anual Conference 2004'),
(53, 'dsc01065.jpg', 'Asian Credit Union Forum 2004', 'Anual Conference 2004'),
(54, 'dsc01066.jpg', 'Asian Credit Union Forum 2004', 'Anual Conference 2004'),
(55, 'dsc01067.jpg', 'Asian Credit Union Forum 2004', 'Anual Conference 2004'),
(56, 'dsc01068.jpg', 'Asian Credit Union Forum 2004', 'Anual Conference 2004'),
(57, 'dsc01069.jpg', 'Asian Credit Union Forum 2004', 'Anual Conference 2004'),
(58, 'dsc01070.jpg', 'Asian Credit Union Forum 2004', 'Anual Conference 2004'),
(59, 'dsc01071.jpg', 'Asian Credit Union Forum 2004', 'Anual Conference 2004'),
(60, 'dsc01072.jpg', 'Asian Credit Union Forum 2004', 'Anual Conference 2004'),
(61, 'dsc01073.jpg', 'Asian Credit Union Forum 2004', 'Anual Conference 2004'),
(62, 'dsc01074.jpg', 'Asian Credit Union Forum 2004', 'Anual Conference 2004'),
(63, 'dsc01075.jpg', 'Asian Credit Union Forum 2004', 'Anual Conference 2004'),
(64, 'dsc01076.jpg', 'Asian Credit Union Forum 2004', 'Anual Conference 2004'),
(65, 'dsc01077.jpg', 'Asian Credit Union Forum 2004', 'Anual Conference 2004'),
(66, 'dsc01078.jpg', 'Asian Credit Union Forum 2004', 'Anual Conference 2004'),
(67, 'dsc01079.jpg', 'Asian Credit Union Forum 2004', 'Anual Conference 2004'),
(68, 'dsc01080.jpg', 'Asian Credit Union Forum 2004', 'Anual Conference 2004'),
(69, 'dsc01081.jpg', 'Asian Credit Union Forum 2004', 'Anual Conference 2004'),
(70, 'dsc01081_copy1.jpg', 'Asian Credit Union Forum 2004', 'Anual Conference 2004'),
(71, 'dsc01082.jpg', 'Asian Credit Union Forum 2004', 'Anual Conference 2004'),
(72, 'dsc01083.jpg', 'Asian Credit Union Forum 2004', 'Anual Conference 2004'),
(73, 'dsc01084.jpg', 'Asian Credit Union Forum 2004', 'Anual Conference 2004'),
(74, 'dsc01085.jpg', 'Asian Credit Union Forum 2004', 'Anual Conference 2004'),
(75, 'dsc01086.jpg', 'Asian Credit Union Forum 2004', 'Anual Conference 2004'),
(76, 'dsc01087.jpg', 'Asian Credit Union Forum 2004', 'Anual Conference 2004'),
(77, 'dsc01088.jpg', 'Asian Credit Union Forum 2004', 'Anual Conference 2004'),
(78, 'dsc01089.jpg', 'Asian Credit Union Forum 2004', 'Anual Conference 2004'),
(80, 'dsc01090.jpg', 'Asian Credit Union Forum 2004', 'Anual Conference 2004'),
(81, 'dsc01091.jpg', 'Asian Credit Union Forum 2004', 'Anual Conference 2004'),
(82, 'cimg4209.jpg', 'Asian Credit Union Forum 2006 ', 'Asian Credit Union Forum 2006 '),
(83, 'cimg4210.jpg', 'Asian Credit Union Forum 2006 ', 'Asian Credit Union Forum 2006 '),
(84, 'cimg4212.jpg', 'Asian Credit Union Forum 2006 ', 'Asian Credit Union Forum 2006 '),
(86, 'cimg4216.jpg', 'Asian Credit Union Forum 2006 ', 'Asian Credit Union Forum 2006 '),
(87, 'dscn0336.jpg', 'Asian Credit Union Forum 2006 ', 'Asian Credit Union Forum 2006 '),
(88, 'dscn0379.jpg', 'Asian Credit Union Forum 2006 ', 'Asian Credit Union Forum 2006 '),
(89, 'dscn0396.jpg', 'Asian Credit Union Forum 2006 ', 'Asian Credit Union Forum 2006 '),
(91, 'dscn0399.jpg', 'Asian Credit Union Forum 2006 ', 'Asian Credit Union Forum 2006 '),
(92, 'dscn0541.jpg', 'Asian Credit Union Forum 2006 ', 'Asian Credit Union Forum 2006 '),
(94, 'dscn0548.jpg', 'Asian Credit Union Forum 2006 ', 'Asian Credit Union Forum 2006 '),
(96, 'dscn0554.jpg', 'Asian Credit Union Forum 2006 ', 'Asian Credit Union Forum 2006 '),
(100, 'dscn0558.jpg', 'Asian Credit Union Forum 2006 ', 'Asian Credit Union Forum 2006 '),
(101, 'dscn0588.jpg', 'Asian Credit Union Forum 2006 ', 'Asian Credit Union Forum 2006 '),
(102, 'dscn0590.jpg', 'Asian Credit Union Forum 2006 ', 'Asian Credit Union Forum 2006 '),
(103, 'dscn0593.jpg', 'Asian Credit Union Forum 2006 ', 'Asian Credit Union Forum 2006 '),
(104, 'dscn0594.jpg', 'Asian Credit Union Forum 2006 ', 'Asian Credit Union Forum 2006 '),
(105, 'dscn0766.jpg', 'Asian Credit Union Forum 2006 ', 'Asian Credit Union Forum 2006 '),
(106, 'dscn0767.jpg', 'Asian Credit Union Forum 2006 ', 'Asian Credit Union Forum 2006 '),
(107, 'dscn0783.jpg', 'Asian Credit Union Forum 2006 ', 'Asian Credit Union Forum 2006 '),
(109, 'dscn0786.jpg', 'Asian Credit Union Forum 2006 ', 'Asian Credit Union Forum 2006 '),
(110, 'dscn0790.jpg', 'Asian Credit Union Forum 2006 ', 'Asian Credit Union Forum 2006 '),
(111, 'dscn0795.jpg', 'Asian Credit Union Forum 2006 ', 'Asian Credit Union Forum 2006 '),
(112, 'img_1406.jpg', 'Asian Credit Union Forum 2006 ', 'Asian Credit Union Forum 2006 '),
(113, 'img_1423.jpg', 'Asian Credit Union Forum 2006 ', 'Asian Credit Union Forum 2006 '),
(114, 'img_1531.jpg', 'Asian Credit Union Forum 2006 ', 'Asian Credit Union Forum 2006 '),
(115, 'img_1532.jpg', 'Asian Credit Union Forum 2006 ', 'Asian Credit Union Forum 2006 '),
(117, 'dscn1239.jpg', '1st CULT Exposure 2007', '1st CULT Exposure Feb 19 to 25, 2007 '),
(118, 'dscn1247.jpg', '1st CULT Exposure 2007', '1st CULT Exposure Feb 19 to 25, 2007 '),
(119, 'dscn1248.jpg', '1st CULT Exposure 2007', '1st CULT Exposure Feb 19 to 25, 2007 '),
(120, 'dscn1262.jpg', '1st CULT Exposure 2007', '1st CULT Exposure Feb 19 to 25, 2007 '),
(121, 'dscn1264.jpg', '1st CULT Exposure 2007', '1st CULT Exposure Feb 19 to 25, 2007 '),
(122, 'dscn1270.jpg', '1st CULT Exposure 2007', '1st CULT Exposure Feb 19 to 25, 2007 '),
(123, 'dscn1282.jpg', '1st CULT Exposure 2007', '1st CULT Exposure Feb 19 to 25, 2007 '),
(124, 'dscn1412.jpg', '1st CULT Exposure 2007', '1st CULT Exposure Feb 19 to 25, 2007 '),
(125, 'dscn1469.jpg', '1st CULT Exposure 2007', '1st CULT Exposure Feb 19 to 25, 2007 '),
(126, 'img_2108.jpg', '1st CULT Exposure 2007', '1st CULT Exposure Feb 19 to 25, 2007 '),
(127, 'ekaterina_of_russia_shares_hee_opinion.jpg', 'ACCESS Branding 2007 ', 'ACCESS BRANDING TRAINING 2007 '),
(128, 'img_2108_copy1.jpg', 'ACCESS Branding 2007 ', 'ACCESS BRANDING TRAINING 2007 '),
(129, 'img_2111.jpg', 'ACCESS Branding 2007 ', 'ACCESS BRANDING TRAINING 2007 '),
(130, 'img_2111_copy1.jpg', 'ACCESS Branding 2007 ', 'ACCESS BRANDING TRAINING 2007 '),
(131, 'img_2153.jpg', 'ACCESS Branding 2007 ', 'ACCESS BRANDING TRAINING 2007 '),
(132, 'img_2153_copy1.jpg', 'ACCESS Branding 2007 ', 'ACCESS BRANDING TRAINING 2007 '),
(133, 'img_2182.jpg', 'ACCESS Branding 2007 ', 'ACCESS BRANDING TRAINING 2007 '),
(134, 'img_2235.jpg', 'ACCESS Branding 2007 ', 'ACCESS BRANDING TRAINING 2007 '),
(135, 'img_2266.jpg', 'ACCESS Branding 2007 ', 'ACCESS BRANDING TRAINING 2007 '),
(136, 'img_2271.jpg', 'ACCESS Branding 2007 ', 'ACCESS BRANDING TRAINING 2007 '),
(137, 'img_2273.jpg', 'ACCESS Branding 2007 ', 'ACCESS BRANDING TRAINING 2007 '),
(138, 'img_2381.jpg', 'ACCESS Branding 2007 ', 'ACCESS BRANDING TRAINING 2007 '),
(139, 'img_2381_copy1.jpg', 'ACCESS Branding 2007 ', 'ACCESS BRANDING TRAINING 2007 '),
(141, 'img_2396.jpg', 'ACCESS Branding 2007 ', 'ACCESS BRANDING TRAINING 2007 '),
(144, 'img_2562.jpg', 'ACCESS Branding 2007 ', 'ACCESS BRANDING TRAINING 2007 '),
(145, 'kuber_of_nefscun__amp__anan_of_fsct_displaying_the_penalty_collected_for_the_violation_of_training_govenance.jpg', 'ACCESS Branding 2007 ', 'ACCESS BRANDING TRAINING 2007 '),
(146, 'opening_of_the_training.jpg', 'ACCESS Branding 2007 ', 'ACCESS BRANDING TRAINING 2007 '),
(147, '_breaking_the_ice_.jpg', 'CUCCC Training  2006 ', 'Credit Union Chief Executive officers Training 2006 '),
(148, '21_cuccc_master_trainers.jpg', 'CUCCC Training  2006 ', 'Credit Union Chief Executive officers Training 2006 '),
(149, 'bill_field_delivering_an_opening_message.jpg', 'CUCCC Training  2006 ', 'Credit Union Chief Executive officers Training 2006 '),
(150, 'building_castle_in_the_air__a_vision_exercise.jpg', 'CUCCC Training  2006 ', 'Credit Union Chief Executive officers Training 2006 '),
(151, 'building_castle_in_the_air__an_exercise_in_the_training.jpg', 'CUCCC Training  2006 ', 'Credit Union Chief Executive officers Training 2006 '),
(152, 'cuccc_master_trainers_participate_in_the_cult_icu_day_celebration.jpg', 'CUCCC Training  2006 ', 'Credit Union Chief Executive officers Training 2006 '),
(153, 'gopal_presenting_the_group_output.jpg', 'CUCCC Training  2006 ', 'Credit Union Chief Executive officers Training 2006 '),
(154, 'vietnamese_participants_prepare_action_plan.jpg', 'CUCCC Training  2006 ', 'Credit Union Chief Executive officers Training 2006 '),
(155, 'dscn0490.jpg', 'Asian Credit Union Forum 2005 ', 'Asian Credit Union Forum 2005 '),
(156, 'sv400041.jpg', 'Asian Credit Union Forum 2005 ', 'Asian Credit Union Forum 2005 '),
(157, 'sv400043.jpg', 'Asian Credit Union Forum 2005 ', 'Asian Credit Union Forum 2005 '),
(159, 'sv400044.jpg', 'Asian Credit Union Forum 2005 ', 'Asian Credit Union Forum 2005 '),
(160, 'dsc01906.jpg', '3rd Regulators Conferance 2007', '3rd Regulators Conferance Bangkok'),
(161, 'dsc01922.jpg', '3rd Regulators Conferance 2007', '3rd Regulators Conferance Bangkok'),
(162, 'dsc01927.jpg', '3rd Regulators Conferance 2007', '3rd Regulators Conferance Bangkok'),
(163, 'dsc02145.jpg', '3rd Regulators Conferance 2007', '3rd Regulators Conferance Bangkok'),
(164, 'dsc02640.jpg', '9th DE Porgram  2007', '9th DE Program in Philippines '),
(165, 'dsc02684.jpg', '9th DE Porgram  2007', '9th DE Program in Philippines '),
(166, 'dsc02687.jpg', '9th DE Porgram  2007', '9th DE Program in Philippines '),
(167, 'dsc02692.jpg', '9th DE Porgram  2007', '9th DE Program in Philippines '),
(168, 'dsc02702.jpg', '9th DE Porgram  2007', '9th DE Program in Philippines '),
(169, 'dsc02890.jpg', '9th DE Porgram  2007', '9th DE Program in Philippines '),
(172, 'dsc01924.jpg', 'Asian Credit Union Forum 2008', 'Asian Credit Union Forum 2008'),
(173, 'dsc01925.jpg', 'Asian Credit Union Forum 2008', 'Asian Credit Union Forum 2008'),
(174, 'dsc01926.jpg', 'Asian Credit Union Forum 2008', 'Asian Credit Union Forum 2008'),
(175, 'dsc01927_copy1.jpg', 'Asian Credit Union Forum 2008', 'Asian Credit Union Forum 2008'),
(176, 'dsc01928.jpg', 'Asian Credit Union Forum 2008', 'Asian Credit Union Forum 2008'),
(177, 'dsc01929.jpg', 'Asian Credit Union Forum 2008', 'Asian Credit Union Forum 2008'),
(178, 'dsc01929_copy1.jpg', 'Asian Credit Union Forum 2008', 'Asian Credit Union Forum 2008'),
(179, 'dsc01931.jpg', 'Asian Credit Union Forum 2008', 'Asian Credit Union Forum 2008'),
(180, 'dsc01932.jpg', 'Asian Credit Union Forum 2008', 'Asian Credit Union Forum 2008'),
(181, 'dsc01932_copy1.jpg', 'Asian Credit Union Forum 2008', 'Asian Credit Union Forum 2008'),
(184, 'dsc01935.jpg', 'Asian Credit Union Forum 2008', 'Asian Credit Union Forum 2008'),
(185, 'dsc01936.jpg', 'Asian Credit Union Forum 2008', 'Asian Credit Union Forum 2008'),
(186, 'dsc01937.jpg', 'Asian Credit Union Forum 2008', 'Asian Credit Union Forum 2008'),
(187, 'dsc01938.jpg', 'Asian Credit Union Forum 2008', 'Asian Credit Union Forum 2008'),
(188, 'dsc01939.jpg', 'Asian Credit Union Forum 2008', 'Asian Credit Union Forum 2008'),
(189, 'dsc01940.jpg', 'Asian Credit Union Forum 2008', 'Asian Credit Union Forum 2008'),
(190, 'dsc01941.jpg', 'Asian Credit Union Forum 2008', 'Asian Credit Union Forum 2008'),
(191, 'dsc01942.jpg', 'Asian Credit Union Forum 2008', 'Asian Credit Union Forum 2008'),
(193, 'dsc01944.jpg', 'Asian Credit Union Forum 2008', 'Asian Credit Union Forum 2008'),
(194, 'dsc01945.jpg', 'Asian Credit Union Forum 2008', 'Asian Credit Union Forum 2008'),
(195, 'dsc01946.jpg', 'Asian Credit Union Forum 2008', 'Asian Credit Union Forum 2008'),
(196, 'dsc01947.jpg', 'Asian Credit Union Forum 2008', 'Asian Credit Union Forum 2008'),
(197, 'dsc01948.jpg', 'Asian Credit Union Forum 2008', 'Asian Credit Union Forum 2008'),
(198, 'dsc01949.jpg', 'Asian Credit Union Forum 2008', 'Asian Credit Union Forum 2008'),
(200, 'dsc01951.jpg', 'Asian Credit Union Forum 2008', 'Asian Credit Union Forum 2008'),
(201, 'dsc01952.jpg', 'Asian Credit Union Forum 2008', 'Asian Credit Union Forum 2008'),
(202, 'dsc01953.jpg', 'Asian Credit Union Forum 2008', 'Asian Credit Union Forum 2008'),
(203, 'dsc01954.jpg', 'Asian Credit Union Forum 2008', 'Asian Credit Union Forum 2008'),
(204, 'dsc01955.jpg', 'Asian Credit Union Forum 2008', 'Asian Credit Union Forum 2008'),
(205, 'dsc01956.jpg', 'Asian Credit Union Forum 2008', 'Asian Credit Union Forum 2008'),
(206, 'dsc01957.jpg', 'Asian Credit Union Forum 2008', 'Asian Credit Union Forum 2008'),
(207, 'dsc01958.jpg', 'Asian Credit Union Forum 2008', 'Asian Credit Union Forum 2008'),
(208, 'dsc01959.jpg', 'Asian Credit Union Forum 2008', 'Asian Credit Union Forum 2008'),
(209, 'dsc01960.jpg', 'Asian Credit Union Forum 2008', 'Asian Credit Union Forum 2008'),
(210, 'dsc01961.jpg', 'Asian Credit Union Forum 2008', 'Asian Credit Union Forum 2008'),
(211, 'dsc01962.jpg', 'Asian Credit Union Forum 2008', 'Asian Credit Union Forum 2008'),
(212, 'dsc01963.jpg', 'Asian Credit Union Forum 2008', 'Asian Credit Union Forum 2008'),
(213, 'dsc01964.jpg', 'Asian Credit Union Forum 2008', 'Asian Credit Union Forum 2008'),
(214, 'dsc01965.jpg', 'Asian Credit Union Forum 2008', 'Asian Credit Union Forum 2008'),
(215, 'dsc01966.jpg', 'Asian Credit Union Forum 2008', 'Asian Credit Union Forum 2008'),
(216, 'dsc01967.jpg', 'Asian Credit Union Forum 2008', 'Asian Credit Union Forum 2008'),
(219, 'dsc01969.jpg', 'Asian Credit Union Forum 2008', 'Asian Credit Union Forum 2008'),
(221, 'dsc01970.jpg', 'Asian Credit Union Forum 2008', 'Asian Credit Union Forum 2008'),
(222, 'dsc01971.jpg', 'Asian Credit Union Forum 2008', 'Asian Credit Union Forum 2008'),
(223, 'dsc01972.jpg', 'Asian Credit Union Forum 2008', 'Asian Credit Union Forum 2008'),
(225, 'dsc01974.jpg', 'Asian Credit Union Forum 2008', 'Asian Credit Union Forum 2008'),
(227, 'dsc01976.jpg', 'Asian Credit Union Forum 2008', 'Asian Credit Union Forum 2008'),
(228, 'dsc01977.jpg', 'Asian Credit Union Forum 2008', 'Asian Credit Union Forum 2008'),
(229, 'dsc01978.jpg', 'Asian Credit Union Forum 2008', 'Asian Credit Union Forum 2008'),
(230, 'dsc01979.jpg', 'Asian Credit Union Forum 2008', 'Asian Credit Union Forum 2008'),
(231, 'dsc01980.jpg', 'Asian Credit Union Forum 2008', 'Asian Credit Union Forum 2008'),
(232, 'dsc01981.jpg', 'Asian Credit Union Forum 2008', 'Asian Credit Union Forum 2008'),
(233, 'dsc01982.jpg', 'Asian Credit Union Forum 2008', 'Asian Credit Union Forum 2008'),
(234, 'dsc01983.jpg', 'Asian Credit Union Forum 2008', 'Asian Credit Union Forum 2008'),
(237, 'dsc01985.jpg', 'Asian Credit Union Forum 2008', 'Asian Credit Union Forum 2008'),
(238, 'dsc01986.jpg', 'Asian Credit Union Forum 2008', 'Asian Credit Union Forum 2008'),
(239, 'dsc01987.jpg', 'Asian Credit Union Forum 2008', 'Asian Credit Union Forum 2008'),
(240, 'dsc01988.jpg', 'Asian Credit Union Forum 2008', 'Asian Credit Union Forum 2008'),
(241, 'dsc01989.jpg', 'Asian Credit Union Forum 2008', 'Asian Credit Union Forum 2008'),
(242, 'dsc01990.jpg', 'Asian Credit Union Forum 2008', 'Asian Credit Union Forum 2008'),
(243, 'dsc01991.jpg', 'Asian Credit Union Forum 2008', 'Asian Credit Union Forum 2008'),
(244, 'dsc01992.jpg', 'Asian Credit Union Forum 2008', 'Asian Credit Union Forum 2008'),
(245, 'dsc01993.jpg', 'Asian Credit Union Forum 2008', 'Asian Credit Union Forum 2008'),
(246, 'dsc01994.jpg', 'Asian Credit Union Forum 2008', 'Asian Credit Union Forum 2008'),
(247, 'dsc01995.jpg', 'Asian Credit Union Forum 2008', 'Asian Credit Union Forum 2008'),
(248, 'dsc01996.jpg', 'Asian Credit Union Forum 2008', 'Asian Credit Union Forum 2008'),
(249, 'dsc01997.jpg', 'Asian Credit Union Forum 2008', 'Asian Credit Union Forum 2008'),
(250, 'dsc01998.jpg', 'Asian Credit Union Forum 2008', 'Asian Credit Union Forum 2008'),
(251, 'dsc01999.jpg', 'Asian Credit Union Forum 2008', 'Asian Credit Union Forum 2008'),
(252, 'dsc02000.jpg', 'Asian Credit Union Forum 2008', 'Asian Credit Union Forum 2008'),
(255, 'dsc02003.jpg', 'Asian Credit Union Forum 2008', 'Asian Credit Union Forum 2008'),
(256, 'dsc02004.jpg', 'Asian Credit Union Forum 2008', 'Asian Credit Union Forum 2008'),
(257, 'dsc02005.jpg', 'Asian Credit Union Forum 2008', 'Asian Credit Union Forum 2008'),
(258, 'dsc02006.jpg', 'Asian Credit Union Forum 2008', 'Asian Credit Union Forum 2008'),
(259, 'dsc02007.jpg', 'Asian Credit Union Forum 2008', 'Asian Credit Union Forum 2008'),
(260, 'dsc02008.jpg', 'Asian Credit Union Forum 2008', 'Asian Credit Union Forum 2008'),
(261, 'dsc02009.jpg', 'Asian Credit Union Forum 2008', 'Asian Credit Union Forum 2008'),
(262, 'dsc02010.jpg', 'Asian Credit Union Forum 2008', 'Asian Credit Union Forum 2008'),
(263, 'dsc02011.jpg', 'Asian Credit Union Forum 2008', 'Asian Credit Union Forum 2008'),
(264, 'dsc02012.jpg', 'Asian Credit Union Forum 2008', 'Asian Credit Union Forum 2008');

-- --------------------------------------------------------

--
-- Table structure for table `member`
--

CREATE TABLE IF NOT EXISTS `member` (
  `member_id` int(11) NOT NULL auto_increment,
  `member_type_id` int(11) NOT NULL,
  `member_name` varchar(150) default NULL,
  `member_abbrevation` varchar(50) default NULL,
  `country_id` int(11) NOT NULL,
  `member_sign` varchar(150) default NULL,
  `url` varchar(50) default NULL,
  `email` varchar(100) default NULL,
  `street1` varchar(150) default NULL,
  `street2` varchar(150) default NULL,
  `city` varchar(100) default NULL,
  `province` varchar(100) default NULL,
  `postal_code` varchar(100) default NULL,
  `phone_no` varchar(100) default NULL,
  `fax_no` varchar(100) default NULL,
  `Address` varchar(500) default NULL,
  `registered_date` date default NULL,
  `updated_date` date default NULL,
  `active` varchar(30) default NULL,
  PRIMARY KEY  (`member_id`)
) ENGINE=InnoDB  DEFAULT CHARSET=latin1 AUTO_INCREMENT=69 ;

--
-- Dumping data for table `member`
--

INSERT INTO `member` (`member_id`, `member_type_id`, `member_name`, `member_abbrevation`, `country_id`, `member_sign`, `url`, `email`, `street1`, `street2`, `city`, `province`, `postal_code`, `phone_no`, `fax_no`, `Address`, `registered_date`, `updated_date`, `active`) VALUES
(1, 1, 'The Cooperative Credit Union League of Bangladesh Ltd.', 'CCULB', 1, 'CCULB.PNG', '', 'cculb@idsbd.net, cculb@citechco.net', 'CCULB Bhaban', 'School Road ', 'Khilbarirtek,Gulshan', 'Dhaka', '1212', '(880)-2-9899739, (880)-2-8813781', '(880)-2-8813781', 'CCULB Bhaban, School Road, Khilbarirtek,Gulshan, Dhaka 1212, Bangladesh', '2008-09-12', '2008-11-25', '1'),
(2, 1, 'Credit Union League of Hong Kong', 'CULHK', 2, 'CULHK.PNG', 'www.hkcreditunion.org', 'culhk@hkcreditunion.org', 'Party Room 1-2', 'G/F.', 'Kam Wah House ', 'Choi Hung Estate Kowloon ', '', '(852)-2-3880177', '(852)-2-3236020', 'Party Room 1-2, G/F., Kam Wah House, Choi Hung Estate, Kowloon, Hong Kong', '2008-09-12', '2008-11-14', '1'),
(3, 1, 'Maharashtra State Federation Cooperative Credit Societies Ltd.  India', 'MAFCOCS', 3, 'MAFCOCS.PNG', '', 'mafcocs@gmail.com', 'Plot No 9  Suraksha Bhavan', 'Gultekadi,I ndustrial Estate', 'Mukund Nagar, Pune 411037', 'Maharashtra ', '', '(91)-20-24260749', '(91)-20-24264598', 'Plot No 9 Suraksha Bhavan, Gultekadi, Industrial Estate,Mukund Nagar, Pune 411037, Maharashtra, India', '2008-09-12', '2008-11-14', '1'),
(4, 1, 'Credit Union Central of Indonesia', 'CUCO', 4, 'CUCO.PNG', 'www.inkopdit.com ', 'cucoindo@indo.net.id', 'Jl. Gunung Sahari III ', 'No. 11A', 'Jakarta', '', '10610 ', '(62)-21-4256559,  (62)-21-4257107, (62)-21-4269576', '(62)-21-4245333', 'Jl. Gunung Sahari III No. 11A, Jakarta 10610,Indonesia', '2008-09-12', '2008-11-14', '1'),
(6, 1, 'National Credit Union Federation of Korea', 'NACUFOK', 6, 'NACUFOK.PNG', 'www.cu.co.kr', 'nacufok@cu.co.kr ', 'No. 949 Dunsan-Dong', 'Dunsan-dong, Seo-gu, ', 'Daejeon City', 'Metropolitan City ', '302-120 ', '(82)-42-7201255', '(82)-42-7201260', 'No. 949 Dunsan-dong, Seo-ku, Daejeon,Metropolitan city 302-120, Korea', '2008-09-12', '2008-11-14', '1'),
(7, 1, 'Workers Co-operative Credit Society Ltd.', 'WCCS', 7, 'WCCS.PNG', 'www.kkpbhd.com', 'kkpbhd@tm.net.my', 'No. 19, Jalan', '9/42 Taman Sejahtera Off Jalan Kuching', '51200 Kuala Lumpur', '', '', '(603)-62-515194', '(603)-62-579388', 'No. 19-1 Jalan, 9/42 Taman Sejahtera Off Jalan Kuching,51200 Kuala Lumpur, Malaysia', '2008-09-12', '2008-11-14', '1'),
(8, 1, 'Nepal Federation of Savings and Credit Cooperative Union', 'NEFSCUN', 8, 'NEFSCUN.PNG', 'www.nefscun.org.np', 'nefscun@wlink.com.np', 'Suruchimarg', 'New Baneshwor ', 'Kathmandu', '', '', '(977)-1-4780597, (977)-1-4780069', '(977)-1-4780571', 'Suruchi Marga, New Baneshwor , Kathmandu, Nepal', '2008-09-12', '2008-11-14', '1'),
(9, 1, 'Federation of Savings and Loan Societies Ltd.', 'FESALOS', 9, 'FESALOS.PNG', '', 'fesalos@daltron.com.pg', 'Suite 18, Level 2', 'Haus Tisa, Waigani,', 'Port Moresby', '', '', '(675)-3252320, (675)-3253906, (675)-3253405', '(675)-3253918', 'P. O. Box 251, Waigani, National Capital District,Papua New Guinea', '2008-09-12', '2008-11-14', '1'),
(10, 1, 'Philippine Federation of Credit Cooperatives', 'PFCCO', 10, 'pfcco_new_logo.jpg', 'www.pfcco.coop', 'cumi@pfcco.coop; gm@pfcco.coop', 'No. 20, Sapphire Street', 'Fern Village, Diliman', 'Quezon City', 'Manila', '', '(63)-2-931-9855', '', 'No. 20 Sapphire Street, Fern Village, Diliman,Quezon City, Manila, Philippines', '2008-09-12', '2008-11-14', '1'),
(11, 1, 'National Confederation of Cooperatives', 'NATCCO', 10, 'NATCCO.PNG', 'www.natcco.coop', 'ceo@natcco.coop ', 'No. 227, J.P. Rizal, ', 'Project 4, ', 'Quezon City', '', '', '(63)-2-9126005', '(63)-2-9137016', 'No. 227 J.P. Rizal, Project 4, Quezon City, Philippines', '2008-09-12', '2008-11-14', '1'),
(12, 1, 'Federation of Thrift and Credit Cooperative Societies, Sri Lanka', 'SANASA', 11, 'SANASA.PNG', 'www.sanasa.lk', 'sanasafe@sltnet.lk', 'No 45/90', 'Nawala Road', 'Narahenpita', 'Colombo 05', '', '(94)-11-2369042-45', '(94)-11-2369043', 'No. 45/90 Nawala Road, Narahenpita, Colombo 05,Sri Lanka', '2008-09-12', '2008-11-14', '1'),
(13, 1, 'Credit Union League of the Republic of China, Taiwan', 'CULROC', 12, 'CULROC.PNG', 'www.culroc.org.tw', 'culroc@ms10.hinet.net', 'No.33, Sec.1, ', 'Beiping Rd., ', 'Taichung', '', '40460', '(886)-4-22917272', '(886)-4-22936811', 'No.33, Sec.1, Beiping Rd., Taichung 40460,Taiwan ROC', '2008-09-12', '2008-11-14', '1'),
(14, 1, 'Credit Union League of Thailand Ltd.', 'CULT', 13, 'CULT.PNG', 'www.cultthai.coop', 'cult@cultthai.coop', 'No. 40, Ramkhamhaeng Road (Sukhapiban 3), ', 'Sapansoong', 'Bangkok', '', '10240', '(66)-2-373-0020-1, (66)-2-3730150-1', '(66)-2-373-0022', 'No. 40 Ramkhamhaeng Road (Sukhapiban 3),Sapansoong, Bangkok 10240, Thailand', '2008-09-12', '2008-11-14', '1'),
(15, 1, 'Federation of Savings and Credit Cooperatives of Thailand Ltd.', 'FSCT', 13, 'fsct_copy1.png', 'www.fsct.com', 'info@fsct.com', 'No. 199', 'Nakornin Rd. (Rama V)', 'Bangsrithong Sub-District ,Bangkruay District', 'Nontaburi Province', '', '(66)-2-4961199', '(66)-2-4961177; (66)-2-4961188', 'No. 701/29-33 Wongsawang Road, Bangsue,Bangkok 10800, Thailand', '2008-09-12', '2008-11-14', '1'),
(16, 1, 'Central People’s Credit Fund Vietnam', 'CCF', 14, 'CCF.PNG', '', 'ccf@hn.vnn.vn', 'No. 193, Ba trieu St', '', 'Ha Noi', '', '', '(844)-9741588', '(844)-9741615', 'No.193 Ba trieu Street, Ha noi, Vietnam', '2008-09-12', '2008-11-14', '1'),
(17, 3, 'Credit Union Foundation Australia', 'CUFA', 15, 'CUFA.PNG', '', 'pmason@cuscal.com.au', 'Level 1', '1 Magaret Street ', 'Sydney  ', 'NSW', '2000', '(61)-2-82999059 ', '(61)-2-82999606', 'Level 1, 1 Magaret Street, Sydney NSW 2000, Australia', '2008-09-12', '2008-11-14', '1'),
(18, 3, 'Cambodian Community Savings Federation', 'CCSF', 16, 'CCSF.PNG', 'www.ccsf-cambodia.com', 'ccsf@online.com.kh', 'Ramchek 5 Village ', 'Ratanak Commune', 'Battambang ', '', '', '(855)-53-952958', '(855)-53-730214', 'Ramchek 5 Village, Ratanak Commune, Battambang Province, Cambodia', '2008-09-12', '2008-11-14', '1'),
(19, 3, 'International Raiffeisen Union, Germany', 'IRU', 17, 'IRU.PNG', 'www.iru.de', 'iru@raiffeisen.de', 'Adnauerallee 121,', '53113 Bonn', '', '', '53113', '(49)-228-8861364', '(49)-228-8861356', 'Adnauerallee 127, 53113 Bonn, Federal Republic of Germany', '2008-09-12', '2008-11-14', '1'),
(20, 3, 'Development Promotion Group, India', 'DPG', 3, 'DPG.PNG', 'www.dpgsulo.com', 'dpgsulo@md2.vsnl.net.in', 'No. 60 Officer’s colony III Street', 'Mehta Nagar, Aminjikarai', 'Chennai', '', '600 029', '(91)-44-23744645; (91)-44-23744647', '(91)-44-23745471', '“Joseph Centre”, No. 60 Officer’s colony III Street, Mehta Nagar, Aminjikarai, Chennai 600 029, India', '2008-09-12', '2008-11-14', '1'),
(21, 2, 'Central Credit Cooperative Union of Iran', 'CCC', 18, 'CCC.PNG', '', 'cccui@yahoo.com', 'Unit 7, 4th Floor', 'No. 1/1 Soltani Alley', 'near Bahar-Shiraz Cross', 'Shariati Street ,Tehran', '', '(98)-21-77650591         ', '(98)-21-77651966', 'No. 31 West corner, Felestin Square, Tehran, Iran', '2008-09-12', '2008-11-14', '1'),
(22, 3, 'Mol-Al-Movahedin Credit Cooperative, Iran', 'MAMCC', 18, 'MAMCC.PNG', '', 'arrokhi@yahoo.com; 777co@parsonline.net', 'No. 20, Nader Alley', 'Dr. Beheshty and Valiaser Street Intersection', 'Tehran', '', '15116 ', '(98)-21-88555847 ', '(98)-21-88555847', 'No. 20 Nader Alley, Dr. Beheshty and Valiaser Street Intersection, Tehran 15116, Iran', '2008-09-12', '2008-11-14', '1'),
(23, 3, 'Samen Al Aemeh Credit Cooperative, Iran', 'SAMEN', 18, 'SAMEN.PNG', 'www.samentaavoni.ir', 'info@samentaavoni.ir', 'No. 4, Gandhi 15th', 'Gandhi Avenue', 'Tehran', '', '', '(98)-21-88793494', '(98)-21-82072094', 'No. 4 Gandhi 15th, Gandhi Avenue, Tehran, Iran ', '2008-09-12', '2008-11-14', '1'),
(24, 3, 'Research Institute of Labour Banks, Japan', 'RILB', 5, 'RILB.PNG', '-', 'takashi_handa@ho.rokinbank.or.jp', 'No. 2 - 5 - 15 Kanda Surugadai', 'Chiyoda - ku', 'Tokyo', '', '101-0062', '(81)-33-2956735', '(81)-33-2956751', 'No. 2 - 5 - 15 Kanda Surugadai , Chiyoda - ku, Tokyo,101 - 0062, Japan', '2008-09-12', '2008-11-14', '1'),
(25, 3, 'Mauritius Co-operative Savings and Credit League Ltd.', 'MACOSCLE', 19, 'MACOSCLE.PNG', 'www.mycreditunions.net', 'macoscle@intnet.mu', '8th Floor, Meem Tower ', 'Dechartres Street', 'Port Lo', '', '', '(203)-2124380', '(203)-2102418', '8th Floor, Meem Tower, Dechartres Street, Port Louis,Mauritius', '2008-09-12', '2008-10-30', '1'),
(26, 3, 'Vacoas Popular Multi-Purpose Co-operative Society Ltd., Mauritius', 'VPMPCS', 19, 'VPMPCS.PNG', '', 'macoscle@intnet.mu', 'Morc Coop', 'No. 510 Morcellement Coop, ', 'Bonne Terre, Solferino Vacoas', '', '', '(230)-6984072', '(230)-6984072', 'Morc Coop, Solferino Vacoas, Mauritius', '2008-09-12', '2008-11-14', '1'),
(27, 3, 'Mongolia Confederation of Credit Unions', 'MOCCU', 20, 'MOCCU.PNG', 'www.mongolia.coop', 'mccti@mbox.mn', 'Bayanzurkh District 14th Khoroo', 'Nanyanjug Street, “Bayasakh Traolek” Co. Ltd. # 203', 'Ulaanbaatar', '', '210613', '(976)-11-312129; (976)-70-110148', '(976)-11-325510', 'GTZ, Sky plaza, Olympic street 12, C.P.O. Box 1264,Ulaanbaatar 210613, Mongolia', '2008-09-12', '2008-11-14', '1'),
(28, 3, 'USC Nepal', 'USC Nepal', 8, 'USC.PNG', 'www.uscnepal.org', 'usccn@ecomail.co.np', 'P.O. Box: 2223, Gairi Tole, ', 'Basundhara', 'Kathmandu-3', '', '', '(977)-4376100', '', 'No. 111 Lamtangeen Marg, Baluwatar, Kathmandu, Nepal', '2008-09-12', '2008-11-14', '1'),
(29, 3, 'Catholic Social Services, Pakistan', 'CSS', 21, 'CSS.PNG', 'www.csspk.org', 'css@cyber.net.pk; css4all@hotmail.com ; css4all@yahoo.com', 'Plot No. SB 2/57 Raymond Street', '(opposite Cambridge Mall), Saddar,', 'Karachi', '', '', '(92)-21-2781782; (92)-21-2782328', '(92)-21-2782328', 'Plot No. SB-2/57, Raymond Street, Opp. Cambridge Computer Mall, Saddar, Karachi, Pakistan', '2008-09-12', '2008-11-14', '1'),
(34, 4, 'The NSW Teachers Credit Union ', '', 15, '', 'www.teachercreditunion.com.au', 'enquiry@teachercreditunion.com.au', 'No. 28-38 Powell Street', 'Homebush ', 'Homebush', '', '2140', '(61)-2-97359100', '(61)-97467693', 'No. 28-38 Powell Street, Homebush, NSW 2140, Australia', '2008-09-12', '2008-11-17', '1'),
(35, 4, 'Select Credit Union Ltd.', '', 15, '', 'www.selectcu.com.au', 'mworthington@selectcu.com.au; service@selectcu.com.au', 'Level 2, Quad 2,', '8 Parkview Drive, ', 'Sydney Olympic Park', '', '2127', '(61)-2-87362250', '(61)-2-87362224', 'Level 2 Quad 2, 8 Parkview Drive, Sydney Olympic Park,NSW 2127, Australia', '2008-09-12', '2008-11-17', '1'),
(36, 4, 'Sydney Credit Union Ltd', '', 15, '', 'www.sydneycu.com.au', 'ajjennings@sydneycu.com.au , equiries@sydneycu.com.au', 'No. 277', 'Clarence Street', 'Sydney', '', '2000', '', '(61)-2-96782181', 'No. 7/447 Kent, Kent Street, Sydney, NSW 2000, Australia', '2008-09-12', '2008-11-03', '1'),
(37, 4, 'WAW Credit Union Co-operative Ltd', '', 15, '', 'www.wawcu.com.au', 'floor1@wawcu.com.au', 'No. 11 Stanley Street', 'Wodonga', 'Victoria', '', '3690', '(61)-2-60228411', '(61)-2-60228400', 'No. 11 Stanley Street, Wodonga, Victoria, 3690, Australia', '2008-09-12', '2008-11-17', '1'),
(38, 4, 'Victoria Teachers Credit Union', '', 15, '', 'www.victeach.com.au', 'memserv@victeach.com.au', 'No. 277', 'Camberwell', 'Victoria', '', '3124', '(61)-3-9834 8560', '(61)-3-98824348', 'No. 277 Camberwell Rd., Camberwell, Victoria 3124, Australia', '2008-09-12', '2008-11-03', '1'),
(39, 4, 'Betang Asi Credit Union', '', 4, '', '', 'CU_Betangasi@yahoo.co.id', 'JL. Tjilik Riwut Km. 1', 'No. 32A, Palangka Raya 73112', 'Kalimantan Tengah ', '', '', '(62)-536-3234994', '(62)-536-3234994', 'JL. Tjilik Riwut Km. 1, No. 32A, Palangka Raya 73112,Kalimantan, Tengah, Indonesia', '2008-09-12', '2008-11-17', '1'),
(40, 4, 'Canaga Antutn Credit Union', '', 4, '', '', '', 'Desa Menyumbung', 'Kecamatan Hulu Sungai', 'Kabupaten Ketapang', '', '78871', '', '', 'Desa Menyumbung, Kecamatan Hulu Sungai, KabupatenKetapang 78871, Propinisi Kalimantan, Barat, Indonesia', '2008-09-12', '2008-11-17', '1'),
(41, 4, 'Keling Kumang Credit Union', '', 4, '', 'www.kelingkumang.com', 'cukk93@gmail.com', 'Jln. Sekadau-Sintang', 'Km 27, Kabupaten', 'Kalimantan', '', '78582', '(62)-564-41415', '(62)-536-3234994', 'JL. Sanggau, Gg Kerama, No. 161 Sekadau 78582, WestKalimantan, Indonesia', '2008-09-12', '2008-11-03', '1'),
(42, 4, 'Lantang Tipo Credit Union', '', 4, '', 'www.lantangtipo.org', 'culantangtipo@yahoo.co.id', 'Jalan Pancasila, No. 4 Pusat Damai 78561', 'Kecamatan Parindu, Kabupaten Sanggau', 'Kalimantan Barat', 'West', '78561', '(62)-564-2302; (62)-564-24065', '(62)-564-22784', 'JL. Pancasila, No. 4 Pusat Damai, Kab, Sanggau 78561, WestKalimantan, Indonesia', '2008-09-12', '2008-11-17', '1'),
(43, 4, 'Pancur Dangeri Credit Union', '', 4, '', '', '', 'Desa Semcindany Kanan,', 'Keeamaten Ketuapangy', 'Kalimantan Barat', '', '78854', '(62)-121-30213', '', 'Desa Semcindany Kanan, Keeamaten Ketuapangy 78854,Kalimantan Barut, Indonesia', '2008-09-12', '2008-09-12', '1'),
(44, 4, 'Pancur Kasih Credit Union', '', 4, '', '', 'pancurkasih@ptk.centrin.net.id , cupkindo@plasa.com', 'Jl. Gusti Situt Mahmud, Gg. Selat Sumba III', 'Pontianak', 'Kalimantan', '', '', '(62)-561-881951', '(62)-561-883275', 'Jl. Selat Sumba III, Komplek Street, F. A. Asisi, Siantan,Kalimantan, Indonesia', '2008-09-12', '2008-11-03', '1'),
(45, 4, 'Pancur Solidaritas Credit Union', '', 4, '', '', 'redemptus_musa@yahoo.com', 'JL. S. Parman, Gang, Sukajadi Dalam, No. 9', 'Ketapang 78813,', 'Kalimantan Barat', 'West', '78813', '(62)-534-3036677', '(62)-534-3036677', 'JL. S. Parman, Gang, Sukajadi Dalam, No. 9 Ketapang 78813,Kalimantan, Barat (West), Indonesia', '2008-09-12', '2008-11-03', '1'),
(46, 4, 'Puyang Gana Credit Union', '', 4, '', '', '', 'Jalan Pancasila, No. 4 Pusat Damai 78561', 'Kecamatan Parindu, Kabupaten Sanggau', 'Kalimantan Barat', '', '78611', '(62)-565-24662', '', 'JL. Taruna, No. 8 Sintang 78611, Kalimantan, West Barat,Indonesia', '2008-09-12', '2008-09-12', '1'),
(47, 4, 'Semandang Jaya Credit Union', '', 4, '', '', 'cusumberrejeki.ampah@yahoo.com', 'JL. Barombot, No. 37 RT 34 Ampah, Keg Dusun', 'Kec, Simpang, Hulu, Ketapang 78854', 'Kalimantan', '', '78854', '(62)-564-23021', '(62)-564-22784', 'JL. Tran Kalimantan, No. 25 Balai, Semandung, Kec,Simpang, Hulu, Ketapang 78854, Kalimantan, Indonesia', '2008-09-12', '2008-11-26', '1'),
(48, 4, 'Sumber Rejeki Credit Union', '', 4, '', '', 'cusumberrejeki.ampah@yahoo.com', 'JL. Barombot, No. 37 RT 34 Ampah, Keg Dusun Tengah', 'Kab, Bariteo, Timur Kodepos', 'Central Kalimantan', '', '73652', '(62)-522-31612', '(62)-522-31886', 'JL. Barombot, No. 37 RT 34 Ampah, Keg Dusun Tengah,Kab, Bariteo, Timur Kodepos 73652, Central Kalimantan,Indonesia', '2008-09-12', '2008-11-17', '1'),
(49, 4, 'Tilung Jaya Credit Union', '', 4, '', '', 'cu_tilungjaya@yahoo.co.id', 'Putussibau City A. Yani Street yth.', 'Kapuas Hulu', 'Kalimantan Barat', '', '78711', '(62)-567-22468', '(62)-567-22469', 'JL. Budi Utumo, No. 4 Putussibau Kode Pos 78711,Kalimantan, Indonesia', '2008-09-12', '2008-11-17', '1'),
(50, 4, 'Tri Tapang Kasih Credit Union', '', 4, '', '', '', 'JL. Penunjang Lintas Selatan, Sejiran 78772,', 'Kab, Kapuas Hulu', 'Kalimantan Barat', 'West', '78772', '(62)-813-454833126', '', 'JL. Penunjang Lintas Selatan, Sejiran 78772, Kab, KapuasHulu, West Kalimantan, Indonesia', '2008-09-12', '2008-09-12', '1'),
(51, 4, 'The PNG Police & State Services Savings & LoanSociety Ltd.', '', 9, '', '', '', '3rd Floor, Tisa Haus', 'Kumal Avenue', 'Waigani City Center', '', '', '(675)-3259844; (675)-3259769', '(675)-3252953', '3rd Floor, Tisa Haus, Kumal Avenue, Waigani City Center,Papua New Guinea', '2008-09-12', '2008-11-17', '1'),
(52, 4, 'Baguio Bengue Community Credit Cooperative', '', 10, '', '', '', 'No. 56 Cooperatives Street,', 'Assumption Road', 'Bagui City', '', '2600', '(63)-74-4425872 ; (63)-74-4426603', '(63)-74-444993', 'No. 56 Cooperatives Street, Assumption Road 2600, BaguiCity, Philippines', '2008-09-12', '2008-09-12', '1'),
(53, 4, 'St. Martin of Tours Credit and Development Cooperative', '', 10, '', '', '', 'Plobacion', 'Bocaue', 'Bulacan', '', '', '(63)-44-6922367 , (63)-44-6921707', '(63)-44-6922870', 'Poblacion, Bocaue, Bulacan, Philippines', '2008-09-12', '2008-09-12', '1'),
(54, 4, 'Chumchon Klongjan Credit Union Ltd', '', 13, '', '', '', 'No. 1 Soi Serithai 7', ' Klongchan', 'Bangkapi', 'Bangkok', '10240', '(66)-2-3754278 ; (66)-2-3757193-4', '(66)-2-3757195', 'No. 1 Soi Serithai 7, Klongchan, Bangkapi, Bangkok 10240,Thailand', '2008-09-12', '2008-10-31', '1'),
(59, 3, 'National Association of Co-operative Credit Societies and Federations, India', 'NACCFED', 3, 'indianaccfed.jpg', 'www.naccfedindia.com', 'lallettgandhi@yahoo.com; Info@naccfedindia.com', 'Business House', '1677, E, Main Road , 10th Lane Rajarampuri', 'Kolhapur', '416 008 Mumbai, Maharashtra', '', '(91)-231-2525251', '(91)-231-2522201', NULL, '2008-10-30', '2008-11-14', '1'),
(61, 3, 'Interregional Association of Credit Unions of the Far East and Zabaikalye, Russia', 'IACUFEZ', 22, 'iacufez_copy1_copy1.jpg', 'www.acufez.ru', 'creditunion@mail.kht.ru; credit@kmscom.ru', 'No. 62, Lenin Street, ', 'Khabarovsk', '', '', '680013', '(7)-4212-424809', '(7)-4212-424810', NULL, '2008-10-30', '2008-11-14', '1'),
(62, 3, 'Singapore National Cooperatives Federation, Ltd.', 'SNCF', 23, 'sncf.png', '', 'sncf@sncf.org.sg', 'No. 510, Thomson Road ', '#12-02 SLF Building S', '', '', '298135', '(65)-62-590077', '(65)-62-9957709', NULL, '2008-10-30', '2008-11-14', '1'),
(63, 4, 'Maritime Workers Credit Union', '', 15, '', '', '', 'No. 365-375 Sussex Street', 'Sydney', '', '', '', '', '', NULL, '2008-10-30', '2008-10-31', '1'),
(64, 4, 'SGE Credit Union Ltd', '', 15, '', '', '', 'Level 2', 'No. 230, Clarence Street', 'Sydney', '', 'NSW 2000', '', '', NULL, '2008-10-30', '2008-11-24', '1'),
(65, 4, 'Aurora Integrated Multi-purpose Cooperative', 'AIMC', 10, '', '', 'aimc67@yahoo.com', 'Burgos Street, Pob., Aurora 7020 ', 'Zamboanga del Sur', '', '', '7020', '(63)-62-3312018', '(63)-62-3312018', NULL, '2008-10-30', '2008-11-04', '1'),
(66, 4, 'Soon Klang Thewa Credit Union Cooperative Ltd.', '', 13, '', '', '', 'No. 134, Soi Prachasomgkroh 24', '', 'Dindaeng', 'Bangkok ', '10320', '(66)-2-2773468', '(66)-2-2754771', NULL, '2008-10-31', '2008-11-17', '1'),
(67, 4, 'Japan Credit Union', 'JCU', 5, '', '', 'kyoujo@nifty.ne.jp', 'No. 8-33', '', 'Takanawa 4-chome', 'Minato-ku, Tokyo', '108-0074', '(81)-3-34494154', '(81)-3-34494333', NULL, '2008-10-31', '2008-11-17', '1');

-- --------------------------------------------------------

--
-- Table structure for table `member_contact`
--

CREATE TABLE IF NOT EXISTS `member_contact` (
  `member_contact_id` int(11) NOT NULL auto_increment,
  `member_id` int(11) NOT NULL,
  `member_contact_type_id` int(11) NOT NULL,
  `street1` varchar(150) NOT NULL,
  `street2` varchar(150) NOT NULL,
  `city` varchar(150) NOT NULL,
  `province` varchar(150) NOT NULL,
  `postalcode` varchar(150) NOT NULL,
  `country_id` int(11) NOT NULL,
  `phone_number` varchar(150) NOT NULL,
  `fax_number` varchar(150) NOT NULL,
  PRIMARY KEY  (`member_contact_id`)
) ENGINE=InnoDB DEFAULT CHARSET=latin1 AUTO_INCREMENT=1 ;

--
-- Dumping data for table `member_contact`
--


-- --------------------------------------------------------

--
-- Table structure for table `member_staff`
--

CREATE TABLE IF NOT EXISTS `member_staff` (
  `member_staff_id` int(11) NOT NULL auto_increment,
  `member_id` int(11) NOT NULL,
  `title` varchar(150) NOT NULL,
  `name` varchar(150) NOT NULL,
  `board_of_directors` varchar(150) NOT NULL,
  `possion` varchar(150) NOT NULL,
  PRIMARY KEY  (`member_staff_id`)
) ENGINE=InnoDB  DEFAULT CHARSET=latin1 AUTO_INCREMENT=198 ;

--
-- Dumping data for table `member_staff`
--

INSERT INTO `member_staff` (`member_staff_id`, `member_id`, `title`, `name`, `board_of_directors`, `possion`) VALUES
(1, 1, 'Mr.', 'John F. Rodrigues', 'Chairman', ' 1'),
(2, 1, 'Mr.', 'Biman Barua Chowdhury', 'Vice-Chairman', ' 2'),
(3, 1, 'Mr.', 'Emdad Hossain Maleque', 'Secretary', ' 3'),
(4, 1, 'Mr.', 'Goutam Debnath', 'Treasurer', ' 4'),
(5, 1, 'Mr.', 'Majibar Rahman', 'Director', ' 5'),
(6, 1, 'Mr.', 'Subrata Rozario', 'Director', ' 6'),
(7, 1, 'Mr.', 'Md. Rasheduzzaman Jhilam', 'Director', ' 7'),
(8, 1, 'Mr.', 'Sahidul Islam Faisal', 'Director', ' 8'),
(9, 1, 'Mr.', 'Amulya Chandra Das', 'Director', ' 9'),
(10, 1, 'Mr.', 'Clement D’ Rozario', 'Director', ' 10'),
(11, 1, 'Mr.', 'Md. Hossain Ali', 'Director', ' 11'),
(12, 1, 'Mr.', 'Md. Abdus Sttar Bhuiyan', 'Director', ' 12'),
(13, 2, 'Mr.', 'Charles Yip', 'President', ' 1'),
(14, 2, 'Mr.', 'Jimmy Yeung', '1st Vice President', ' 2'),
(15, 2, 'Mr.', 'John Kwok', 'Vice President', ' 3'),
(16, 2, 'Ms.', 'Cecilia Li', 'Treasurer', ' 4'),
(17, 2, 'Mr.', 'Leung Tin-hung', 'Secretary', ' 5'),
(18, 2, 'Mr.', 'Wong Tak-chung', 'Director', ' 6'),
(19, 2, 'Mr.', 'Andrew Ho', 'Director', ' 7'),
(20, 2, 'Mr.', 'Li Mau-chung', 'Director', ' 8'),
(21, 2, 'Ms.', 'Margaret Lee', 'Director', ' 9'),
(22, 2, 'Mr.', 'John Lui', 'Director', ' 10'),
(23, 2, 'Mr.', 'Mak Kui-hoi', 'Director', ' 11'),
(24, 2, 'Mr.', 'Kidson Tang', 'Director', ' 12'),
(25, 2, 'Mr.', 'Tom Tseng', 'Director', ' 13'),
(26, 3, 'Mr.', 'Vasant Natha Shinde', 'President', ' 1'),
(27, 3, 'Mr.', 'Radheshyam D. Chandak', 'Chairman', ' 2'),
(28, 3, 'Mr.', 'Girish Vishnu Tulpule', 'Secretary General', ' 3'),
(29, 3, 'Mr.', 'Prakash G. Pohare', 'Vice President', ' 4'),
(30, 3, 'Mr.', 'Jijaba S. Pawar', 'Vice President', ' 5'),
(31, 3, 'Mr.', 'Chandrakant H. Badhe', 'Vice President', ' 6'),
(32, 3, 'Mr.', 'Neela J. Gade', 'Vice President', ' 7'),
(33, 3, 'Mr.', 'Rajudas L. Jadhav', 'Treasurer', ' 8'),
(34, 3, 'Mr.', 'Bhaskar K. Kothavade', 'Jt. Secretary', ' 9'),
(35, 3, 'Mr.', 'Radheshyam B. Agarwal', 'Jt. Secretary', ' 10'),
(36, 4, 'Dr.', 'FX. Siman', 'President', ' 1'),
(37, 4, 'Dr.', 'Theofilus Woghe', 'Vice President', ' 2'),
(38, 4, 'Dr.', 'V. Joko Susilo', 'Secretary', ' 3'),
(39, 4, 'Mr.', 'Marliani, SKm', 'Treasurer', ' 4'),
(40, 4, 'Mr.', 'V. Edy Cahyono, S.Sos', 'Member', ' 5'),
(41, 6, 'Mr.', 'Oh-man Kwon', 'Chairman & President', ' 1'),
(42, 6, 'Mr.', 'Jong-hyun Lee-Director', 'Representative Supervisor', ' 2'),
(43, 6, 'Mr.', 'Young-heon Kim', 'Director, Supervisor (CPA)', ' 3'),
(44, 6, 'Mr.', 'Byung-moo Moon', 'Director, Supervisor (CPA)', ' 4'),
(45, 6, 'Mr.', 'Sung-deok Ko', 'Director', ' 5'),
(46, 6, 'Dr.', 'Byung-ro Kim', 'Director', ' 6'),
(47, 6, 'Mr.', 'Yong-koo Kim', 'Director', ' 7'),
(48, 6, 'Mr.', 'Cheol-sang Moon', 'Director', ' 8'),
(49, 6, 'Mr.', 'Chan-bum Park', 'Director', ' 9'),
(50, 6, 'Mr.', 'Chan-bum Park', 'Director', ' 9'),
(51, 6, 'Mr.', 'Byung-guk Kim', 'Director', ' 10'),
(52, 6, 'Mr.', 'Sang-ho Lee', 'Director', ' 11'),
(53, 6, 'Mr.', 'Cheol-won Lee', 'Director', ' 12'),
(54, 6, 'Mr.', 'Han-shik Lee', 'Director', ' 13'),
(55, 6, 'Dr.', 'Jin-wook Jung', 'Director', ' 14'),
(56, 6, 'Mr.', 'Kang-rae Jo', 'Director', ' 15'),
(57, 6, 'Mr.', 'Chun-dong Kim', 'Director', ' 16'),
(58, 6, 'Mr.', 'Won-hyung Hwang', 'Director', ' 17'),
(59, 6, 'Mr.', 'Chan-woo Lee-Director', 'Business Operating Division', '18'),
(60, 6, 'Mr.', 'Sung-hee Lee-Director', 'Supervisory Division', ' 19'),
(61, 7, 'Mr.', 'G. Lahmana', 'Chairman', ' 1'),
(62, 7, 'Mr.', 'S. Arumugam', 'Deputy Chairman', ' 2'),
(63, 7, 'Mr.', 'V. Barathan', '1st Vice Chairman', ' 3'),
(64, 7, 'Mrs.', 'R. Susheela', '2nd Vice Chairman', ' 4'),
(65, 7, 'Mr.', 'P. Kunalan', '3rd Vice Chairman', ' 5'),
(66, 7, 'Mr.', 'A. Vijayakumaran', 'Secretary', ' 6'),
(67, 7, 'Mr.', 'P. Nachimuthu', 'Assistant Secretary', ' 7'),
(68, 7, 'Mr.', 'T. Kesavan', 'Treasurer', ' 8'),
(69, 7, 'Mrs.', 'V. Amakanmu', 'Board Member', ' 9'),
(70, 7, 'Mr.', 'M. Vasudevan', 'Board Member', ' 10'),
(71, 7, 'Mr.', 'G. Raman', 'Board Member', ' 11'),
(72, 7, 'Mr.', 'P.Govindarajoo', 'Board Member', ' 12'),
(73, 7, 'Mr.', 'L. Krishna', 'Board Member', ' 13'),
(74, 7, 'Mrs.', 'S. Suppuletchumy', 'Board Member', ' 14'),
(75, 7, 'Dr.', 'M. Letchumanan', 'Board Member/Fonder and Advisor', ' 15'),
(76, 8, 'Mr.', 'Min Raj Kadel', 'Chairperson', '1'),
(77, 8, 'Mr.', 'Rishi Raj Ghimire', 'Vice-Chairperson', '2'),
(78, 8, 'Mr.', 'Ghana Shyam Khatiwada', 'General Secretary', '3'),
(79, 8, 'Mr.', 'Deepak Thapa', 'Treasurer', '4'),
(80, 8, 'Ms.', 'Gokul hoj Karkij', 'Director', '5'),
(81, 8, 'Mr.', 'Sadhana Singh Shahi', '-Director', '6'),
(82, 8, 'Mrs.', 'Amrita Subba', 'Director', '7'),
(83, 8, 'Ms.', 'Parbati Khand Chamling', 'Director', '8'),
(84, 8, 'Ms.', 'Tra Bahadur Kafle', 'Director', '9'),
(85, 8, 'Mr.', 'Menuka Dahal', 'Director', '10'),
(86, 8, 'Mr.', 'Binod Kumar Shah', 'Director', '11'),
(92, 9, 'Mr.', 'Michael Koisen', 'Chairman', ' 1'),
(93, 9, 'Mr.', 'Ai Tom', 'Director', ' 2'),
(94, 9, 'Mr.', 'Sylvester Gaso', 'Director', ' 3'),
(95, 9, 'Mr.', 'James Besuin', 'Director', ' 4'),
(96, 9, 'Mr.', 'Timai Tali', 'Director', ' 5'),
(97, 9, 'Mr.', 'Paulus Laveil', 'Secretary', ' 6'),
(98, 10, 'Mr.', 'Rito V. Fabella', 'Chairman', ' 1'),
(99, 10, 'Mr.', 'Proculo Sarmen', 'Vice-Chairman', ' 2'),
(100, 10, 'Ms.', 'Araceli M. Gonzales', 'Secretary', ' 3'),
(101, 10, 'Ms.', 'Ana Lucia Enriquez-', 'Treasurer', ' 4'),
(102, 10, 'Mr.', 'Rito Fabella', 'Council Member', ' 5'),
(103, 10, 'Mr.', 'Reynaldo Golo', 'Council Member', ' 6'),
(104, 10, 'Mr.', 'Severino Medina Jr', 'Council Member', ' 7'),
(105, 10, 'Dr.', 'Amparo Rimas', 'Council Member', ' 8'),
(106, 10, 'Dr.', 'Cristina Salvosa', 'Council Member', ' 9'),
(107, 10, 'Mr.', 'Romeo Clavellas', 'Council Member', ' 10'),
(108, 10, 'Mr.', 'Proculo Sarmen', 'Council Member', ' 11'),
(109, 10, 'Mr.', 'Rafael Puentespina', 'Council Member', ' 12'),
(110, 10, 'Mr.', 'Roberto Mascaria-', 'Representing the Manager’s Group', ' 13'),
(111, 10, 'Ms.', 'Erlinda Duque', 'Representing of Youth', ' 14'),
(112, 10, 'Mr.', 'Lovenia Naces', 'Representing of Women', '15'),
(113, 11, 'Mr.', 'Jose R. Ping-ay', 'Chairperson', ' 1'),
(114, 11, 'Mr.', 'Reynaldo Gandionco', 'Vice-Chairperson', ' 2'),
(115, 11, 'Mr.', 'Rustico U. Galang Jr', ' Member', ' 3'),
(116, 11, 'Mr.', 'Godofredo E. Lising, Jr', 'Member', ' 4'),
(117, 11, 'Ms.', 'Lilian Ester DJ. Lim', 'Member', ' 5'),
(118, 11, 'Mr.', 'Artemio M. Jose', 'Member', ' 6'),
(119, 11, 'Mr.', 'Divina Quemi', 'Member', ' 7'),
(120, 11, 'Ms.', 'Aurea B. de Ramayo', 'Member', ' 8'),
(121, 11, 'Ms.', 'Evelyn C. Remo', 'Member', ' 9'),
(122, 11, 'Mr.', 'Wilfredo A. Dimamay', 'Member', ' 10'),
(123, 11, 'Mr.', 'Thomas L. Aceron', 'Member', ' 11'),
(124, 11, 'Mr.', 'Chad A. Villamor', 'Member', ' 12'),
(125, 11, 'Ms.', 'Evangeline A. Cedeo', 'Membe', ' 13'),
(126, 11, 'Ms.', 'Norma Pereyras', 'Member', ' 14'),
(127, 11, 'Ms.', 'Jetta Domz Jines', 'Member', ' 15'),
(128, 11, 'Mr.', 'Romeo M. Magdaong', 'Treasurer', ' 16'),
(129, 12, 'Dr.', 'P.A. Kiriwandeniya', 'SANASA Leader', ' 1'),
(130, 12, 'Mr.', 'Gunarathna Maddumage', 'Hon President', ' 2'),
(131, 12, 'Mr.', 'A.M. Rakeeb', 'Hon Vice President', ' 3'),
(132, 12, 'select', 'Nimal Arawgoda', 'Hon Deputy President', ' 4'),
(133, 12, 'Mr.', 'J.H. Gamage', 'Hon Executive Director', ' 5'),
(134, 12, 'Mr.', 'Ranjith Amarasingha', 'Hon Executive Director', ' 6'),
(135, 12, 'Mr.', 'D.A.De S Kalugalage', 'Hon Executive Director', ' 7'),
(136, 12, 'Mr.', 'M.L. Mithrananda', 'Hon Executive Director', ' 8'),
(137, 12, 'Ms.', 'Piyaseeli Ranjani', 'Hon Executive Director', ' 9'),
(138, 13, 'Mr.', 'Chuang, Chin', 'Sheng-President', ' 1'),
(139, 13, 'Mrs.', 'Lin, Kuei-Hsiang', 'Vice President', ' 2'),
(140, 13, 'Mr.', 'Wu, Tien-Teng', 'Vice President', ' 3'),
(141, 13, 'Mr.', 'Chen, Chao-Ci', 'Vice President', ' 4'),
(142, 13, 'Mr.', 'Chen, Jin-Long', 'Member of the Standing Committee of the Board of Directors', ' 5'),
(143, 13, 'Mr.', 'Wu, Wan-Sheng', 'Member of the Standing Committee of the Board of Directors', ' 6'),
(144, 13, 'Mr.', 'Hsu, Hsin-San', 'Member of the Standing Committee of  the Board of Directors', ' 7'),
(145, 13, 'Mr.', 'Walis Pelin', 'Board member', ' 8'),
(146, 13, 'Mr.', 'Hsieh, Ching-Jung', 'Board member', ' 9'),
(147, 13, 'Mr.', 'Lin, Shuen-Cheng', 'Board member', ' 10'),
(148, 13, 'Mr.', 'Wu, Siang-Guang', 'Board member', ' 11'),
(149, 13, 'Mr.', 'Lin, Chao-Yi', 'Board member', ' 12'),
(150, 13, 'Mr.', 'Hsiao, Yung-Hsin', 'Board member', ' 13'),
(151, 13, 'Mr.', 'Huang, De-Sing', 'Board member', ' 14'),
(152, 13, 'Mr.', 'Hsu, Shih-Chien', 'Board member', ' 15'),
(153, 13, 'Mr.', 'Tian, Cing-Biao', 'Board member', ' 16'),
(154, 13, 'Mr.', 'Yen, Cheng-Liang', 'Board member', ' 17'),
(155, 13, 'Mr.', 'Chen, Ping-Fu', 'Board member', ' 18'),
(156, 13, 'Mr.', 'Chien, Cheng-Wang', 'Board member', ' 19'),
(157, 13, 'Mr.', 'Liao, Kuo-Tung', 'Board member', ' 20'),
(158, 13, 'Mr.', 'Tsai-Ching-Chang', 'Board member', ' 21'),
(159, 14, 'Mr.', 'Suriya Montripak', 'President', ' 1'),
(160, 14, 'Mr.', 'Bunjerd Sitthichok', '1st Vice-President', ' 2'),
(161, 14, 'Mr.', 'Niphon Sompuen', '2nd Vice-President', ' 3'),
(162, 14, 'Mr.', 'Peeraphan Hemarat', 'Secretary to the Board', ' 4'),
(163, 14, 'Mr.', 'Sompong Hanmearh', 'Director', ' 5'),
(164, 14, 'select', 'Bunlerd Simaworapongphan', 'Director', ' 7'),
(165, 14, 'Mr.', 'Suparb Janpirom', 'Director', ' 8'),
(166, 14, 'Mr.', 'Suntorn Poosrithan', 'Director', ' 9'),
(167, 14, 'Mr.', 'Kiengheng Sae-tung', 'Director', ' 10'),
(168, 14, 'Mr.', ' Chaichana Pinnoi', 'Director', ' 11'),
(169, 14, 'Mr.', 'Chalong Pannoi', 'Director', ' 12'),
(170, 14, 'Mr.', 'Sayan Kiew-in', 'Director', ' 13'),
(171, 14, 'Ms.', 'Kessarawan Janchai', 'Director', ' 14'),
(172, 14, 'Mr.', 'Hirun Rouengsawad', 'Director', ' 15'),
(173, 15, 'Mr.', 'Chalermpol Dulsamphant', 'President', ' 1'),
(174, 15, 'Mr.', 'Sittichai Ungphakorn', '1st Vice President', ' 2'),
(175, 15, 'Prof.', 'Thongchai Bhanalaph M.D.', '2nd Vice President', ' 3'),
(176, 15, 'Mr.', 'Somchai Punkeo', '3rd Vice President', ' 4'),
(177, 15, 'Ms.', 'Chavalee Sawatdibood', 'Secretary', ' 6'),
(178, 15, 'Assoc.Prof.', 'Rangsan Pitipunya, Ph.D.-', 'Director', ' 7'),
(179, 15, 'Mr.', 'Mongkol Thongkam', 'Director', ' 8'),
(180, 15, 'Assoc.Prof.', 'Bancherd Bridhikitti', 'Director', ' 9'),
(181, 15, 'Mr.', 'Anek Nakdilok', 'Director', ' 10'),
(182, 15, 'Mr.', 'Widsanugorn Onprasonk, M.D.', 'Director', ' 11'),
(183, 15, 'Mr.', 'Charte Fahpagasit', 'Director', ' 12'),
(184, 15, 'Assoc.Prof.', 'Bancha Chalapirom', 'Director', ' 13'),
(185, 15, 'Mr.', 'Weera Wongsan, Ph.D.', 'Director', ' 14'),
(186, 15, 'Mr.', 'Ekkarat Changlao', 'Director', ' 15'),
(187, 16, 'Mr.', 'Tran Quang Khanh', 'Chairman', ' 1'),
(188, 16, 'Mr.', 'Do Manh Hung', 'Member', ' 2'),
(189, 16, 'Mrs.', 'Le Thi Thanh Hang', 'Member', ' 3'),
(190, 16, 'Mr.', 'Nguyen Van Thanh', 'Member', ' 4'),
(191, 16, 'Mr.', 'Nguyen Van Tuan', 'Member', ' 5'),
(192, 16, 'Mr.', 'Nguyen Trung Hieu', 'Member', ' 6'),
(193, 16, 'Mr.', 'Duong Thanh Ha', 'Member', ' 7'),
(194, 16, 'Mr.', 'Nguyen Duc Hanh', 'Member', ' 8'),
(195, 16, 'Mr.', 'Phan Tan Tri', 'Member', ' 9'),
(196, 16, 'Mr.', 'Bui Van Hau', 'Member', ' 10'),
(197, 16, 'Mr.', 'Nguyen Ngoc Quy', 'Member', ' 11');

-- --------------------------------------------------------

--
-- Table structure for table `member_type_description`
--

CREATE TABLE IF NOT EXISTS `member_type_description` (
  `member_type_id` int(11) NOT NULL auto_increment,
  `member_type_name` varchar(150) NOT NULL,
  `member_type_description` text NOT NULL,
  PRIMARY KEY  (`member_type_id`)
) ENGINE=InnoDB  DEFAULT CHARSET=latin1 AUTO_INCREMENT=5 ;

--
-- Dumping data for table `member_type_description`
--

INSERT INTO `member_type_description` (`member_type_id`, `member_type_name`, `member_type_description`) VALUES
(1, 'Regular Members', 'The membership is open to national federation of credit unions/cooperatives/savings and credit cooperatives representing at least 20,000 individual members or 2% of the country''s population. The membership is minimum of US$ 2,000 and maximum US$ 5,000 per year computed based on the aggregated movement''s assets.'),
(2, 'Associate Members', 'The membership is open to national organization or credit union league or federation which is not yet qualified to become a regular member. Annular due is US$ 1,500'),
(3, 'Affiliate Member', 'The membership is open to organizations from both local and abroad promoting and supporting credit union development. The annual dues is US$ 1,000.'),
(4, 'Supporter Members', 'Open to any primary credit union willing to participate for international development. The membership would allow accelerated access to information, networking, cooperation among cooperatives and experience sharing at international level. The annual dues is US$ 500.');

-- --------------------------------------------------------

--
-- Table structure for table `news`
--

CREATE TABLE IF NOT EXISTS `news` (
  `news_id` int(11) NOT NULL auto_increment,
  `news_name` varchar(250) NOT NULL,
  `news_date` date default NULL,
  `country_id` int(11) NOT NULL,
  `description` text,
  `location_name` varchar(250) default NULL,
  `news_img` varchar(100) default NULL,
  `news_home` int(11) NOT NULL,
  PRIMARY KEY  (`news_id`)
) ENGINE=InnoDB  DEFAULT CHARSET=latin1 AUTO_INCREMENT=14 ;

--
-- Dumping data for table `news`
--

INSERT INTO `news` (`news_id`, `news_name`, `news_date`, `country_id`, `description`, `location_name`, `news_img`, `news_home`) VALUES
(1, 'Asian Credit Union Forum 2009', '2008-09-25', 1, '<p>Dear Credit Union Friends,</p>\r\n<p>Please join us for the 2008 Asian Credit Union Forum, hosted by The Cooperative Credit Union League of Bangladesh Ltd. We are very excited to welcome you in Bangladesh, a lush land with a rich history and passionate people.</p>\r\n<p>This annual event brings together leading credit union experts and participants from a broad range of fields, to give a fresh look at growth strategies enabling credit unions to present better choices, better organizations and better society to members and their families. <br />\r\nThe slate of renowned speakers provides you with:&nbsp;</p>\r\n<p>\r\n<li>A fresh perspective on global socioeconomic trends for you to appreciate the need for credit unions to grow in number and quality</li>\r\n<li>A contemporary framework to guide your growth plans for 2009 and beyond</li>\r\n<li>A well-developed line-up of marketers and expertise whose unique strategies can potentially add innovation and vitality to credit union financial services <br />\r\nIn this forum, ACCU&#65533;s proposition to credit union leaders across Asia is to place credit unions&#65533; steady growth as movement&#65533;s goal in the next decade. With the topics outlined, the forum will certainly let you realize the undeserved market we need to enter on as a source of credit union growth. <br />\r\nFinding our &#65533;blue ocean&#65533; or new market space is something that we in Asian credit unions require to become skillful.\r\n<div align="center"><font size="+3"><a href="http://www.aaccu.coop/documents/accuf2008.pdf">Download Brochure</a></font></div>\r\n<p>&nbsp;</p>\r\n<p>&nbsp;</p>\r\n<p>&nbsp;</p>\r\n<p>&nbsp;</p>\r\n<p>&nbsp;</p>\r\n<p>&nbsp;</p>\r\n<p>&nbsp;</p>\r\n</li>\r\n</p>', 'Dhaka Sheraton Hotel - Bangladesh', '', 0),
(5, 'Planning Session for the Newly Elected Board of NEFSCUN ', '2008-11-03', 8, '<div align="justify">ACCU assisted the newly elected Board of Directors of NEFSCUN in reviewing the achievements of Nepal Savings and Credit Cooperative (SACCOS) Movement on February 5 to 6. The Board recognized the need for SACCOS to build its capacity to achieve growth in membership and capital. The Board realized the vital task of the federation in building the competence of SACCOS through the services it provides. The two-day workshop identified management tools (policies/procedures) the federation has to adopt for effective and efficient operation. The workshop also defined the Strategic Plan that addresses various issues on membership and services to SACCOS.</div>', '', '', 0),
(6, 'Credit Unions Role  Social Concern  Food Security  2020  Sub-Regional Workshop ', '2009-02-19', 8, '<p>USC&nbsp; Canada . continues to demonstrate its commitment to promote savings and credit cooperatives (SACCOS) as sustainable approach to poverty alleviation. The annual South Asia Sub-Regional Workshop was held on February&nbsp; 19 to&nbsp; 22&nbsp;, Nepal with the technical assistance of ACCU. International and local NGOs attending the conference realized the role of credit unions in helping members build their wealth making it possible for them to get out of poverty. Remarkably, attendees appreciated the credit union purpose of guiding members achieve financial independence.</p>', 'Nepal ', '', 1),
(9, 'Credit Union Promotion in Lao PDR ', '2008-10-28', 131, '<p>ACCU CEO and representative from&nbsp;<span lang="EN-GB" style="font-size: 12pt; font-family: &quot;Times New Roman&quot;; mso-bidi-font-family: Arial">Northern Lao PDR: <span style="mso-spacerun: yes">&nbsp;</span><o:p></o:p></span><span lang="EN-GB" style="font-size: 12pt; font-family: &quot;Times New Roman&quot;; mso-bidi-font-family: Arial">Provinces </span><span lang="EN-GB" style="font-size: 12pt; font-family: &quot;Times New Roman&quot;">Udomxay,<span style="mso-spacerun: yes">&nbsp; </span>Lunag Namntha and<span style="mso-spacerun: yes">&nbsp; </span>Xayaboury<span style="mso-spacerun: yes">&nbsp; </span></span><span lang="EN-GB" style="font-size: 12pt; font-family: &quot;Times New Roman&quot;; mso-bidi-font-family: Arial"><o:p></o:p></span></p>\r\n<p>&nbsp;on Ocotober&nbsp; 28 in Luang Prabang&nbsp;. The meeting&nbsp;discussed the implementation strategies and logistical arrangements for the credit union promotion project currently in process of approval with Agriterra. 0, ACCU CEO discussed with the Governor of Luang Prabang the plan of credit union promotion in the province. With the support of Agriterra, ACCU is currently implementing a project in Luang Prabang in partnership with the provincial government. Meanwhile, another project will be opened for the southern part of Laos aimed at organizing credit unions and a 2nd tier organization.</p>', 'Luang Prabang ', '', 1),
(10, 'Orientation  workshop of  Senior Management of Cooperative  Development ', '2008-11-22', 10, '<p>&nbsp;</p>\r\n<h3>&nbsp;</h3>', '', '', 0),
(11, '3nd CULT Exposure Program', '2009-02-22', 13, '<div align="justify">Eight countries (Indonesia, Korea, Malaysia, Mongolia, Nepal, Philippines, Sri Lanka and Thailand) are represented at the 2nd CULT Exposure on Credit Unions Development through Business Development Center held on February 21-27 in Bangkok, Thailand. Twenty-six participants enjoyed the renowned Thai hospitality while learning the operation of BDC in supporting the sustainability of members engaged in small businesses. ACCU was happy to impart the concept of BDC as providing capital for enterprises; education and developing habit of thrift would not guarantee members&rsquo; sustainability. Equally important is the provision of support through BDCs to help members engage in demand driven and high quality products/service, and connect them to the market.</div>', 'Thailand ', '', 0),
(12, 'Sustainability, Efficiency and Professionalism Emphasized in WCCS Strategic Plan', '2009-01-12', 7, '<p>ACCU assisted the Workers&rsquo; Cooperative Credit Society (WCCS) in preparing its three-year Strategic Pla The plan emphasized on the long-term sustainability, efficiency, and professionalism of WCCS. The Board of Directors of WCCS has approved the Strategic Plan.</p>', 'Malayasia ', '', 1),
(13, 'Building the Capacity of Partner SEDOC FILFLY ', '2008-12-15', 16, '<p>ACCU team provided technical assistance to SEDOC on&nbsp; Decemebr&nbsp; 15 to 18.&nbsp;The mission evaluated the financial management system, training capabilities, and installed accounting software for SEDOC anf Filfly . ACCU considers the reliability of partner&rsquo;s financial information as pre-requisite to sustainability and efficient management operations. ACCU works with SEDOC to transform its promoted Self-Help Groups to Community Based Financial Institutions (CBFIs). Agriterra, Netherlands supports this initiative.</p>', 'Camboda ', '', 1);

-- --------------------------------------------------------

--
-- Table structure for table `pubcation_documents`
--

CREATE TABLE IF NOT EXISTS `pubcation_documents` (
  `pub_doc_id` int(11) NOT NULL auto_increment,
  `pub_doc_name` varchar(200) default NULL,
  `pub_doc_file` varchar(200) default NULL,
  `file_type` varchar(50) default NULL,
  `report_type` varchar(100) default NULL,
  `record_id` int(11) NOT NULL,
  `add_date` date default NULL,
  PRIMARY KEY  (`pub_doc_id`)
) ENGINE=InnoDB  DEFAULT CHARSET=latin1 AUTO_INCREMENT=158 ;

--
-- Dumping data for table `pubcation_documents`
--

INSERT INTO `pubcation_documents` (`pub_doc_id`, `pub_doc_name`, `pub_doc_file`, `file_type`, `report_type`, `record_id`, `add_date`) VALUES
(1, 'Annual Report 2005 - 2006', 'annual_repot_20052006.pdf', 'application/pdf', 'Annual Reports  ', 1, '2008-10-16'),
(2, 'Annual Report 2006 -2007 ', 'annual_report_20062007.pdf', 'application/pdf', 'Annual Reports  ', 1, '2008-10-16'),
(3, 'Annual Report 2007 -2008', '2007_and_2008.pdf', 'application/pdf', 'Annual Reports  ', 1, '2008-10-16'),
(4, 'Tsunami Disaster fund', 'tsunami_disasterfund_august_15__2006.pdf', 'application/pdf', 'Annual Reports  ', 1, '2008-10-16'),
(5, 'ACCU Directory 2008', 'directory_2008_as_of_jul_28.pdf', 'application/x-octetstream', 'Annual Reports  ', 1, '2008-10-16'),
(6, 'ACCU Organization Profile 2006 ', 'accu_organisational_profile_2006__jk__final.pdf', 'application/pdf', 'Annual Reports  ', 1, '2008-10-16'),
(7, 'Savings Products', 'savings_products_descriptionrevised.pdf', 'application/pdf', 'Technical Reports ', 2, '2008-10-17'),
(8, 'Organization Policies', '1_organization_policies_revised_april_2004.pdf', 'application/pdf', 'Technical Reports ', 2, '2008-10-17'),
(9, 'Credit Management Policy', 'credit_management_policy_revised_april_2004.pdf', 'application/pdf', 'Technical Reports ', 2, '2008-10-17'),
(10, 'Financial Management  Policy ', 'financial_management_april_2004.pdf', 'application/pdf', 'Technical Reports ', 2, '2008-10-17'),
(12, 'Board Tools kit', 'board__tools_kit.pdf', 'application/pdf', 'Technical Reports ', 2, '2008-10-17'),
(13, 'CUMI  Experience in Asia ( ADB )', 'cumi_presentation.pdf', 'application/pdf', 'Technical Reports ', 2, '2008-10-17'),
(14, '3rd Regulators Report 2007', 'conference_3rd__regulators_report__with_pictures__june__2007.pdf', 'application/pdf', 'Technical Reports ', 2, '2008-10-17'),
(15, 'Andrew So ', 'andrew_so.pdf', 'application/pdf', 'Technical Reports ', 3, '2008-10-17'),
(16, 'Andrew So 2 ', 'andrew_so1.pdf', 'application/pdf', 'Technical Reports ', 3, '2008-10-17'),
(17, 'Bill Field Leadership ', 'bill__field__leadership.pdf', 'application/pdf', 'Technical Reports ', 3, '2008-10-17'),
(18, 'Bill Field Transformation Leadership ', 'bill_field_transformation_leadership.pdf', 'application/pdf', 'Technical Reports ', 3, '2008-10-17'),
(19, 'Bobby Mcveigh New Markets McVeigh slides ', 'bobby_mcveigh__new_markets_mcveigh_slides.pdf', 'application/pdf', 'Technical Reports ', 3, '2008-10-17'),
(20, 'Bobby McVeigh New Market ', 'bobby_mcveigh_new_market.pdf', 'application/pdf', 'Technical Reports ', 3, '2008-10-17'),
(21, 'David Hume 2 Millennium Development Goals-Forum 2006 ', 'david__hume_2_millennium_development_goalsforum_2006.pdf', 'application/pdf', 'Technical Reports ', 3, '2008-10-17'),
(22, 'David Hume Millennium Development Goals-Forum 2006 Word', 'david__hume_millennium_development_goalsforum_2006_word.pdf', 'application/pdf', 'Technical Reports ', 3, '2008-10-17'),
(23, 'David Richradson Leading and Managing Change ', 'david_richradson_leading_and_managing_change__final_readonly.pdf', 'application/pdf', 'Technical Reports ', 3, '2008-10-17'),
(24, 'Frank Bakx Does Size Matters ', 'frank_bakx_does_size_matters.pdf', 'application/pdf', 'Technical Reports ', 3, '2008-10-17'),
(25, 'Kelly Bottone Retaining Effective Leaders Sept 23 2006 ', 'kelly_bottone__retaining_effective_leaders_sept_23_2006.pdf', 'application/pdf', 'Technical Reports ', 3, '2008-10-17'),
(26, 'Kelly Bottone Establishing Collaborative Partnerships Between Bd _ Mgmt Sept 22, 2006 ', 'kelly_bottone_establishing_collaborative_partnerships_between_bd___mgmt__sept_22_2006.pdf', 'application/pdf', 'Technical Reports ', 3, '2008-10-17'),
(27, 'Kiriwandeniya Leadership by Kiri ', 'kiriwandeniya_leadership_by_kiri.pdf', 'application/pdf', 'Technical Reports ', 3, '2008-10-17'),
(28, 'Kiriwandeniya Leardership Presentation ', 'kiriwandeniya_leardership_presentation.pdf', 'application/pdf', 'Technical Reports ', 3, '2008-10-17'),
(29, 'Lalit Gandhi Memebr relation ', 'lalit_gandhi_memebr_relation.pdf', 'application/pdf', 'Technical Reports ', 3, '2008-10-17'),
(30, 'Pathiran Delinquency ', 'pathiran__delinquency.pdf', 'application/pdf', 'Technical Reports ', 3, '2008-10-17'),
(31, 'Robby Tulus Evolving Role & Challenges of Apex organzations', 'robby__tulus_evolving_role__challenges_of_apex_organzations.pdf', 'application/pdf', 'Technical Reports ', 3, '2008-10-17'),
(32, 'Robby Tulus Evolving Role and Challenges of APEXES ', 'robby_tulus_evolving_role_and_challenges_of_apexes.pdf', 'application/pdf', 'Technical Reports ', 3, '2008-10-17'),
(33, 'David Richardson Strengthening the Bond ', 'david_richardson_strengthening_the_bond__final_readonly.pdf', 'application/pdf', 'Technical Reports ', 3, '2008-10-17'),
(34, 'Lalit Gandhi Membrer relation 2 1-24.pdf ', 'lalit__gandhi_membrer_relation_2__124.pdf', 'application/pdf', 'Technical Reports ', 3, '2008-10-17'),
(35, 'Theyvendran Sucessful leadership in CU-Forum 2006 ', 'theyvendran_sucessful_leadership_in_cuforum_2006.pdf', 'application/x-octetstream', 'Technical Reports ', 3, '2008-10-17'),
(36, 'Mr. Cua Guillermo ', 'mr_cua_guillermo_new_wave_of_advocacy.pdf', 'application/pdf', 'Technical Reports ', 3, '2008-10-17'),
(37, 'Strategic Planning that gets realized ', 'strategic_planning_that_gets_realized.pdf', 'application/pdf', 'Technical Reports ', 3, '2008-10-17'),
(38, 'Competencies Handout 2006 ', 'competencies_handout_2006.doc', 'application/msword', 'Technical Reports ', 3, '2008-10-17'),
(39, 'Leading and Managing Change ', 'leading_and_managing_change__final.ppt', 'application/vnd.ms-powerpoint', 'Technical Reports ', 3, '2008-10-17'),
(40, 'youth Perspectives in the 3rd Milliennum ', 'youth_perpectives_in_the_2rd_millenium_2007.pdf', 'application/pdf', 'Technical Reports ', 4, '2008-10-17'),
(41, 'Characteristics of youth Products 2007 ', 'characteristics_of_youth_product_2007.pdf', 'application/pdf', 'Technical Reports ', 4, '2008-10-17'),
(42, 'Credit Union and youth ', 'youth__and_cus_2007.pdf', 'application/pdf', 'Technical Reports ', 4, '2008-10-17'),
(43, 'Action Plan Format Youth ', 'action_plan_format_youth.doc', 'application/msword', 'Technical Reports ', 4, '2008-10-17'),
(44, 'Team Exercies Youth 2007 ', 'team_exercise_1.doc', 'application/msword', 'Technical Reports ', 4, '2008-10-17'),
(45, 'Program Credit Union Youth Marketing: Roadmap in Building Lifelong Relationship with Youth ', 'revised__june__20_credit_union_youth_marketing_workshop_sept_2007_indonesia.doc', 'application/msword', 'Technical Reports ', 4, '2008-10-17'),
(46, 'Youth Products ', 'youth_products.pdf', 'application/pdf', 'Technical Reports ', 4, '2008-10-17'),
(48, 'HRD Workshop on ACCESS Branding', 'hrd_2007_first_program_as_of_jun_22_copy1.doc', 'application/msword', 'Technical Reports ', 5, '2008-10-17'),
(49, 'Branding Assessment Tools 2007 ', 'concept_paperbranding_assessment_tool.pdf', 'application/pdf', 'Technical Reports ', 5, '2008-10-17'),
(50, 'ACCESS Implementation Guidelines ', 'access_implementation_guidelines_copy1.doc', 'application/msword', 'Technical Reports ', 5, '2008-10-17'),
(51, 'ACCESS -PERALS ', 'access_hrd_perals__workshop.pdf', 'application/pdf', 'Technical Reports ', 5, '2008-10-17'),
(52, 'Achievement of Women Economic Empowerment Programs of ACCU ', 'sept_17_presentation_aleli___with_accu_layout.pdf', 'application/pdf', 'Technical Reports ', 6, '2008-10-17'),
(53, 'Achievements and Policy Environment on Women Empowerment and Participation in Credit Unions ', 's_workshopsally.pdf', 'application/pdf', 'Technical Reports ', 6, '2008-10-17'),
(54, 'CUMI Experiances in The Philippines ', 'cumi_presentation_copy1.pdf', 'application/pdf', 'Technical Reports ', 6, '2008-10-17'),
(55, 'CULT Case Study', 'bdc_presentation_indonesia_without_photo.pdf', 'application/pdf', 'Technical Reports ', 6, '2008-10-17'),
(56, 'CULT Case study ', 'kruewan_accuwomanws_in_bali_edit_for_web.pdf', 'application/pdf', 'Technical Reports ', 6, '2008-10-17'),
(57, 'Gender Mainstreaming Policy Recommendations ', 'gender_mainstreaming_policy_recommendations.pdf', 'application/pdf', 'Technical Reports ', 6, '2008-10-17'),
(58, 'Building a Winning Organizational Culture - ', 'accu_forum__building_organization_centre.pdf', 'application/pdf', 'Technical Reports ', 7, '2008-10-17'),
(59, 'Recreating Credit Union Superior Value ', 'the_renaissance_of_credit_unions_as_of_jul_27_ranjith.pdf', 'application/pdf', 'Technical Reports ', 7, '2008-10-17'),
(60, 'E Finance Busienss of Korea NACUFK ', 's_efinance_businessaccu_agm_2007.pdf', 'application/pdf', 'Technical Reports ', 7, '2008-10-17'),
(61, 'Defining Democratic Principla ', 'defining_democratic_principla___pieter_mc_nair.pdf', 'application/pdf', 'Technical Reports ', 7, '2008-10-17'),
(62, 'Recreationg the Credit Union Superior Value ', 'recreating_the_credit_union_superior_value_for_members_and_community_mcveigh_keynote_bali_sep07.pdf', 'application/pdf', 'Technical Reports ', 7, '2008-10-17'),
(63, 'PROGRAM BOOK OPEN FORUM 2007', 'forum_program_asian_cu_forum_2007.pdf', 'application/pdf', 'Technical Reports ', 7, '2008-10-17'),
(64, 'CU Superior Value Rabobank ', 'accu_credit_union_superior_value__rabobank.pdf', 'application/pdf', 'Technical Reports ', 7, '2008-10-17'),
(65, 'Keynote Speech Honorable Guillermo P. Cua, Member of the House of Representatives, ', 'key_speech_accu_forum_2007mr_cua.pdf', 'application/pdf', 'Technical Reports ', 7, '2008-10-17'),
(66, 'Recreating Credit Union Superir Value ', 'recreating_the_credit_union_superior_value_for_members_and_community_mcveigh_keynote_bali_sep07_copy1.pdf', 'application/pdf', 'Technical Reports ', 7, '2008-10-17'),
(67, 'CCULB Bangladesh ', 'forum_2006_implemention_report_of_bangladesh.pdf', 'application/pdf', 'Technical Reports ', 7, '2008-10-17'),
(68, 'Recreating the Credit Union Superior Value in Local Communities ', 'accu_2007_forumgil_cua_presentation.pdf', 'application/pdf', 'Technical Reports ', 7, '2008-10-17'),
(69, 'CANADA’S CREDIT UNION SYSTEM ', 'ceo_workshop__bali_canadian_system_overview_ppt_sept_07_without_pictures.pdf', 'application/pdf', 'Technical Reports ', 7, '2008-10-17'),
(70, 'CU AS LEARNING ORGANIZATION ', 'thoby_mutis.pdf', 'application/pdf', 'Technical Reports ', 7, '2008-10-17'),
(71, 'An Ethick Tools for CEOs', 'jeongdo_management_accu_ceo_workshop.pdf', 'application/pdf', 'Technical Reports ', 8, '2008-10-19'),
(72, 'Strategies for Collaborations and Networking in the Cooperative System', 'strategies_for_collaboration_and_networking_philippines_sept.pdf', 'application/pdf', 'Technical Reports ', 9, '2008-10-19'),
(74, 'January -   March 2006', '', '', 'ACCU News 2006', 11, '2008-10-19'),
(75, 'ACCU News January - March 2006', 'accu_news_janmar_2006.pdf', 'application/pdf', 'ACCU News 2006', 12, '2008-10-19'),
(76, 'ACCU News April -June 2006 ', 'accu_news_april_to_june_2006.pdf', 'application/pdf', 'ACCU News Year', 13, '2008-10-19'),
(77, 'July - September  2006 ', '', '', 'ACCU News 2006', 14, '2008-10-19'),
(78, 'ACCU News October - December 2006 ', 'accu_news__oct_to_dec_2006.pdf', 'application/pdf', 'ACCU News 2006', 15, '2008-10-19'),
(79, 'ACCU News January - March 2007', 'accu_news_january_to_march_2007.pdf', 'application/pdf', 'ACCU News 2007', 16, '2008-10-19'),
(80, 'ACCU News April -June 2007', '', '', 'ACCU News 2007', 17, '2008-10-19'),
(81, 'July-September  2007', 'accu_news_july_to_september_2007__total.pdf', 'application/pdf', 'ACCU News 2007', 18, '2008-10-19'),
(82, 'ACCU News October  -  December 2007', 'accunews_october_to_december_2007.pdf', 'application/pdf', 'ACCU News 2007', 19, '2008-10-19'),
(83, 'ACCU News January -  March 2008', 'accu_news_january_to_march_2008.pdf', 'application/pdf', 'ACCU News 2008', 20, '2008-10-19'),
(84, 'ACCU News April - June 2008', '', '', 'ACCU News 2008', 21, '2008-10-19'),
(85, 'July  - September  2008', '', '', 'ACCU News 2008', 22, '2008-10-19'),
(86, 'ACCU News October  - December 2008', '', '', 'ACCU News 2008', 23, '2008-10-19'),
(87, 'Management Report January 2006 ', '', '', 'Management Report 2006', 24, '2008-10-19'),
(88, 'MAnagement Report February 2006', '', '', 'Management Report 2006', 25, '2008-10-19'),
(89, 'Management June 2006 ', '', '', 'Management Report 2006', 26, '2008-10-19'),
(90, 'March 2006', '', '', 'Management Report 2006', 27, '2008-10-19'),
(91, 'April  2006 ', '', '', 'Management Report 2006', 27, '2008-10-19'),
(92, 'May   2006 ', '', '', 'Management Report 2006', 27, '2008-10-19'),
(93, 'June  2006', '', '', 'Management Report 2006', 27, '2008-10-19'),
(94, 'July  2006', '', '', 'Management Report 2006', 27, '2008-10-19'),
(95, 'August  2006 ', '', '', 'Management Report 2006', 27, '2008-10-19'),
(96, 'September  2006 ', '', '', 'Management Report 2006', 27, '2008-10-19'),
(97, 'October  2006 ', '', '', 'Management Report 2006', 27, '2008-10-19'),
(98, 'October  2006 ', '', '', 'Management Report 2006', 27, '2008-10-19'),
(99, 'November 2006 ', '', '', 'Management Report 2006', 27, '2008-10-19'),
(100, 'December  2006 ', '', '', 'Management Report 2006', 27, '2008-10-19'),
(101, 'January 2007 ', '2007_january_management_report.pdf', 'application/pdf', 'Management Report 2007', 28, '2008-10-19'),
(102, 'February 2007', '2007_february_management_report.pdf', 'application/pdf', 'Management Report 2007', 28, '2008-10-19'),
(104, 'March 2007', '2007_march_management_report.pdf', 'application/pdf', 'Management Report 2007', 28, '2008-10-19'),
(105, 'April  2007 ', '2007_april_management_report.pdf', 'application/pdf', 'Management Report 2007', 28, '2008-10-19'),
(106, 'May   2007 ', '2007_may_management_report.pdf', 'application/pdf', 'Management Report 2007', 28, '2008-10-19'),
(107, 'June  2007', '2007_june_management_report.pdf', 'application/pdf', 'Management Report 2007', 28, '2008-10-19'),
(108, 'July  2007', '2007_july_management_report.pdf', 'application/pdf', 'Management Report 2007', 28, '2008-10-19'),
(109, 'August  2007 ', '2007_august_management_report.pdf', 'application/pdf', 'Management Report 2007', 28, '2008-10-19'),
(110, 'September  2007 ', '2007_september_management_report.pdf', 'application/pdf', 'Management Report 2007', 28, '2008-10-19'),
(111, 'October  2007 ', '2007_october_management_report.pdf', 'application/pdf', 'Management Report 2007', 28, '2008-10-19'),
(112, 'November 2007 ', '2007_november_management_report.pdf', 'application/pdf', 'Management Report 2007', 28, '2008-10-19'),
(113, 'December  2007 ', '2007_december_management_report.pdf', 'application/pdf', 'Management Report 2007', 28, '2008-10-19'),
(114, 'January 2008 ', '2008_january_management_report.pdf', 'application/pdf', 'Management Report 2008', 29, '2008-10-19'),
(115, 'February 2008', '2008_february_management_report.pdf', 'application/pdf', 'Management Report 2008', 29, '2008-10-19'),
(117, 'March 2008', '2008_march_management_report.pdf', 'application/pdf', 'Management Report 2008', 29, '2008-10-19'),
(118, 'April  2008 ', '2008_april_management_report.pdf', 'application/pdf', 'Management Report 2008', 29, '2008-10-19'),
(119, 'May   2008 ', '2008_may_management_report.pdf', 'application/pdf', 'Management Report 2008', 29, '2008-10-19'),
(120, 'June  2008', '2008_june_management_report_copy2.pdf', 'application/pdf', 'Management Report 2008', 29, '2008-10-19'),
(121, 'July  2008', '2008_july_management_report.pdf', 'application/pdf', 'Management Report 2008', 29, '2008-10-19'),
(122, 'August  2008 ', '2008_august_management_report.pdf', 'application/pdf', 'Management Report 2008', 29, '2008-10-19'),
(127, 'January -   March 2006 ', 'accu_news_janmar_2006_copy1.pdf', 'application/pdf', 'ACCU News 2006', 30, '2008-10-19'),
(128, 'April - June 2006 ', 'accu_news_april_to_june_2006_copy1.pdf', 'application/pdf', 'ACCU News 2006', 30, '2008-10-19'),
(129, 'July -September  2006 ', 'accu_news_.pdf', 'application/x-octetstream', 'ACCU News 2006', 30, '2008-10-19'),
(130, 'October  -  December 2006 ', 'accu_news__oct_to_dec_2006_copy1.pdf', 'application/pdf', 'ACCU News 2006', 30, '2008-10-19'),
(131, 'January -   March 2007', 'accu_news_january_to_march_2007_copy1.pdf', 'application/pdf', 'ACCU News 2007', 31, '2008-10-19'),
(132, 'April -June 2007', 'accu_news__april_to__june_2007.pdf', 'application/x-octetstream', 'ACCU News 2007', 31, '2008-10-19'),
(133, 'July -September  2007', 'accu_news_july_to_september_2007__total_copy1.pdf', 'application/pdf', 'ACCU News 2007', 31, '2008-10-19'),
(134, 'October  -  December 2007', 'accunews_october_to_december_2007_copy1.pdf', 'application/pdf', 'ACCU News 2007', 31, '2008-10-19'),
(135, 'January -  March 2008', 'accu_news_january_to_march_2008_copy1.pdf', 'application/pdf', 'ACCU News 2008', 32, '2008-10-19'),
(136, 'April -       June 2008', 'accu_news_april__june_2008_copy1.pdf', 'application/x-octetstream', 'ACCU News 2008', 32, '2008-10-19'),
(137, 'July  -       September  2008', 'july_to__septemer__2008_copy1.pdf', 'application/x-octetstream', 'ACCU News 2008', 32, '2008-10-19'),
(138, 'October  - December 2008', 'accu_news_october_to_december_2008_copy1.pdf', 'application/x-octetstream', 'ACCU News 2008', 32, '2008-10-19'),
(139, 'ACCU Management Report, Sept and October 2008', 'accu_management_report_sept_and_october_2008.pdf', 'application/x-octetstream', 'Management Report 2008', 29, '2008-10-31'),
(143, 'Preparing Leaders With Desirable Competencies ', 'cudcc__cuccc_2007_accu_presentation_as_of_aug_6.pdf', 'application/pdf', 'Technical Reports ', 7, '2008-11-02'),
(144, 'The Credit Union Future In  Asia', 'the_credit_union_future_in__asia_copy1.pdf', 'application/x-octetstream', 'Technical Reports ', 10, '2008-11-13'),
(145, 'STRATEGIES THAT CAPTURE VALUE', 'strategies_that_capture_value.pdf', 'application/x-octetstream', 'Technical Reports ', 10, '2008-11-13'),
(146, 'Standing Tall Among Giants', 'standing_tall_among_giants.pdf', 'application/x-octetstream', 'Technical Reports ', 10, '2008-11-13'),
(147, 'Solution to the Security Dilemma', 'solution_to_the_security_dilemma_of.pdf', 'application/x-octetstream', 'Technical Reports ', 10, '2008-11-13'),
(148, 'Risk Management Are Credit Unions', 'risk_management_are_credit_unions.pdf', 'application/x-octetstream', 'Technical Reports ', 10, '2008-11-13'),
(149, 'NACUFOK ptt in ACCU Forum', 'nacufok_ptt_in_accu_forum_copy1.pdf', 'application/x-octetstream', 'Technical Reports ', 10, '2008-11-13'),
(150, 'Exploring the Vacant or Underserved', 'exploring_the_vacant_or_underserved.pdf', 'application/x-octetstream', 'Technical Reports ', 10, '2008-11-13'),
(151, 'e-coop Credit Union Financial Services PLUS', 'ecoop_credit_union_financial_services_plus.pdf', 'application/x-octetstream', 'Technical Reports ', 10, '2008-11-13'),
(152, 'Do Credit Unions Have Meaningful', 'do_credit_unions_have_meaningful.pdf', 'application/x-octetstream', 'Technical Reports ', 10, '2008-11-13'),
(153, 'Do Competition and Technology', 'do_competition_and_technology.pdf', 'application/x-octetstream', 'Technical Reports ', 10, '2008-11-13'),
(154, 'Creating Smart Growth on the Underserved Market Smart Growth   ASA.', 'creating_smart_growth_on_the_underserved_market_smart_growth___asa.pdf', 'application/x-octetstream', 'Technical Reports ', 10, '2008-11-13'),
(155, 'Business Dev''t Center Nepal', 'business_devt_center_nepal.pdf', 'application/x-octetstream', 'Technical Reports ', 10, '2008-11-13'),
(156, 'Building up Credit Union Competence', 'building_up_credit_union_competence_in_the.pdf', 'application/x-octetstream', 'Technical Reports ', 10, '2008-11-13'),
(157, 'A Year After Recommendation 2007 CEO SANASA.', 'a_year_after_recommendation_2007_ceo_sanasa_copy1.pdf', 'application/x-octetstream', 'Technical Reports ', 10, '2008-11-13');

-- --------------------------------------------------------

--
-- Table structure for table `publication`
--

CREATE TABLE IF NOT EXISTS `publication` (
  `publication_id` int(11) NOT NULL auto_increment,
  `publication_cat_id` int(11) NOT NULL,
  `record_type` varchar(150) default NULL,
  `year` varchar(100) default NULL,
  `document_name` varchar(100) default NULL,
  `add_date` date default NULL,
  `update_date` date default NULL,
  PRIMARY KEY  (`publication_id`)
) ENGINE=InnoDB  DEFAULT CHARSET=latin1 AUTO_INCREMENT=33 ;

--
-- Dumping data for table `publication`
--

INSERT INTO `publication` (`publication_id`, `publication_cat_id`, `record_type`, `year`, `document_name`, `add_date`, `update_date`) VALUES
(1, 1, 'Annual Reports  ', '', ' Annual Reports ', '2008-10-16', NULL),
(2, 2, 'Technical Reports ', '', 'Technical Reports', '2008-10-17', NULL),
(3, 2, 'Technical Reports ', '2006', 'CU Open Forum Handouts - 2006 ', '2008-10-17', NULL),
(4, 2, 'Technical Reports ', '2007', 'Youth workshop  Handouts 2007', '2008-10-17', NULL),
(5, 2, 'Technical Reports ', '', 'Quality Assurance for Credit Union Excellence', '2008-10-17', NULL),
(6, 2, 'Technical Reports ', '2007', 'Workshop on Women Economic Empowerment 2007', '2008-10-17', NULL),
(7, 2, 'Technical Reports ', '2007', 'CU Open Forum Handout 2007', '2008-10-17', NULL),
(8, 2, 'Technical Reports ', '', 'CEO''s Workshop Building the CEOs Toolkit ', '2008-10-19', NULL),
(9, 2, 'Technical Reports ', '2007', ' Cooperative Convention 2007  Metro Manila', '2008-10-19', NULL),
(10, 2, 'Technical Reports ', '2008', 'CU Open Forum Handouts - 2008', '2008-10-19', NULL),
(28, 4, 'Management Report 2007', '2007', '2007 ', '2008-10-19', NULL),
(29, 4, 'Management Report 2008', '2008', '2008 ', '2008-10-19', NULL),
(30, 3, 'ACCU News 2006', '2006', ' 2006', '2008-10-19', NULL),
(31, 3, 'ACCU News 2007', '2007', ' 2007', '2008-10-19', NULL),
(32, 3, 'ACCU News 2008', '2008', ' 2008', '2008-10-19', NULL);

-- --------------------------------------------------------

--
-- Table structure for table `publication_catagary`
--

CREATE TABLE IF NOT EXISTS `publication_catagary` (
  `publication_cat_id` int(11) NOT NULL auto_increment,
  `pub_cat_name` varchar(150) NOT NULL,
  `description` text NOT NULL,
  `pub_cat_image` varchar(50) NOT NULL,
  `activation` varchar(20) NOT NULL,
  `add_date` date NOT NULL,
  `update_date` date NOT NULL,
  PRIMARY KEY  (`publication_cat_id`)
) ENGINE=InnoDB  DEFAULT CHARSET=latin1 AUTO_INCREMENT=5 ;

--
-- Dumping data for table `publication_catagary`
--

INSERT INTO `publication_catagary` (`publication_cat_id`, `pub_cat_name`, `description`, `pub_cat_image`, `activation`, `add_date`, `update_date`) VALUES
(1, 'Annual Reports ', 'Our annual report is a document presented to ACCU members, partners and public to provide information of achievements as against our plan. The report contains the President report, CEO’s report, Scorecard based on our Road Map, Governance, Membership, Financial Highlights, and Credit Union Development Outlook. Other information deemed relevant to stakeholders are also included such as short term project carried out by the Asian credit union movement. The December 26, 2004 Tsunami Rehabilitation project for credit unions is an example. ', 'annual_reports_copy1.jpg', 'Y', '2008-10-07', '2008-10-07'),
(2, 'Technical Reports', 'ACCU is very pleased to share our technical reports such as technical studies, case studies, comprehensive independent evaluation, proceedings of workshops and conferences, recommendations to the Asian Credit Union Forum, compilation of conference/workshop presentations, and management literature. It is our commitment to provide wide range of knowledge to our members to help them professionalize the operation of credit unions in Asia.', 'technical_reports_copy1.jpg', 'Y', '2008-10-07', '2008-10-07'),
(3, 'ACCU News', 'ACCU News is our quarterly means of communicating to our members, partners and credit unions. The 12-page newsletter provides highlights of events ACCU carried out at the regional and in-country level. It also provides news of member organizations in Asia, worldwide credit union news and future educational opportunities available for Asian credit unions. The news is issued (hard and soft copy) in January, April, July, and October.', 'news.jpg', 'Y', '2008-10-07', '2008-10-07'),
(4, 'Management Report', 'The Monthly Management Report provides highlights of ACCU activities for the month. The Management sees to it that the report is presented to the Board, Delegates, CEOs of member organizations and development partners by the 10th of each month. ', 'managment_reports.jpg', 'Y', '2008-11-13', '2008-11-13');

-- --------------------------------------------------------

--
-- Table structure for table `regulator`
--

CREATE TABLE IF NOT EXISTS `regulator` (
  `regulator_id` int(11) NOT NULL auto_increment,
  `member_id` int(11) NOT NULL,
  `title` varchar(50) NOT NULL,
  `reg_name` varchar(150) NOT NULL,
  `reg_desc` varchar(500) default NULL,
  `reg_address` varchar(500) default NULL,
  `add_date` date default NULL,
  `update_date` date default NULL,
  PRIMARY KEY  (`regulator_id`)
) ENGINE=InnoDB  DEFAULT CHARSET=latin1 AUTO_INCREMENT=17 ;

--
-- Dumping data for table `regulator`
--

INSERT INTO `regulator` (`regulator_id`, `member_id`, `title`, `reg_name`, `reg_desc`, `reg_address`, `add_date`, `update_date`) VALUES
(1, 1, 'Mr.', 'Md. Masud Elahi', 'Registrar & Additional Secretary\r\nDepartment of Cooperatives, Ministry of LGRD &\r\nCooperatives, Govt. of the People’s Republic of Bangladesh', 'Samabaya Bhaban, Plot No. F-10/A & 10B, Agargaon,', '2008-11-03', NULL),
(2, 2, 'Mr.', 'Edward Yuen ', 'Assistant Registrar of Credit Union (Acting)', 'No. 6/F, Cheung Sha Wan Government Officers 303,', '2008-11-03', NULL),
(3, 3, 'Mr.', 'Anil Diggikar', 'Commissioner', 'Co-Operative, Societies, Maharashtra State, India', '2008-11-03', NULL),
(4, 4, 'Mr.', 'Untung Tri Basuki', '', '', '2008-11-04', NULL),
(5, 4, 'Dr.', 'Pariaman Sinaga', 'Indonesian Cooperative Ministry Dept.Jl. HR. Rasuna\r\nSaid, Kav. 3-5, Jakarta, Indonesia', '', '2008-11-04', NULL),
(6, 6, 'Mr.', 'Bok-sup Jang', 'Cooperative Finance Supervision\r\nTeam Manager \r\nFinancial Supervisory Service (FSS)', 'No. 97, Yeoui-Daero, Yeongdeungpo-gu, Seoul, 150-743, Korea', '2008-11-04', NULL),
(7, 7, 'Mr.', 'Dato Mongsor Bin Saad', 'Executive Chairman\r\nMalaysian Cooperative Societies Commission', 'Block J, 5-7 Floor, Pusat Bandar Damansara,,50608 Kuala Lumpur, Malaysia', '2008-11-04', NULL),
(8, 8, 'Mr.', 'Tanka Mani Sharma', 'Sharma-Registrar\r\nDepartment of Cooperatives\r\n\r\nEmail: tmsharma@hotmail.com', '', '2008-11-04', NULL),
(9, 9, 'Mr.', 'Wilson Kamit', 'CBE-Registrar of Savings &\r\nLoan Societies and Governor of Bank of\r\nPapua New Guinea\r\nRegistrar of Savings and Loan Societies', 'P.O. Box 121, Port Moresby, NCD, Papua New Guinea', '2008-11-04', NULL),
(10, 11, 'Ms.', 'Lecira Juares', 'Chairperson\r\nCooperative Development Authority', '5th Floor Ben-Lor Bldg. No. 1184 Quezon Avenue, Quezon City, Philippines.', '2008-11-04', NULL),
(11, 12, 'Mr.', 'Gamini Kithsiri', 'Commissioner Register\r\nDepartment of Cooperative Development\r\nDepartment of Cooperative', 'P.O. Box 419 No. 327, Galle Road, Colombo 3, Sri Lanka', '2008-11-05', NULL),
(12, 13, 'Mr.', 'Lee, Yi-Yang', 'Minister', 'No.10, Syujhou Rd., Jhongjheng District, Taipei City 100, Taiwan, ROC', '2008-11-05', NULL),
(13, 14, 'Ms.', 'Supattra Thanaseneewat', 'Director General', 'Cooperative Promotion Dept. No. 12 Krungkasem Road, Wang-thewes, Pranakorn, Bangkok 10200 Thailand', '2008-11-05', NULL),
(14, 16, 'Dr.', 'Nguyen Van Giau', 'Vice Governor\r\nState Bank of Vietnam', '', '2008-11-05', NULL),
(15, 10, 'Ms.', 'Lecira Juares', '', '', '2008-11-14', NULL),
(16, 15, 'Ms.', 'Supattra Thanaseneewat', '', '', '2008-11-14', NULL);

-- --------------------------------------------------------

--
-- Table structure for table `upload_files`
--

CREATE TABLE IF NOT EXISTS `upload_files` (
  `file_id` int(11) NOT NULL auto_increment,
  `record_id` int(11) NOT NULL,
  `file_name` varchar(150) NOT NULL,
  `file_data` varchar(150) NOT NULL,
  `file_type` varchar(50) NOT NULL,
  `record_type` varchar(50) NOT NULL,
  PRIMARY KEY  (`file_id`)
) ENGINE=InnoDB  DEFAULT CHARSET=latin1 AUTO_INCREMENT=108 ;

--
-- Dumping data for table `upload_files`
--

INSERT INTO `upload_files` (`file_id`, `record_id`, `file_name`, `file_data`, `file_type`, `record_type`) VALUES
(2, 38, 'accu_management_report_july_2006.pdf', 'accu_management_report_july_2006.pdf', 'application/pdf', 'P'),
(3, 38, 'accu_management_report_june_2007.pdf', 'accu_management_report_june_2007.pdf', 'application/pdf', 'P'),
(4, 38, 'accu_management_report_july_2006_copy1.pdf', 'accu_management_report_july_2006_copy1.pdf', 'application/pdf', 'P'),
(6, 39, 'david__hume_millennium_development_goalsforum_2006_word.pdf', 'david__hume_millennium_development_goalsforum_2006_word.pdf', 'application/pdf', 'P'),
(7, 39, 'david_richradson_leading_and_managing_change__final_readonly.pdf', 'david_richradson_leading_and_managing_change__final_readonly.pdf', 'application/pdf', 'P'),
(10, 22, 'accu_forum__building_organization_centre.pdf', 'accu_forum__building_organization_centre.pdf', 'application/pdf', 'N'),
(11, 22, 'kiriwandeniya_leardership_presentation.pdf', 'kiriwandeniya_leardership_presentation.pdf', 'application/pdf', 'N'),
(12, 22, 'accu_management_report_january_2007.pdf', 'accu_management_report_january_2007.pdf', 'application/pdf', 'N'),
(13, 22, 'accu_management_report_june_2007.pdf', 'accu_management_report_june_2007.pdf', 'application/pdf', 'N'),
(15, 21, 'accu_management_report_july_2007_copy2.pdf', 'accu_management_report_july_2007_copy2.pdf', 'application/pdf', 'E'),
(16, 21, 'accu_management_report_january_2007.pdf', 'accu_management_report_january_2007.pdf', 'application/pdf', 'E'),
(17, 19, 'accu_management_report_july_2007_copy3.pdf', 'accu_management_report_july_2007_copy3.pdf', 'application/pdf', 'E'),
(18, 19, 'accu_management_report_january_2007_copy1.pdf', 'accu_management_report_january_2007_copy1.pdf', 'application/pdf', 'E'),
(19, 19, 'accu_management_report_march_2007_copy1.pdf', 'accu_management_report_march_2007_copy1.pdf', 'application/pdf', 'E'),
(22, 22, 'accu_management_report_july_2007_copy4.pdf', 'accu_management_report_july_2007_copy4.pdf', 'application/pdf', 'E'),
(23, 22, 'accu_management_report_july_2007_copy5.pdf', 'accu_management_report_july_2007_copy5.pdf', 'application/pdf', 'E'),
(24, 22, 'accu_management_report_july_2007_copy6.pdf', 'accu_management_report_july_2007_copy6.pdf', 'application/pdf', 'E'),
(25, 22, 'accu_management_report_march_2007_copy2.pdf', 'accu_management_report_march_2007_copy2.pdf', 'application/pdf', 'E'),
(26, 43, 'accu_forum__building_organization_centre.pdf', 'accu_forum__building_organization_centre.pdf', 'application/pdf', 'P'),
(27, 43, 'accu_management_report_july_2007_copy2.pdf', 'accu_management_report_july_2007_copy2.pdf', 'application/pdf', 'P'),
(28, 43, 'accu_management_report_july_2007_copy6.pdf', 'accu_management_report_july_2007_copy6.pdf', 'application/pdf', 'P'),
(29, 31, 'accu_management_report_july_2007_copy4_copy1.pdf', 'accu_management_report_july_2007_copy4_copy1.pdf', 'application/pdf', 'P'),
(30, 31, 'accu_management_report_july_2007_copy2_copy1.pdf', 'accu_management_report_july_2007_copy2_copy1.pdf', 'application/pdf', 'P'),
(33, 23, 'accu_management_report_july_2007_copy3.pdf', 'accu_management_report_july_2007_copy3.pdf', 'application/pdf', 'N'),
(34, 23, 'accu_management_report_july_2007.pdf', 'accu_management_report_july_2007.pdf', 'application/pdf', 'N'),
(35, 23, 'accu_management_report_july_2007_copy5_copy1.pdf', 'accu_management_report_july_2007_copy5_copy1.pdf', 'application/pdf', 'E'),
(36, 4, '2007_and_2008.pdf', '2007_and_2008.pdf', 'application/pdf', 'P'),
(37, 4, 'accu_management_report_july_2006.pdf', 'accu_management_report_july_2006.pdf', 'application/pdf', 'P'),
(38, 4, 'access_implementation_guidelines.doc', 'access_implementation_guidelines.doc', 'application/msword', 'P'),
(39, 7, 'Technical Reports 11', 'cuccc_final_draft_copy3.pdf', 'application/pdf', 'P'),
(40, 7, 'Technical Reports 11', 'david_richradson_leading_and_managing_change__final_readonly_copy1.pdf', 'application/pdf', 'P'),
(41, 9, '77777777777777777777', 'cuccc_final_draft.pdf', 'application/pdf', 'P'),
(42, 10, 'Annual Report2010_BB', 'image.jpg', '', 'P'),
(43, 11, 'January -   March 2006 ', 'accu_management_report_for_the_month_of_april_2007.pdf', 'application/pdf', 'P'),
(44, 12, 'April -        June 2006', 'accu_management_report_july_2006.pdf', 'application/pdf', 'P'),
(45, 13, 'July  -        September  2006 ', 'accu_management_report_july_2006_copy1.pdf', 'application/pdf', 'P'),
(46, 14, 'October  -  December 2006', 'david__hume_millennium_development_goalsforum_2006_word.pdf', 'application/pdf', 'P'),
(47, 15, 'October  -  December 2006 ', 'accu_management_report_june_2007.pdf', '', 'P'),
(48, 14, 'October  -  December 2006 ', 'accu_management_report_june_2007_copy1.pdf', 'application/pdf', 'P'),
(49, 14, 'October  -  December 2006 ', 'accu_management_report_june_2007_copy2.pdf', 'application/pdf', 'P'),
(50, 14, 'October  -  December 2006 ', 'david__hume_millennium_development_goalsforum_2006_word_copy1.pdf', 'application/pdf', 'P'),
(51, 1, 'asian_credit_union_forum_2008.pdf', 'asian_credit_union_forum_2008.pdf', 'application/pdf', 'E'),
(52, 1, 'asian_credit_union_forum_2008_dhaka_bangladesh_application_form.doc', 'asian_credit_union_forum_2008_dhaka_bangladesh_application_form.doc', 'application/msword', 'E'),
(53, 2, 'women_credit_union_microfinance_innovation.doc', 'women_credit_union_microfinance_innovation.doc', 'application/msword', 'E'),
(54, 3, 'ceos_workshop_2008__as_of_may_16_2008.pdf', 'ceos_workshop_2008__as_of_may_16_2008.pdf', 'application/pdf', 'E'),
(55, 4, 'credit_union_youth_marketing_workshop_sept_2008__bangladesh___as_of_may_2_2008.doc', 'credit_union_youth_marketing_workshop_sept_2008__bangladesh___as_of_may_2_2008.doc', 'application/msword', 'E'),
(56, 5, 'regulators_indo_china__as_may__20_th.pdf', 'regulators_indo_china__as_may__20_th.pdf', 'application/pdf', 'E'),
(57, 1, 'akuressa_pb.doc', 'akuressa_pb.doc', 'application/msword', 'N'),
(80, 2, 'BDC Manual', 'bdc_manual.pdf', 'application/x-octetstream', 'C'),
(81, 3, 'ACCESS Self Assessment Tool Final', 'access_self_assessment_tool_final.pdf', 'application/x-octetstream', 'C'),
(82, 4, 'CUDCCC Training', 'cudccc__training.pdf', 'application/x-octetstream', 'C'),
(83, 6, 'CUCCC Introduiction', 'cuccc__introduiction.pdf', 'application/x-octetstream', 'C'),
(84, 7, 'MF Training Manual Final', 'mf_training_manual_final.pdf', 'application/x-octetstream', 'C'),
(85, 1, 'Savings Products Description', 'savings_products_description.pdf', 'application/x-octetstream', 'C'),
(86, 1, 'Organization Policies', '1_organization_policies.pdf', 'application/x-octetstream', 'C'),
(87, 1, 'Credit Management Policy', 'credit_management_policy.pdf', 'application/x-octetstream', 'C'),
(88, 1, 'Financial Management', 'financial_management.pdf', 'application/x-octetstream', 'C'),
(89, 1, 'HRM Policy - revised', 'hrm_policy__revised.pdf', 'application/x-octetstream', 'C'),
(90, 1, 'STRATEGIC PLANING PAPER', 'strategic_planing_paper_1.pdf', 'application/x-octetstream', 'C'),
(91, 9, 'Youth Products ACCU', 'youth_products__accu.pdf', 'application/x-octetstream', 'C'),
(92, 13, 'Product Catalogue Design', 'product_catalogue_design.pdf', 'application/x-octetstream', 'C'),
(93, 10, 'Code of Cooperative Good Governance revised', 'code_of_cooperative_good_governance__revised.pdf', 'application/x-octetstream', 'C'),
(94, 14, 'Board of Directors Toolkit full for CCULB', 'board_of_directors_toolkit_full__for_cculb.pdf', 'application/x-octetstream', 'C'),
(95, 11, 'Manual of Supervision', 'manual_of_supervision.pdf', 'application/x-octetstream', 'C'),
(96, 5, 'Promotional Tools - Credit Union', 'promotional_tools__credit_union_copy1.pdf', 'application/x-octetstream', 'C'),
(97, 5, 'CU BY LAWS', 'cubylaws.pdf', 'application/x-octetstream', 'C'),
(98, 8, 'ACCU - CUMI User manual', 'accu__cumi_user_manual.pdf', 'application/x-octetstream', 'C'),
(99, 17, 'Test aTTECHMENT', 'annual_repot_20052006_copy1.pdf', 'application/x-octetstream', 'NRD'),
(101, 17, 'TEst 1', 'accu_news_april__june_2008.pdf', 'application/x-octetstream', 'NRN'),
(106, 0, 'Attachment aa', 'akuressa.doc', 'application/msword', 'C'),
(107, 1, 'Customer Care Guidelines', 'customer_care_guidelines.pdf', 'application/x-octetstream', 'C');

-- --------------------------------------------------------

--
-- Table structure for table `uses`
--

CREATE TABLE IF NOT EXISTS `uses` (
  `adminId` int(11) NOT NULL auto_increment,
  `userName` varchar(50) NOT NULL,
  `pass` varchar(50) NOT NULL,
  `email` varchar(50) NOT NULL,
  `active` varchar(15) NOT NULL,
  `reg_date` date NOT NULL,
  PRIMARY KEY  (`adminId`)
) ENGINE=InnoDB  DEFAULT CHARSET=latin1 AUTO_INCREMENT=7 ;

--
-- Dumping data for table `uses`
--

INSERT INTO `uses` (`adminId`, `userName`, `pass`, `email`, `active`, `reg_date`) VALUES
(3, 'Admin', '202cb962ac59075b964b07152d234b70', 'accu@aaccu.coop', '1', '2008-11-06'),
(6, 'Ranjith', '944de8673b0f2d1603a6ff33b18b8192', 'ranjith61@hotmail.com', '1', '2008-11-13');
